msg_type,mass,time,ax,ay,az,ax_local,ay_local,az_local,pitch,roll,yaw,vx,vy,vz,vx_local,vy_local,vz_local,x,y,z,qw,qx,qy,qz,apogee,baro_altitude,altitude,baro_pressure,baro_temperature,air_density,drag_coefficient,p,i,d,pid,brake_target_deployment
138,0.5,0.0,-1.9457201957702637,2.952845573425293,-0.2505321800708771,3.216190814971924,1.069685697555542,1.0390191078186035,0.34328633546829224,-0.136705219745636,1.806812047958374,0.0,0.0,0.0,0.0,0.0,0.0,0.0,0.0,0.0,0.5992537140846252,-0.17549341917037964,0.05261277034878731,0.7793075442314148,0.0,-0.11679857969284058,0.0,1021.9871215820312,8.076189041137695,1.2675378322601318,0.38999998569488525,0.0,0.0,0.0,0.0,0.0,-5.31827082372871e-10
138,0.5,0.0,-1.806817650794983,2.8758387565612793,-0.2493486851453781,3.1038079261779785,0.9923239946365356,0.989285945892334,0.34277576208114624,-0.13842719793319702,1.7958927154541016,0.0,0.0,0.0,0.0,0.0,0.0,0.0,0.0,0.0,0.6033892631530762,-0.17552872002124786,0.05274317413568497,0.7760933041572571,0.0,0.0,0.0,1021.978515625,8.072683334350586,1.2675429582595825,0.38999998569488525,0.0,0.0,0.0,0.0,0.0,1.401298464324817e-45
138,0.5,0.0,-1.8657000064849854,3.048649549484253,-0.286711722612381,3.2760071754455566,1.0437560081481934,1.017566442489624,0.34198853373527527,-0.1400894969701767,1.7848182916641235,0.0,0.0,0.0,0.0,0.0,0.0,0.0,0.0,0.0,0.6075946688652039,-0.1754406839609146,0.05282554775476456,0.7728198170661926,0.0,0.11581792682409286,0.0,1021.9640502929688,8.075020790100098,1.2675144672393799,0.38999998569488525,0.0,0.0,0.0,0.0,0.0,1.401298464324817e-45
138,0.5,0.0,-1.8789751529693604,2.917821168899536,-0.2717151939868927,3.1415655612945557,1.120951771736145,0.9959319233894348,0.34142133593559265,-0.14143961668014526,1.7744051218032837,0.0,0.0,0.0,0.0,0.0,0.0,0.0,0.0,0.0,0.6115373373031616,-0.17536213994026184,0.0530400387942791,0.7697066068649292,0.0,0.0,0.0,1021.97265625,8.07735824584961,1.2675145864486694,0.38999998569488525,0.0,0.0,0.0,0.0,0.0,1.401298464324817e-45
138,0.5,0.0,-1.8168535232543945,2.960150957107544,-0.2565613090991974,3.1516811847686768,1.0837790966033936,1.0106407403945923,0.34096166491508484,-0.14284802973270416,1.7634038925170898,0.0,0.0,0.0,0.0,0.0,0.0,0.0,0.0,0.0,0.6156757473945618,-0.17532871663570404,0.05331835895776749,0.7663887739181519,0.0,-0.09324267506599426,0.0,1021.9928588867188,8.078526496887207,1.2675343751907349,0.38999998569488525,0.0,0.0,0.0,0.0,0.0,1.401298464324817e-45
138,0.5,0.0,-1.8534691333770752,3.0278234481811523,-0.33271124958992004,3.234815835952759,1.1474391222000122,0.9658636450767517,0.33985814452171326,-0.144259974360466,1.752930998802185,0.0,0.0,0.0,0.0,0.0,0.0,0.0,0.0,0.0,0.6196464896202087,-0.17507204413414001,0.05334470048546791,0.7632390260696411,0.0,0.0,0.0,1021.9957885742188,8.076189041137695,1.2675485610961914,0.38999998569488525,0.0,0.0,0.0,0.0,0.0,1.401298464324817e-45
138,0.5,0.0,-1.7965724468231201,3.0314700603485107,-0.2067585438489914,3.1747095584869385,1.1100728511810303,1.0719026327133179,0.3387903571128845,-0.14561520516872406,1.7419909238815308,0.0,0.0,0.0,0.0,0.0,0.0,0.0,0.0,0.0,0.6237807273864746,-0.1748030185699463,0.05344361066818237,0.7599188685417175,0.0,-0.27972546219825745,0.0,1022.01025390625,8.078526496887207,1.2675559520721436,0.38999998569488525,0.0,0.0,0.0,0.0,0.0,1.401298464324817e-45
138,0.5,0.0,-1.748551845550537,3.039193630218506,-0.19953159987926483,3.160036325454712,1.0955225229263306,1.0713249444961548,0.33797866106033325,-0.1471232771873474,1.7311843633651733,0.0,0.0,0.0,0.0,0.0,0.0,0.0,0.0,0.0,0.6278125047683716,-0.1746845543384552,0.053554438054561615,0.7566109895706177,0.0,0.0,0.0,1021.9871215820312,8.07735824584961,1.2675325870513916,0.38999998569488525,0.0,0.0,0.0,0.0,0.0,1.401298464324817e-45
138,0.5,0.0,-1.8222395181655884,3.080946922302246,-0.1597328633069992,3.18412709236145,1.1889829635620117,1.1339037418365479,0.33670133352279663,-0.1486433446407318,1.7200597524642944,0.0,0.0,0.0,0.0,0.0,0.0,0.0,0.0,0.0,0.6319836974143982,-0.17439362406730652,0.05353719741106033,0.7531989216804504,0.0,0.3724915385246277,0.0,1021.9639282226562,8.080863952636719,1.2674880027770996,0.38999998569488525,0.0,0.0,0.0,0.0,0.0,1.401298464324817e-45
138,0.5,0.0,-1.7475849390029907,3.109103202819824,-0.19991402328014374,3.201535224914551,1.1511731147766113,1.0887106657028198,0.33547812700271606,-0.14994002878665924,1.7095119953155518,0.0,0.0,0.0,0.0,0.0,0.0,0.0,0.0,0.0,0.6359351277351379,-0.1740725338459015,0.053569529205560684,0.749937891960144,0.0,0.0,0.0,1021.9986572265625,8.07735824584961,1.2675468921661377,0.38999998569488525,0.0,0.0,0.0,0.0,0.0,1.401298464324817e-45
138,0.5,0.0,-1.6367430686950684,3.0366718769073486,-0.2159758061170578,3.112523078918457,1.0954104661941528,1.0290861129760742,0.3343910872936249,-0.15084998309612274,1.6982028484344482,0.0,0.0,0.0,0.0,0.0,0.0,0.0,0.0,0.0,0.6401764154434204,-0.17366144061088562,0.05385523661971092,0.7463958859443665,0.0,0.16244126856327057,0.0,1021.9727172851562,8.075020790100098,1.2675251960754395,0.38999998569488525,0.0,0.0,0.0,0.0,0.0,1.401298464324817e-45
138,0.5,0.0,-1.7151834964752197,3.0431220531463623,-0.23453716933727264,3.121680974960327,1.2077043056488037,1.0265456438064575,0.3330530524253845,-0.1520693600177765,1.6874672174453735,0.0,0.0,0.0,0.0,0.0,0.0,0.0,0.0,0.0,0.6441789269447327,-0.17327669262886047,0.053890109062194824,0.7430315017700195,0.0,0.0,0.0,1021.9784545898438,8.076189041137695,1.2675271034240723,0.38999998569488525,0.0,0.0,0.0,0.0,0.0,1.401298464324817e-45
138,0.5,0.0,-1.6771764755249023,3.017468214035034,-0.23449616134166718,3.0800588130950928,1.211315631866455,1.0093424320220947,0.33165809512138367,-0.15317490696907043,1.675966501235962,0.0,0.0,0.0,0.0,0.0,0.0,0.0,0.0,0.0,0.6484614014625549,-0.17281845211982727,0.05401155352592468,0.7393955588340759,0.0,-0.09324344247579575,0.0,1021.989990234375,8.078526496887207,1.2675307989120483,0.38999998569488525,0.0,0.0,0.0,0.0,0.0,1.401298464324817e-45
138,0.5,0.0,-1.5619466304779053,3.0224673748016357,-0.1602793186903,3.0375566482543945,1.1214512586593628,1.0564439296722412,0.33016887307167053,-0.15425769984722137,1.6650789976119995,0.0,0.0,0.0,0.0,0.0,0.0,0.0,0.0,0.0,0.652507483959198,-0.17233984172344208,0.05405331403017044,0.7359365820884705,0.0,0.0,0.0,1021.9813232421875,8.078526496887207,1.2675200700759888,0.38999998569488525,0.0,0.0,0.0,0.0,0.0,1.401298464324817e-45
138,0.5,0.0,-1.667220115661621,3.033705234527588,-0.2310991734266281,3.0664079189300537,1.2698673009872437,1.0103340148925781,0.32863396406173706,-0.15548984706401825,1.6534637212753296,0.0,0.0,0.0,0.0,0.0,0.0,0.0,0.0,0.0,0.6567927002906799,-0.1718788892030716,0.054083820432424545,0.7322209477424622,0.0,-0.07066850364208221,0.0,1021.9842529296875,8.076189041137695,1.2675342559814453,0.38999998569488525,0.0,0.0,0.0,0.0,0.0,1.401298464324817e-45
138,0.5,0.0,-1.5934232473373413,3.0060160160064697,-0.2390947788953781,3.0239458084106445,1.2370853424072266,0.9785040020942688,0.3271505832672119,-0.15653418004512787,1.642324686050415,0.0,0.0,0.0,0.0,0.0,0.0,0.0,0.0,0.0,0.6608949899673462,-0.17139257490634918,0.05415583774447441,0.7286295890808105,0.0,0.0,0.0,1022.00439453125,8.082032203674316,1.2675329446792603,0.38999998569488525,0.0,0.0,0.0,0.0,0.0,1.401298464324817e-45
138,0.5,0.0,-1.5717986822128296,2.9911046028137207,-0.199982687830925,2.982032060623169,1.2473515272140503,1.0043200254440308,0.32572704553604126,-0.1575787216424942,1.6308281421661377,0.0,0.0,0.0,0.0,0.0,0.0,0.0,0.0,0.0,0.6651023626327515,-0.17092229425907135,0.05427497625350952,0.72489333152771,0.0,0.0,0.0,1021.9986572265625,8.080863952636719,1.2675310373306274,0.38999998569488525,0.0,0.0,0.0,0.0,0.0,1.401298464324817e-45
138,0.5,0.0,-1.460275411605835,3.0191681385040283,-0.3041429817676544,3.02321720123291,1.184726595878601,0.8925620913505554,0.3239765167236328,-0.15848441421985626,1.619759440422058,0.0,0.0,0.0,0.0,0.0,0.0,0.0,0.0,0.0,0.6691733002662659,-0.17030645906925201,0.05429161712527275,0.7212812304496765,0.0,0.0,0.0,1021.989990234375,8.079694747924805,1.267525553703308,0.38999998569488525,0.0,0.0,0.0,0.0,0.0,1.401298464324817e-45
138,0.5,0.0,-1.5483628511428833,3.1197900772094727,-0.18523792922496796,3.0705182552337646,1.2813279628753662,1.046295166015625,0.3221125602722168,-0.15952564775943756,1.6079922914505005,0.0,0.0,0.0,0.0,0.0,0.0,0.0,0.0,0.0,0.6734732389450073,-0.16968262195587158,0.054274458438158035,0.7174170017242432,0.0,0.022575045004487038,0.0,1021.9784545898438,8.076189041137695,1.2675271034240723,0.38999998569488525,0.0,0.0,0.0,0.0,0.0,1.401298464324817e-45
138,0.5,0.0,-1.4842593669891357,3.0500054359436035,-0.1438017338514328,2.975511312484741,1.2534794807434082,1.049364686012268,0.320385217666626,-0.16030994057655334,1.5966483354568481,0.0,0.0,0.0,0.0,0.0,0.0,0.0,0.0,0.0,0.6776101589202881,-0.16903680562973022,0.05435511842370033,0.7136582732200623,0.0,0.0,0.0,1021.9871215820312,8.078526496887207,1.2675272226333618,0.38999998569488525,0.0,0.0,0.0,0.0,0.0,1.401298464324817e-45
138,0.5,0.0,-1.3784925937652588,3.0963003635406494,-0.20224766433238983,3.021806001663208,1.1922746896743774,0.9875180125236511,0.3184153139591217,-0.16135729849338531,1.5846548080444336,0.0,0.0,0.0,0.0,0.0,0.0,0.0,0.0,0.0,0.6819545030593872,-0.1683836430311203,0.05430664122104645,0.709666907787323,0.0,0.11680040508508682,0.0,1021.984130859375,8.084369659423828,1.267497181892395,0.38999998569488525,0.0,0.0,0.0,0.0,0.0,1.401298464324817e-45
138,0.5,0.0,-1.5032474994659424,3.061997175216675,-0.23643402755260468,2.987577199935913,1.357557773590088,0.9605733752250671,0.3162788152694702,-0.16204452514648438,1.57356595993042,0.0,0.0,0.0,0.0,0.0,0.0,0.0,0.0,0.0,0.6860002279281616,-0.16758079826831818,0.0542447492480278,0.7059528231620789,0.0,0.0,0.0,1021.9697875976562,8.078526496887207,1.2675057649612427,0.38999998569488525,0.0,0.0,0.0,0.0,0.0,1.401298464324817e-45
138,0.5,0.0,-1.3764050006866455,3.0632638931274414,-0.18525032699108124,2.9587032794952393,1.261820912361145,0.982896625995636,0.3139478862285614,-0.16243834793567657,1.5617101192474365,0.0,0.0,0.0,0.0,0.0,0.0,0.0,0.0,0.0,0.690335214138031,-0.1665952205657959,0.05427365377545357,0.7019467353820801,0.0,-0.1629314422607422,0.0,1021.9899291992188,8.084369659423828,1.2675044536590576,0.38999998569488525,0.0,0.0,0.0,0.0,0.0,1.401298464324817e-45
138,0.5,0.0,-1.2958619594573975,3.0426018238067627,-0.1811542958021164,2.925765037536621,1.2170377969741821,0.9633464813232422,0.31195297837257385,-0.16292698681354523,1.5505502223968506,0.0,0.0,0.0,0.0,0.0,0.0,0.0,0.0,0.0,0.6943674683570862,-0.16578109562397003,0.05432160571217537,0.6981484293937683,0.0,0.0,0.0,1021.989990234375,8.078526496887207,1.2675307989120483,0.38999998569488525,0.0,0.0,0.0,0.0,0.0,1.401298464324817e-45
138,0.5,0.0,-1.3292101621627808,3.113617181777954,-0.07308963686227798,2.9456541538238525,1.2686164379119873,1.0864145755767822,0.3094661235809326,-0.1637205183506012,1.5386039018630981,0.0,0.0,0.0,0.0,0.0,0.0,0.0,0.0,0.0,0.6986671090126038,-0.16489042341709137,0.05414498597383499,0.6940715909004211,0.0,0.09373467415571213,0.0,1021.9725341796875,8.084369659423828,1.267482876777649,0.38999998569488525,0.0,0.0,0.0,0.0,0.0,1.401298464324817e-45
138,0.5,0.0,-1.2424812316894531,3.0356807708740234,-0.18740849196910858,2.8955881595611572,1.237761378288269,0.9367867112159729,0.3071770966053009,-0.1641472429037094,1.5269941091537476,0.0,0.0,0.0,0.0,0.0,0.0,0.0,0.0,0.0,0.7028397917747498,-0.16395431756973267,0.05412983149290085,0.6900699734687805,0.0,0.0,0.0,1021.97265625,8.079694747924805,1.267504096031189,0.38999998569488525,0.0,0.0,0.0,0.0,0.0,1.401298464324817e-45
138,0.5,0.0,-1.3089991807937622,2.985924243927002,-0.14453987777233124,2.817401647567749,1.333491325378418,0.9664287567138672,0.3049532175064087,-0.1642926037311554,1.514954686164856,0.0,0.0,0.0,0.0,0.0,0.0,0.0,0.0,0.0,0.7071539163589478,-0.16293445229530334,0.054260604083538055,0.6858812570571899,0.0,0.023065807297825813,0.0,1021.987060546875,8.079694747924805,1.2675219774246216,0.38999998569488525,0.0,0.0,0.0,0.0,0.0,1.401298464324817e-45
138,0.5,0.0,-1.2191665172576904,3.041736364364624,-0.16468434035778046,2.867523670196533,1.2833906412124634,0.9464043378829956,0.30263444781303406,-0.16496680676937103,1.5033485889434814,0.0,0.0,0.0,0.0,0.0,0.0,0.0,0.0,0.0,0.7112594842910767,-0.16208717226982117,0.05413110926747322,0.6818349957466125,0.0,0.0,0.0,1021.9783935546875,8.079694747924805,1.2675111293792725,0.38999998569488525,0.0,0.0,0.0,0.0,0.0,1.401298464324817e-45
138,0.5,0.0,-1.228158950805664,3.021392822265625,-0.08413413912057877,2.808500051498413,1.3164467811584473,1.0116230249404907,0.30016013979911804,-0.1653095930814743,1.4910370111465454,0.0,0.0,0.0,0.0,0.0,0.0,0.0,0.0,0.0,0.7156199812889099,-0.16105788946151733,0.0541057214140892,0.6775045990943909,0.0,-0.25617310404777527,0.0,1021.9899291992188,8.083200454711914,1.2675096988677979,0.38999998569488525,0.0,0.0,0.0,0.0,0.0,1.401298464324817e-45
138,0.5,0.0,-1.1772342920303345,2.9389939308166504,-0.14225010573863983,2.736595630645752,1.3073019981384277,0.9195842742919922,0.29784536361694336,-0.1657552272081375,1.4791996479034424,0.0,0.0,0.0,0.0,0.0,0.0,0.0,0.0,0.0,0.7197723388671875,-0.16013698279857635,0.0540558323264122,0.6733152270317078,0.0,0.0,0.0,1021.984130859375,8.083200454711914,1.2675025463104248,0.38999998569488525,0.0,0.0,0.0,0.0,0.0,1.401298464324817e-45
138,0.5,0.0,-1.1725709438323975,2.930499315261841,-0.1397600620985031,2.7123606204986572,1.3388314247131348,0.9125479459762573,0.2952568829059601,-0.16592775285243988,1.4665381908416748,0.0,0.0,0.0,0.0,0.0,0.0,0.0,0.0,0.0,0.7242192029953003,-0.15901200473308563,0.05405241623520851,0.6687986254692078,0.0,-0.25617310404777527,0.0,1021.987060546875,8.082032203674316,1.2675113677978516,0.38999998569488525,0.0,0.0,0.0,0.0,0.0,1.401298464324817e-45
138,0.5,0.0,-1.048895001411438,2.9342570304870605,-0.05593971163034439,2.689937114715576,1.2383406162261963,0.9714712500572205,0.29286372661590576,-0.16658367216587067,1.4544966220855713,0.0,0.0,0.0,0.0,0.0,0.0,0.0,0.0,0.0,0.7283766269683838,-0.15814919769763947,0.05390007421374321,0.6644866466522217,0.0,0.0,0.0,1021.984130859375,8.082032203674316,1.267507791519165,0.38999998569488525,0.0,0.0,0.0,0.0,0.0,1.401298464324817e-45
138,0.5,0.0,-1.172804594039917,2.9793496131896973,-0.19466499984264374,2.742439031600952,1.422254204750061,0.8636736273765564,0.2900419533252716,-0.1669229418039322,1.4419151544570923,0.0,0.0,0.0,0.0,0.0,0.0,0.0,0.0,0.0,0.7327456474304199,-0.15702584385871887,0.053725723177194595,0.6599481701850891,0.0,0.023556767031550407,0.0,1021.9898681640625,8.085537910461426,1.2674990892410278,0.38999998569488525,0.0,0.0,0.0,0.0,0.0,1.401298464324817e-45
138,0.5,0.0,-1.0087679624557495,2.9180705547332764,-0.1007862463593483,2.663694381713867,1.2753965854644775,0.9060015678405762,0.2870056927204132,-0.1671910583972931,1.4299591779708862,0.0,0.0,0.0,0.0,0.0,0.0,0.0,0.0,0.0,0.736903190612793,-0.15583287179470062,0.0534331351518631,0.6556112766265869,0.0,0.0,0.0,1021.984130859375,8.085537910461426,1.2674919366836548,0.38999998569488525,0.0,0.0,0.0,0.0,0.0,1.401298464324817e-45
138,0.5,0.0,-1.0247275829315186,2.9334566593170166,-0.11627963930368423,2.6651058197021484,1.330759882926941,0.8915615677833557,0.2840992510318756,-0.16759906709194183,1.4174226522445679,0.0,0.0,0.0,0.0,0.0,0.0,0.0,0.0,0.0,0.7412014007568359,-0.15472625195980072,0.05317656695842743,0.6510331630706787,0.0,-0.11581900715827942,0.0,1021.984130859375,8.082032203674316,1.267507791519165,0.38999998569488525,0.0,0.0,0.0,0.0,0.0,1.401298464324817e-45
138,0.5,0.0,-1.0380933284759521,2.996581554412842,-0.06281951814889908,2.693047285079956,1.3769601583480835,0.9551916718482971,0.28096312284469604,-0.16778264939785004,1.4054512977600098,0.0,0.0,0.0,0.0,0.0,0.0,0.0,0.0,0.0,0.7453227043151855,-0.15348787605762482,0.052849967032670975,0.6466327905654907,0.0,0.0,0.0,1021.9783325195312,8.085537910461426,1.2674847841262817,0.38999998569488525,0.0,0.0,0.0,0.0,0.0,1.401298464324817e-45
138,0.5,0.0,-0.9328321218490601,2.940044641494751,-0.1767445057630539,2.671968936920166,1.322102427482605,0.8110119104385376,0.27796033024787903,-0.1679135411977768,1.3926501274108887,0.0,0.0,0.0,0.0,0.0,0.0,0.0,0.0,0.0,0.749675989151001,-0.15225869417190552,0.05264141410589218,0.6418905258178711,0.0,-0.047113168984651566,0.0,1021.9754638671875,8.084369659423828,1.2674864530563354,0.38999998569488525,0.0,0.0,0.0,0.0,0.0,1.401298464324817e-45
138,0.5,0.0,-0.9287868738174438,2.8632121086120605,-0.01709369570016861,2.5411465167999268,1.3171701431274414,0.9318820834159851,0.2747405767440796,-0.16800060868263245,1.3801727294921875,0.0,0.0,0.0,0.0,0.0,0.0,0.0,0.0,0.0,0.7539149522781372,-0.1509629637002945,0.05232532322406769,0.6372409462928772,0.0,0.0,0.0,1021.9725341796875,8.084369659423828,1.267482876777649,0.38999998569488525,0.0,0.0,0.0,0.0,0.0,1.401298464324817e-45
138,0.5,0.0,-0.8329595327377319,2.867036819458008,-0.045819319784641266,2.5550341606140137,1.2641712427139282,0.8884483575820923,0.2716449797153473,-0.16832976043224335,1.3673087358474731,0.0,0.0,0.0,0.0,0.0,0.0,0.0,0.0,0.0,0.7582175135612488,-0.14979666471481323,0.05199536308646202,0.6324201226234436,0.0,0.023065999150276184,0.0,1021.9696655273438,8.083200454711914,1.2674845457077026,0.38999998569488525,0.0,0.0,0.0,0.0,0.0,1.401298464324817e-45
138,0.5,0.0,-0.863701581954956,2.8768186569213867,0.04475494474172592,2.519237995147705,1.314929485321045,0.9738151431083679,0.2686117887496948,-0.16824188828468323,1.3550870418548584,0.0,0.0,0.0,0.0,0.0,0.0,0.0,0.0,0.0,0.7623122334480286,-0.14851728081703186,0.051759909838438034,0.6278018355369568,0.0,0.0,0.0,1021.9783325195312,8.084369659423828,1.267490029335022,0.38999998569488525,0.0,0.0,0.0,0.0,0.0,1.401298464324817e-45
138,0.5,0.0,-0.8620927333831787,2.876789093017578,-0.0541706457734108,2.5298376083374023,1.364720344543457,0.8714126348495483,0.2651733160018921,-0.16803312301635742,1.3423253297805786,0.0,0.0,0.0,0.0,0.0,0.0,0.0,0.0,0.0,0.7665854096412659,-0.14706309139728546,0.051429927349090576,0.6229491829872131,0.0,-0.02355671115219593,0.0,1021.9869995117188,8.085537910461426,1.2674955129623413,0.38999998569488525,0.0,0.0,0.0,0.0,0.0,1.401298464324817e-45
138,0.5,0.0,-0.7655643820762634,2.778820753097534,-0.022465743124485016,2.435777425765991,1.2812069654464722,0.85661780834198,0.26205703616142273,-0.16817232966423035,1.3298542499542236,0.0,0.0,0.0,0.0,0.0,0.0,0.0,0.0,0.0,0.7706853747367859,-0.14585702121257782,0.05108102411031723,0.618184506893158,0.0,0.0,0.0,1021.9754638671875,8.083200454711914,1.2674916982650757,0.38999998569488525,0.0,0.0,0.0,0.0,0.0,1.401298464324817e-45
138,0.5,0.0,-0.8285995721817017,2.818591594696045,-0.057136572897434235,2.451096296310425,1.3900853395462036,0.833031415939331,0.25836482644081116,-0.1681344211101532,1.3169410228729248,0.0,0.0,0.0,0.0,0.0,0.0,0.0,0.0,0.0,0.7749462127685547,-0.14440925419330597,0.05057833716273308,0.6132190227508545,0.0,-0.13937699794769287,0.0,1022.0043334960938,8.087875366210938,1.26750648021698,0.38999998569488525,0.0,0.0,0.0,0.0,0.0,1.401298464324817e-45
138,0.5,0.0,-0.7806228995323181,2.7827422618865967,-0.027357138693332672,2.4059293270111084,1.364565372467041,0.8385101556777954,0.25511103868484497,-0.1675628274679184,1.3045411109924316,0.0,0.0,0.0,0.0,0.0,0.0,0.0,0.0,0.0,0.7790213227272034,-0.1429082304239273,0.050358209758996964,0.608406662940979,0.0,0.0,0.0,1021.99560546875,8.089043617248535,1.2674903869628906,0.38999998569488525,0.0,0.0,0.0,0.0,0.0,1.401298464324817e-45
138,0.5,0.0,-0.7111091613769531,2.711324691772461,-0.00791172031313181,2.335852861404419,1.3132774829864502,0.8221802115440369,0.25150415301322937,-0.16729378700256348,1.291147232055664,0.0,0.0,0.0,0.0,0.0,0.0,0.0,0.0,0.0,0.783368706703186,-0.14140503108501434,0.049959827214479446,0.6031862497329712,0.0,-0.046132221817970276,0.0,1021.9927368164062,8.087875366210938,1.2674920558929443,0.38999998569488525,0.0,0.0,0.0,0.0,0.0,1.401298464324817e-45
138,0.5,0.0,-0.6271634697914124,2.722813129425049,-0.06448081880807877,2.368068218231201,1.2772108316421509,0.7563432455062866,0.24808970093727112,-0.1671280562877655,1.278459072113037,0.0,0.0,0.0,0.0,0.0,0.0,0.0,0.0,0.0,0.7874456644058228,-0.1400272250175476,0.04954014718532562,0.5982131361961365,0.0,0.0,0.0,1021.9725341796875,8.086706161499023,1.267472267150879,0.38999998569488525,0.0,0.0,0.0,0.0,0.0,1.401298464324817e-45
138,0.5,0.0,-0.7442979216575623,2.7419681549072266,0.05327793210744858,2.307023286819458,1.4087172746658325,0.8764855265617371,0.2446843683719635,-0.16646240651607513,1.2653169631958008,0.0,0.0,0.0,0.0,0.0,0.0,0.0,0.0,0.0,0.7916571497917175,-0.1384536176919937,0.04928826913237572,0.5930190682411194,0.0,0.20907168090343475,0.0,1021.9552001953125,8.085537910461426,1.2674560546875,0.38999998569488525,0.0,0.0,0.0,0.0,0.0,1.401298464324817e-45
138,0.5,0.0,-0.619239091873169,2.6637744903564453,0.03353019803762436,2.260857343673706,1.3039640188217163,0.8175269365310669,0.241336852312088,-0.16586901247501373,1.2527992725372314,0.0,0.0,0.0,0.0,0.0,0.0,0.0,0.0,0.0,0.7956387400627136,-0.13694941997528076,0.04897711053490639,0.5880447626113892,0.0,0.0,0.0,1021.99560546875,8.091381072998047,1.2674798965454102,0.38999998569488525,0.0,0.0,0.0,0.0,0.0,1.401298464324817e-45
138,0.5,0.0,-0.6052803993225098,2.6732819080352783,0.038139306008815765,2.2567965984344482,1.3268663883209229,0.8126614689826965,0.23713627457618713,-0.16431382298469543,1.239484429359436,0.0,0.0,0.0,0.0,0.0,0.0,0.0,0.0,0.0,0.7999445796012878,-0.13480821251869202,0.04863717779517174,0.5827016234397888,0.0,-0.11680293828248978,0.0,1021.99853515625,8.087875366210938,1.267499327659607,0.38999998569488525,0.0,0.0,0.0,0.0,0.0,1.401298464324817e-45
138,0.5,0.0,-0.5528695583343506,2.5982489585876465,0.12963958084583282,2.1682491302490234,1.2734018564224243,0.8662504553794861,0.23311349749565125,-0.16304807364940643,1.2266244888305664,0.0,0.0,0.0,0.0,0.0,0.0,0.0,0.0,0.0,0.8040456175804138,-0.13285383582115173,0.048229388892650604,0.5775169134140015,0.0,0.0,0.0,1022.0043334960938,8.087875366210938,1.26750648021698,0.38999998569488525,0.0,0.0,0.0,0.0,0.0,1.401298464324817e-45
138,0.5,0.0,-0.511137068271637,2.578638792037964,0.05461784452199936,2.1660852432250977,1.2736459970474243,0.7742123007774353,0.22836729884147644,-0.1613650918006897,1.2131491899490356,0.0,0.0,0.0,0.0,0.0,0.0,0.0,0.0,0.0,0.8083617687225342,-0.1305246204137802,0.04766172915697098,0.5720440745353699,0.0,-0.06968873739242554,0.0,1022.0014038085938,8.087875366210938,1.2675029039382935,0.38999998569488525,0.0,0.0,0.0,0.0,0.0,1.401298464324817e-45
138,0.5,0.0,-0.3099018633365631,2.510791540145874,0.15374179184436798,2.137545585632324,1.0801368951797485,0.8293631076812744,0.22462324798107147,-0.16049525141716003,1.1999289989471436,0.0,0.0,0.0,0.0,0.0,0.0,0.0,0.0,0.0,0.8124400973320007,-0.12882065773010254,0.04723010212182999,0.5666630864143372,0.0,0.0,0.0,1022.0042724609375,8.091381072998047,1.2674906253814697,0.38999998569488525,0.0,0.0,0.0,0.0,0.0,1.401298464324817e-45
138,0.5,0.0,-0.4740552008152008,2.5261592864990234,0.06190582364797592,2.0975027084350586,1.2855722904205322,0.7468022704124451,0.2204296886920929,-0.15929043292999268,1.1859400272369385,0.0,0.0,0.0,0.0,0.0,0.0,0.0,0.0,0.0,0.8167461156845093,-0.12684990465641022,0.046734943985939026,0.5609297752380371,0.0,0.000490769452881068,0.0,1021.9840087890625,8.090211868286133,1.2674707174301147,0.38999998569488525,0.0,0.0,0.0,0.0,0.0,1.401298464324817e-45
138,0.5,0.0,-0.34617042541503906,2.4274637699127197,0.09601017087697983,2.033139944076538,1.158281683921814,0.7390908002853394,0.2166995257139206,-0.15936069190502167,1.1723392009735107,0.0,0.0,0.0,0.0,0.0,0.0,0.0,0.0,0.0,0.8207878470420837,-0.12554916739463806,0.04602843523025513,0.555353581905365,0.0,0.0,0.0,1021.9927368164062,8.089043617248535,1.267486810684204,0.38999998569488525,0.0,0.0,0.0,0.0,0.0,1.401298464324817e-45
138,0.5,0.0,-0.45124852657318115,2.359160900115967,0.10616298764944077,1.9128386974334717,1.2594376802444458,0.7316416501998901,0.21312794089317322,-0.15930525958538055,1.1581064462661743,0.0,0.0,0.0,0.0,0.0,0.0,0.0,0.0,0.0,0.8249596357345581,-0.12423979490995407,0.045446280390024185,0.5494833588600159,0.0,0.18600720167160034,0.0,1021.978271484375,8.089043617248535,1.2674689292907715,0.38999998569488525,0.0,0.0,0.0,0.0,0.0,1.401298464324817e-45
138,0.5,0.0,-0.4399852752685547,2.4533252716064453,0.12587638199329376,1.9809311628341675,1.3094929456710815,0.7676408886909485,0.20974262058734894,-0.1591680645942688,1.1447148323059082,0.0,0.0,0.0,0.0,0.0,0.0,0.0,0.0,0.0,0.8288511037826538,-0.1229790449142456,0.04489625617861748,0.5439282059669495,0.0,0.0,0.0,1021.9696044921875,8.086706161499023,1.2674686908721924,0.38999998569488525,0.0,0.0,0.0,0.0,0.0,1.401298464324817e-45
138,0.5,0.0,-0.40085822343826294,2.3766677379608154,0.0953340157866478,1.9174443483352661,1.2797733545303345,0.7097976207733154,0.20611247420310974,-0.15893886983394623,1.1302905082702637,0.0,0.0,0.0,0.0,0.0,0.0,0.0,0.0,0.0,0.8330017328262329,-0.12160549312829971,0.04431591555476189,0.537910521030426,0.0,0.09226660430431366,0.0,1021.9667358398438,8.086706161499023,1.2674651145935059,0.38999998569488525,0.0,0.0,0.0,0.0,0.0,1.401298464324817e-45
138,0.5,0.0,-0.4699772894382477,2.3864588737487793,0.0510081872344017,1.8882991075515747,1.3815491199493408,0.6664932370185852,0.20232346653938293,-0.15894818305969238,1.1164581775665283,0.0,0.0,0.0,0.0,0.0,0.0,0.0,0.0,0.0,0.836944043636322,-0.12031787633895874,0.043551795184612274,0.5321117639541626,0.0,0.0,0.0,1021.9696044921875,8.089043617248535,1.267458200454712,0.38999998569488525,0.0,0.0,0.0,0.0,0.0,1.401298464324817e-45
138,0.5,0.0,-0.34992218017578125,2.338096857070923,0.16571612656116486,1.8573834896087646,1.2654863595962524,0.7517849206924438,0.19835293292999268,-0.15869136154651642,1.1020796298980713,0.0,0.0,0.0,0.0,0.0,0.0,0.0,0.0,0.0,0.8410139083862305,-0.1188761442899704,0.04279732331633568,0.5260456204414368,0.0,0.1393829584121704,0.0,1021.9609375,8.087875366210938,1.2674527168273926,0.38999998569488525,0.0,0.0,0.0,0.0,0.0,1.401298464324817e-45
138,0.5,0.0,-0.3172159790992737,2.3135783672332764,0.12817759811878204,1.841804027557373,1.2597308158874512,0.700317919254303,0.1944875419139862,-0.15796151757240295,1.0884376764297485,0.0,0.0,0.0,0.0,0.0,0.0,0.0,0.0,0.0,0.8448659181594849,-0.11729330569505692,0.0421488955616951,0.5202489495277405,0.0,0.0,0.0,1021.9724731445312,8.089043617248535,1.2674616575241089,0.38999998569488525,0.0,0.0,0.0,0.0,0.0,1.401298464324817e-45
138,0.5,0.0,-0.35923510789871216,2.267194986343384,0.04773803800344467,1.779798150062561,1.3181257247924805,0.6052051782608032,0.19027598202228546,-0.15717686712741852,1.073866844177246,0.0,0.0,0.0,0.0,0.0,0.0,0.0,0.0,0.0,0.8489367961883545,-0.11559497565031052,0.04140033945441246,0.5140247344970703,0.0,0.1629408299922943,0.0,1021.9638061523438,8.090211868286133,1.267445683479309,0.38999998569488525,0.0,0.0,0.0,0.0,0.0,1.401298464324817e-45
138,0.5,0.0,-0.37968239188194275,2.256364583969116,0.19664473831653595,1.7151895761489868,1.335199236869812,0.7411386370658875,0.18654339015483856,-0.15659452974796295,1.0599063634872437,0.0,0.0,0.0,0.0,0.0,0.0,0.0,0.0,0.0,0.8527621626853943,-0.11413045972585678,0.04074894264340401,0.508037269115448,0.0,0.0,0.0,1021.9551391601562,8.090211868286133,1.2674349546432495,0.38999998569488525,0.0,0.0,0.0,0.0,0.0,1.401298464324817e-45
138,0.5,0.0,-0.22433599829673767,2.1658778190612793,0.1878337413072586,1.6974849700927734,1.1870677471160889,0.6971136331558228,0.1824660748243332,-0.1559945046901703,1.0450690984725952,0.0,0.0,0.0,0.0,0.0,0.0,0.0,0.0,0.0,0.8567829132080078,-0.11257068067789078,0.039983950555324554,0.5016409158706665,0.0,-0.06968960165977478,0.0,1021.978271484375,8.089043617248535,1.2674689292907715,0.38999998569488525,0.0,0.0,0.0,0.0,0.0,1.401298464324817e-45
138,0.5,0.0,-0.25657516717910767,2.1771116256713867,0.14559073746204376,1.6822564601898193,1.253424882888794,0.6524559855461121,0.17864878475666046,-0.15456070005893707,1.0310616493225098,0.0,0.0,0.0,0.0,0.0,0.0,0.0,0.0,0.0,0.8605771064758301,-0.11074835062026978,0.039471253752708435,0.4955555200576782,0.0,0.0,0.0,1021.9696044921875,8.090211868286133,1.2674528360366821,0.38999998569488525,0.0,0.0,0.0,0.0,0.0,1.401298464324817e-45
138,0.5,0.0,-0.21449224650859833,2.0561065673828125,0.23352713882923126,1.5697574615478516,1.1715584993362427,0.7009655237197876,0.1744242161512375,-0.1533849835395813,1.0163084268569946,0.0,0.0,0.0,0.0,0.0,0.0,0.0,0.0,0.0,0.8645145297050476,-0.1089378371834755,0.03873494639992714,0.48911964893341064,0.0,0.11582417041063309,0.0,1021.978271484375,8.089043617248535,1.2674689292907715,0.38999998569488525,0.0,0.0,0.0,0.0,0.0,1.401298464324817e-45
138,0.5,0.0,-0.34112825989723206,2.0657711029052734,0.15149016678333282,1.5086333751678467,1.3210407495498657,0.6209087371826172,0.1703195571899414,-0.15238936245441437,1.0020525455474854,0.0,0.0,0.0,0.0,0.0,0.0,0.0,0.0,0.0,0.8682622313499451,-0.1072593703866005,0.03795621544122696,0.48287343978881836,0.0,0.0,0.0,1021.9898071289062,8.090211868286133,1.2674779891967773,0.38999998569488525,0.0,0.0,0.0,0.0,0.0,1.401298464324817e-45
138,0.5,0.0,-0.19415083527565002,2.0042836666107178,0.2436341792345047,1.503050446510315,1.1774858236312866,0.6844705939292908,0.16602252423763275,-0.15152645111083984,0.9866312742233276,0.0,0.0,0.0,0.0,0.0,0.0,0.0,0.0,0.0,0.8722409009933472,-0.1055884063243866,0.03710082173347473,0.4760900139808655,0.0,0.0009815349476411939,0.0,1021.975341796875,8.091381072998047,1.267454743385315,0.38999998569488525,0.0,0.0,0.0,0.0,0.0,1.401298464324817e-45
138,0.5,0.0,-0.1960451602935791,2.0125255584716797,0.2405519038438797,1.492969274520874,1.208456039428711,0.6761388778686523,0.1620059311389923,-0.15015827119350433,0.9721789956092834,0.0,0.0,0.0,0.0,0.0,0.0,0.0,0.0,0.0,0.875945508480072,-0.10379697382450104,0.03641371428966522,0.469692587852478,0.0,0.0,0.0,1021.9667358398438,8.089043617248535,1.2674546241760254,0.38999998569488525,0.0,0.0,0.0,0.0,0.0,1.401298464324817e-45
138,0.5,0.0,-0.2242107093334198,2.0320498943328857,0.175505593419075,1.4853934049606323,1.2778193950653076,0.6091069579124451,0.15750868618488312,-0.14829401671886444,0.956929624080658,0.0,0.0,0.0,0.0,0.0,0.0,0.0,0.0,0.0,0.8798326849937439,-0.10167909413576126,0.03564521670341492,0.462900310754776,0.0,0.06969036906957626,0.0,1021.9666748046875,8.090211868286133,1.2674492597579956,0.38999998569488525,0.0,0.0,0.0,0.0,0.0,1.401298464324817e-45
138,0.5,0.0,-0.12398932874202728,1.859062671661377,0.21469397842884064,1.3813003301620483,1.1176191568374634,0.6003820896148682,0.153425931930542,-0.1464603841304779,0.9423080682754517,0.0,0.0,0.0,0.0,0.0,0.0,0.0,0.0,0.0,0.8834944367408752,-0.09969501197338104,0.034992195665836334,0.456361323595047,0.0,0.0,0.0,1021.972412109375,8.092549324035645,1.2674458026885986,0.38999998569488525,0.0,0.0,0.0,0.0,0.0,1.401298464324817e-45
138,0.5,0.0,-0.13047508895397186,1.8651622533798218,0.197234109044075,1.3683472871780396,1.1527948379516602,0.5773950815200806,0.1491207480430603,-0.14479003846645355,0.9268888235092163,0.0,0.0,0.0,0.0,0.0,0.0,0.0,0.0,0.0,0.8872837424278259,-0.0977349653840065,0.034214917570352554,0.44944000244140625,0.0,0.11631593108177185,0.0,1021.9752807617188,8.093717575073242,1.267444133758545,0.38999998569488525,0.0,0.0,0.0,0.0,0.0,1.401298464324817e-45
138,0.5,0.0,-0.13849303126335144,1.7973273992538452,0.209929421544075,1.2922393083572388,1.1398956775665283,0.569503903388977,0.14496804773807526,-0.14335492253303528,0.9121475219726562,0.0,0.0,0.0,0.0,0.0,0.0,0.0,0.0,0.0,0.8908438086509705,-0.09594119340181351,0.033393021672964096,0.44279664754867554,0.0,0.0,0.0,1021.9522094726562,8.091381072998047,1.2674260139465332,0.38999998569488525,0.0,0.0,0.0,0.0,0.0,1.401298464324817e-45
138,0.5,0.0,-0.11966080218553543,1.74048912525177,0.3013553321361542,1.229858160018921,1.1004396677017212,0.640986442565918,0.1407528668642044,-0.14214777946472168,0.8964875936508179,0.0,0.0,0.0,0.0,0.0,0.0,0.0,0.0,0.0,0.8945410847663879,-0.09423786401748657,0.03251184895634651,0.4357176721096039,0.0,0.0004907755646854639,0.0,1021.972412109375,8.092549324035645,1.2674458026885986,0.38999998569488525,0.0,0.0,0.0,0.0,0.0,1.401298464324817e-45
138,0.5,0.0,-0.08435462415218353,1.808725357055664,0.19966693222522736,1.302842617034912,1.149803638458252,0.5467770099639893,0.13643473386764526,-0.1404743492603302,0.881791353225708,0.0,0.0,0.0,0.0,0.0,0.0,0.0,0.0,0.0,0.8979962468147278,-0.09233783930540085,0.03161490336060524,0.42903172969818115,0.0,0.0,0.0,1021.9636840820312,8.096055030822754,1.2674192190170288,0.38999998569488525,0.0,0.0,0.0,0.0,0.0,1.401298464324817e-45
138,0.5,0.0,-0.03663424775004387,1.739122748374939,0.279053658246994,1.252871036529541,1.0818231105804443,0.6030600666999817,0.13202393054962158,-0.13854505121707916,0.865919828414917,0.0,0.0,0.0,0.0,0.0,0.0,0.0,0.0,0.0,0.9016590118408203,-0.09030278772115707,0.03075670823454857,0.42178434133529663,0.0,0.23263414204120636,0.0,1021.975341796875,8.092549324035645,1.2674494981765747,0.38999998569488525,0.0,0.0,0.0,0.0,0.0,1.401298464324817e-45
138,0.5,0.0,-0.0321718193590641,1.6226222515106201,0.2123536616563797,1.1617072820663452,1.034594178199768,0.5089554786682129,0.12780910730361938,-0.13654330372810364,0.850684642791748,0.0,0.0,0.0,0.0,0.0,0.0,0.0,0.0,0.0,0.9051188230514526,-0.08830295503139496,0.029943982139229774,0.4147975742816925,0.0,0.0,0.0,1021.9752807617188,8.094886779785156,1.2674388885498047,0.38999998569488525,0.0,0.0,0.0,0.0,0.0,1.401298464324817e-45
138,0.5,0.0,-0.01937875524163246,1.6169986724853516,0.2854175269603729,1.140902042388916,1.0326447486877441,0.5731188058853149,0.1234498918056488,-0.13477371633052826,0.8344612717628479,0.0,0.0,0.0,0.0,0.0,0.0,0.0,0.0,0.0,0.9087156057357788,-0.08638224750757217,0.02903182990849018,0.40733614563941956,0.0,-0.20906823873519897,0.0,1021.9868774414062,8.092549324035645,1.2674638032913208,0.38999998569488525,0.0,0.0,0.0,0.0,0.0,1.401298464324817e-45
138,0.5,0.0,-0.06549319624900818,1.580465316772461,0.31929585337638855,1.0638192892074585,1.0578687191009521,0.5943635106086731,0.11921129375696182,-0.13285116851329803,0.8189422488212585,0.0,0.0,0.0,0.0,0.0,0.0,0.0,0.0,0.0,0.9121048450469971,-0.0844452902674675,0.02814633399248123,0.4001663029193878,0.0,0.0,0.0,1021.9810180664062,8.098392486572266,1.2674301862716675,0.38999998569488525,0.0,0.0,0.0,0.0,0.0,1.401298464324817e-45
138,0.5,0.0,-0.054008085280656815,1.5269701480865479,0.32774636149406433,1.0166490077972412,1.0318117141723633,0.5862763524055481,0.1143600195646286,-0.13081710040569305,0.8029375672340393,0.0,0.0,0.0,0.0,0.0,0.0,0.0,0.0,0.0,0.9155548810958862,-0.0823507234454155,0.02699289843440056,0.392734557390213,0.0,-0.06969047337770462,0.0,1021.9896850585938,8.097223281860352,1.2674461603164673,0.38999998569488525,0.0,0.0,0.0,0.0,0.0,1.401298464324817e-45
138,0.5,0.0,0.0025060903280973434,1.4948049783706665,0.2526502311229706,1.0272608995437622,0.9972612857818604,0.4984428286552429,0.10954798012971878,-0.12790946662425995,0.7877653241157532,0.0,0.0,0.0,0.0,0.0,0.0,0.0,0.0,0.0,0.918809175491333,-0.07989604026079178,0.025960590690374374,0.3856470286846161,0.0,0.0,0.0,1021.9781494140625,8.097223281860352,1.2674318552017212,0.38999998569488525,0.0,0.0,0.0,0.0,0.0,1.401298464324817e-45
138,0.5,0.0,-0.01838667504489422,1.511375069618225,0.299526184797287,1.0035457611083984,1.0367860794067383,0.5405901074409485,0.10489919036626816,-0.12524834275245667,0.7715643644332886,0.0,0.0,0.0,0.0,0.0,0.0,0.0,0.0,0.0,0.9221779704093933,-0.07759197056293488,0.024960918352007866,0.37806808948516846,0.0,-0.11582334339618683,0.0,1021.9984130859375,8.096055030822754,1.2674622535705566,0.38999998569488525,0.0,0.0,0.0,0.0,0.0,1.401298464324817e-45
138,0.5,0.0,0.06081639230251312,1.3237570524215698,0.32971665263175964,0.9142103791236877,0.8626649379730225,0.5336112976074219,0.10088542103767395,-0.12277764081954956,0.7558906674385071,0.0,0.0,0.0,0.0,0.0,0.0,0.0,0.0,0.0,0.9253485798835754,-0.07551877200603485,0.02416468784213066,0.3707214593887329,0.0,0.0,0.0,1021.9839477539062,8.094886779785156,1.2674496173858643,0.38999998569488525,0.0,0.0,0.0,0.0,0.0,1.401298464324817e-45
138,0.5,0.0,-0.013371913693845272,1.291394829750061,0.27433010935783386,0.8297109603881836,0.9138070344924927,0.46866145730018616,0.09663292020559311,-0.11984953284263611,0.7392753958702087,0.0,0.0,0.0,0.0,0.0,0.0,0.0,0.0,0.0,0.9286494255065918,-0.07319612056016922,0.023343725129961967,0.3629039227962494,0.0,0.0,0.0,1021.9955444335938,8.094886779785156,1.2674640417099,0.38999998569488525,0.0,0.0,0.0,0.0,0.0,1.401298464324817e-45
138,0.5,0.0,0.04217727854847908,1.261522889137268,0.3579358756542206,0.8299200534820557,0.8604081273078918,0.5405899286270142,0.092235267162323,-0.11724922060966492,0.7233081459999084,0.0,0.0,0.0,0.0,0.0,0.0,0.0,0.0,0.0,0.9317535161972046,-0.07102613151073456,0.02233659103512764,0.35536324977874756,0.0,0.0,0.0,1021.966552734375,8.099560737609863,1.267406940460205,0.38999998569488525,0.0,0.0,0.0,0.0,0.0,1.401298464324817e-45
138,0.5,0.0,-0.02283671125769615,1.1750210523605347,0.35422417521476746,0.7111220955848694,0.8550412654876709,0.5194752812385559,0.08814958482980728,-0.11442845314741135,0.7062598466873169,0.0,0.0,0.0,0.0,0.0,0.0,0.0,0.0,0.0,0.9349744319915771,-0.06881505250930786,0.021517625078558922,0.34729766845703125,0.0,0.18601104617118835,0.0,1021.969482421875,8.094886779785156,1.267431616783142,0.38999998569488525,0.0,0.0,0.0,0.0,0.0,1.401298464324817e-45
138,0.5,0.0,0.023419557139277458,1.1584703922271729,0.3482818305492401,0.7237281799316406,0.8271639943122864,0.5058598518371582,0.0842902734875679,-0.11151409149169922,0.6903052926063538,0.0,0.0,0.0,0.0,0.0,0.0,0.0,0.0,0.0,0.9379286170005798,-0.06662782281637192,0.020748136565089226,0.339722603559494,0.0,0.0,0.0,1021.9752807617188,8.093717575073242,1.267444133758545,0.38999998569488525,0.0,0.0,0.0,0.0,0.0,1.401298464324817e-45
138,0.5,0.0,0.027958232909440994,1.1242398023605347,0.3951968848705292,0.6887961030006409,0.8075425028800964,0.5424836277961731,0.07997436821460724,-0.10871130228042603,0.6730514168739319,0.0,0.0,0.0,0.0,0.0,0.0,0.0,0.0,0.0,0.941038966178894,-0.06442143768072128,0.019753064960241318,0.3315071165561676,0.0,-0.20907171070575714,0.0,1021.98681640625,8.097223281860352,1.2674425840377808,0.38999998569488525,0.0,0.0,0.0,0.0,0.0,1.401298464324817e-45
138,0.5,0.0,0.09765569865703583,1.0185459852218628,0.3141650855541229,0.6736563444137573,0.7039380669593811,0.44307005405426025,0.07548139989376068,-0.10613415390253067,0.6569293737411499,0.0,0.0,0.0,0.0,0.0,0.0,0.0,0.0,0.0,0.9438835382461548,-0.062325313687324524,0.01856580562889576,0.32379966974258423,0.0,0.0,0.0,1021.9983520507812,8.098392486572266,1.2674516439437866,0.38999998569488525,0.0,0.0,0.0,0.0,0.0,1.401298464324817e-45
138,0.5,0.0,-0.023601336404681206,0.9843816757202148,0.36703869700431824,0.5408871173858643,0.7579611539840698,0.487030565738678,0.07144080102443695,-0.10279545187950134,0.6395070552825928,0.0,0.0,0.0,0.0,0.0,0.0,0.0,0.0,0.0,0.9468737244606018,-0.05995064601302147,0.017719505354762077,0.31545767188072205,0.0,0.06969239562749863,0.0,1021.9608154296875,8.096055030822754,1.2674156427383423,0.38999998569488525,0.0,0.0,0.0,0.0,0.0,1.401298464324817e-45
138,0.5,0.0,0.040797457098960876,1.0143053531646729,0.3549604117870331,0.5998366475105286,0.7567919492721558,0.47320041060447693,0.06718672811985016,-0.09895142912864685,0.6231614351272583,0.0,0.0,0.0,0.0,0.0,0.0,0.0,0.0,0.0,0.9496356844902039,-0.05733150243759155,0.016778206452727318,0.30759549140930176,0.0,0.0,0.0,1021.966552734375,8.097223281860352,1.267417550086975,0.38999998569488525,0.0,0.0,0.0,0.0,0.0,1.401298464324817e-45
138,0.5,0.0,0.08404665440320969,0.8878340721130371,0.36126992106437683,0.5509166121482849,0.6413698196411133,0.45929205417633057,0.0621793195605278,-0.09517008066177368,0.6055654287338257,0.0,0.0,0.0,0.0,0.0,0.0,0.0,0.0,0.0,0.9525243043899536,-0.05463944002985954,0.015460642985999584,0.2991061508655548,0.0,-0.047115910798311234,0.0,1021.9983520507812,8.100728988647461,1.2674411535263062,0.38999998569488525,0.0,0.0,0.0,0.0,0.0,1.401298464324817e-45
138,0.5,0.0,0.02275584079325199,0.8787121176719666,0.36786362528800964,0.4846353828907013,0.6790971755981445,0.4603438675403595,0.05833497270941734,-0.09091053158044815,0.5888286828994751,0.0,0.0,0.0,0.0,0.0,0.0,0.0,0.0,0.0,0.955188512802124,-0.051919665187597275,0.014699832536280155,0.2910233438014984,0.0,0.0,0.0,1021.9780883789062,8.099560737609863,1.2674212455749512,0.38999998569488525,0.0,0.0,0.0,0.0,0.0,1.401298464324817e-45
138,0.5,0.0,0.07407382130622864,0.74302077293396,0.4025821387767792,0.4414280354976654,0.5456385016441345,0.47649407386779785,0.053914591670036316,-0.0875026136636734,0.5708197951316833,0.0,0.0,0.0,0.0,0.0,0.0,0.0,0.0,0.0,0.9579437375068665,-0.049534283578395844,0.013529246672987938,0.2823091447353363,0.0,-0.21005675196647644,0.0,1021.9839477539062,8.096055030822754,1.267444372177124,0.38999998569488525,0.0,0.0,0.0,0.0,0.0,1.401298464324817e-45
138,0.5,0.0,-0.010796855203807354,0.7483320832252502,0.5229873061180115,0.3578852117061615,0.5946519374847412,0.5932334661483765,0.04977493733167648,-0.08367278426885605,0.5538055300712585,0.0,0.0,0.0,0.0,0.0,0.0,0.0,0.0,0.0,0.9604787826538086,-0.047015391290187836,0.012485900893807411,0.2740538716316223,0.0,0.0,0.0,1021.98388671875,8.100728988647461,1.267423152923584,0.38999998569488525,0.0,0.0,0.0,0.0,0.0,1.401298464324817e-45
138,0.5,0.0,0.03441909700632095,0.6775139570236206,0.35532471537590027,0.3586827218532562,0.5335944294929504,0.41602757573127747,0.04618609696626663,-0.07960345596075058,0.5358096361160278,0.0,0.0,0.0,0.0,0.0,0.0,0.0,0.0,0.0,0.9630595445632935,-0.044469013810157776,0.01171940565109253,0.26531630754470825,0.0,0.0009815756930038333,0.0,1021.9751586914062,8.103066444396973,1.2674018144607544,0.38999998569488525,0.0,0.0,0.0,0.0,0.0,1.401298464324817e-45
138,0.5,0.0,0.10535865277051926,0.5662834644317627,0.34922024607658386,0.35710832476615906,0.4109605848789215,0.39662256836891174,0.04235536977648735,-0.07511160522699356,0.5186911821365356,0.0,0.0,0.0,0.0,0.0,0.0,0.0,0.0,0.0,0.9654518365859985,-0.04170979931950569,0.01082693599164486,0.2569772005081177,0.0,0.0,0.0,1021.9780883789062,8.099560737609863,1.2674212455749512,0.38999998569488525,0.0,0.0,0.0,0.0,0.0,1.401298464324817e-45
138,0.5,0.0,0.05234604328870773,0.5735613107681274,0.339870423078537,0.3080306649208069,0.45181718468666077,0.38496139645576477,0.038072094321250916,-0.07119306921958923,0.5005954504013062,0.0,0.0,0.0,0.0,0.0,0.0,0.0,0.0,0.0,0.9678776264190674,-0.039185456931591034,0.00961664691567421,0.2481459230184555,0.0,-0.1629422903060913,0.0,1021.9925537109375,8.100728988647461,1.267434000968933,0.38999998569488525,0.0,0.0,0.0,0.0,0.0,1.401298464324817e-45
138,0.5,0.0,0.057227972894907,0.5385419726371765,0.38446709513664246,0.2874612808227539,0.42295679450035095,0.4237726628780365,0.03450221195816994,-0.0667562261223793,0.4832320213317871,0.0,0.0,0.0,0.0,0.0,0.0,0.0,0.0,0.0,0.9701253771781921,-0.03652280569076538,0.008756177499890327,0.2396610677242279,0.0,0.0,0.0,1021.9780883789062,8.099560737609863,1.2674212455749512,0.38999998569488525,0.0,0.0,0.0,0.0,0.0,1.401298464324817e-45
138,0.5,0.0,0.04129234701395035,0.4962368607521057,0.3573465049266815,0.2484952062368393,0.40167883038520813,0.39057692885398865,0.030519915744662285,-0.06162822246551514,0.4652138352394104,0.0,0.0,0.0,0.0,0.0,0.0,0.0,0.0,0.0,0.9723809957504272,-0.03349174186587334,0.007740293629467487,0.23083524405956268,0.0,-0.13938452303409576,0.0,1021.9722900390625,8.100728988647461,1.267408847808838,0.38999998569488525,0.0,0.0,0.0,0.0,0.0,1.401298464324817e-45
138,0.5,0.0,0.0063344757072627544,0.35520315170288086,0.3724336326122284,0.14913034439086914,0.2955992519855499,0.3940722644329071,0.027701420709490776,-0.05664285272359848,0.4478047490119934,0.0,0.0,0.0,0.0,0.0,0.0,0.0,0.0,0.0,0.9744626879692078,-0.030682062730193138,0.007212271448224783,0.22230739891529083,0.0,0.0,0.0,1021.9693603515625,8.103066444396973,1.2673946619033813,0.38999998569488525,0.0,0.0,0.0,0.0,0.0,1.401298464324817e-45
138,0.5,0.0,0.06255748867988586,0.37806063890457153,0.42733094096183777,0.20394599437713623,0.29448625445365906,0.44847896695137024,0.02376723848283291,-0.052850477397441864,0.42905160784721375,0.0,0.0,0.0,0.0,0.0,0.0,0.0,0.0,0.0,0.9765964150428772,-0.028343472629785538,0.005982499569654465,0.21310068666934967,0.0,-0.27974870800971985,0.0,1021.9867553710938,8.101898193359375,1.2674214839935303,0.38999998569488525,0.0,0.0,0.0,0.0,0.0,1.401298464324817e-45
138,0.5,0.0,-0.05343616381287575,0.22500453889369965,0.3339862525463104,0.033710479736328125,0.2110251933336258,0.3454829454421997,0.02177589014172554,-0.04871600493788719,0.41136765480041504,0.0,0.0,0.0,0.0,0.0,0.0,0.0,0.0,0.0,0.9785148501396179,-0.026063723489642143,0.005681127775460482,0.20442268252372742,0.0,0.0,0.0,1021.9664916992188,8.101898193359375,1.267396330833435,0.38999998569488525,0.0,0.0,0.0,0.0,0.0,1.401298464324817e-45
138,0.5,0.0,0.05437815934419632,0.24161188304424286,0.41802307963371277,0.13538837432861328,0.18321502208709717,0.4291559159755707,0.017496304586529732,-0.04513348266482353,0.39282357692718506,0.0,0.0,0.0,0.0,0.0,0.0,0.0,0.0,0.0,0.9804431796073914,-0.02383679896593094,0.004174326546490192,0.19528697431087494,0.0,0.11632028222084045,0.0,1021.9722290039062,8.10423469543457,1.2673929929733276,0.38999998569488525,0.0,0.0,0.0,0.0,0.0,1.401298464324817e-45
138,0.5,0.0,-0.043789561837911606,0.1839866042137146,0.411800354719162,0.020203465595841408,0.17110583186149597,0.4191173017024994,0.01599578931927681,-0.038756344467401505,0.375807523727417,0.0,0.0,0.0,0.0,0.0,0.0,0.0,0.0,0.0,0.982149064540863,-0.02052891254425049,0.0042361048981547356,0.18691039085388184,0.0,0.0,0.0,1021.9664916992188,8.103066444396973,1.2673910856246948,0.38999998569488525,0.0,0.0,0.0,0.0,0.0,1.401298464324817e-45
138,0.5,0.0,0.0012645558454096317,0.10566656291484833,0.39920803904533386,0.03292115032672882,0.08468873798847198,0.40283408761024475,0.013628415763378143,-0.03432388976216316,0.3595767915248871,0.0,0.0,0.0,0.0,0.0,0.0,0.0,0.0,0.0,0.9836888909339905,-0.01810237392783165,0.003634673310443759,0.17890521883964539,0.0,-0.06969394534826279,0.0,1021.9837646484375,8.106572151184082,1.2673966884613037,0.38999998569488525,0.0,0.0,0.0,0.0,0.0,1.401298464324817e-45
138,0.5,0.0,0.03168237581849098,0.07030855119228363,0.3715839087963104,0.049563854932785034,0.04257693514227867,0.37383148074150085,0.010928785428404808,-0.03442070633172989,0.3456268012523651,0.0,0.0,0.0,0.0,0.0,0.0,0.0,0.0,0.0,0.9849241375923157,-0.01789233274757862,0.002423001453280449,0.17201843857765198,0.0,0.0,0.0,1021.9722900390625,8.103066444396973,1.2673982381820679,0.38999998569488525,0.0,0.0,0.0,0.0,0.0,1.401298464324817e-45
138,0.5,0.0,-0.022422971203923225,0.05470092222094536,0.37094590067863464,-0.007620286196470261,0.04793739691376686,0.37247490882873535,0.011686860583722591,-0.029833201318979263,0.3334256112575531,0.0,0.0,0.0,0.0,0.0,0.0,0.0,0.0,0.0,0.9859907031059265,-0.015678495168685913,0.0032866215333342552,0.16600565612316132,0.0,0.02355833165347576,0.0,1021.9664306640625,8.105403900146484,1.2673804759979248,0.38999998569488525,0.0,0.0,0.0,0.0,0.0,1.401298464324817e-45
138,0.5,0.0,0.019123166799545288,0.019356539472937584,0.3859882056713104,0.020121483132243156,0.0011226922506466508,0.38641786575317383,0.010854325257241726,-0.028716644272208214,0.3258070945739746,0.0,0.0,0.0,0.0,0.0,0.0,0.0,0.0,0.0,0.9866277575492859,-0.015047580935060978,0.0030261860229074955,0.162241131067276,0.0,0.0,0.0,1021.957763671875,8.105403900146484,1.2673697471618652,0.38999998569488525,0.0,0.0,0.0,0.0,0.0,1.401298464324817e-45
138,0.5,0.0,-0.014398000203073025,0.03883156552910805,0.4566764533519745,-0.005444626789540052,0.028976038098335266,0.4575982093811035,0.008976017124950886,-0.027161117643117905,0.322569876909256,0.0,0.0,0.0,0.0,0.0,0.0,0.0,0.0,0.0,0.9869072437286377,-0.014124356210231781,0.002248597564175725,0.16062970459461212,0.0,-0.023558473214507103,0.0,1021.9722290039062,8.106572151184082,1.2673823833465576,0.38999998569488525,0.0,0.0,0.0,0.0,0.0,1.401298464324817e-45
138,0.5,0.0,0.022020511329174042,0.044539883732795715,0.4121045768260956,0.03142877295613289,0.026703743264079094,0.4130319058895111,0.008343025110661983,-0.021060945466160774,0.3187282085418701,0.0,0.0,0.0,0.0,0.0,0.0,0.0,0.0,0.0,0.98725426197052,-0.011058654636144638,0.002447395585477352,0.15872296690940857,0.0,0.0,0.0,1021.957763671875,8.106572151184082,1.267364501953125,0.38999998569488525,0.0,0.0,0.0,0.0,0.0,1.401298464324817e-45
138,0.5,0.0,0.016672715544700623,-0.005194307304918766,0.4279889762401581,0.010918766260147095,-0.019933391362428665,0.4277384877204895,0.00771448016166687,-0.02289671078324318,0.3171839118003845,0.0,0.0,0.0,0.0,0.0,0.0,0.0,0.0,0.0,0.9873679280281067,-0.011913440190255642,0.002000633394345641,0.1579594761133194,0.0,-0.20907779037952423,0.0,1021.9751586914062,8.105403900146484,1.267391324043274,0.38999998569488525,0.0,0.0,0.0,0.0,0.0,1.401298464324817e-45
138,0.5,0.0,-0.010735147632658482,0.04734596610069275,0.43457314372062683,0.0006953401025384665,0.037109944969415665,0.4356948435306549,0.008869942277669907,-0.025791674852371216,0.3168313503265381,0.0,0.0,0.0,0.0,0.0,0.0,0.0,0.0,0.0,0.9873736500740051,-0.013433408923447132,0.002344792941585183,0.15779508650302887,0.0,0.0,0.0,1021.9519653320312,8.106572151184082,1.2673572301864624,0.38999998569488525,0.0,0.0,0.0,0.0,0.0,1.401298464324817e-45
138,0.5,0.0,0.02539622038602829,0.029929937794804573,0.3842925727367401,0.03030659258365631,0.011314885690808296,0.38493210077285767,0.008228396065533161,-0.023889267817139626,0.3174644112586975,0.0,0.0,0.0,0.0,0.0,0.0,0.0,0.0,0.0,0.9873380661010742,-0.012444316409528255,0.0021742128301411867,0.15810178220272064,0.0,-0.2090812623500824,0.0,1021.9866333007812,8.110077857971191,1.2673845291137695,0.38999998569488525,0.0,0.0,0.0,0.0,0.0,1.401298464324817e-45
138,0.5,0.0,0.04149511083960533,0.002101810649037361,0.428650826215744,0.03750810772180557,-0.022184133529663086,0.4284457564353943,0.006031003315001726,-0.026333825662732124,0.3159412145614624,0.0,0.0,0.0,0.0,0.0,0.0,0.0,0.0,0.0,0.9874482154846191,-0.013476818799972534,0.0009064364130608737,0.15733863413333893,0.0,0.0,0.0,1021.97216796875,8.108909606933594,1.2673717737197876,0.38999998569488525,0.0,0.0,0.0,0.0,0.0,1.401298464324817e-45
138,0.5,0.0,0.04278948903083801,-0.01582130789756775,0.3285188376903534,0.03272490203380585,-0.03673958778381348,0.32799920439720154,0.009208686649799347,-0.025580650195479393,0.31607744097709656,0.0,0.0,0.0,0.0,0.0,0.0,0.0,0.0,0.0,0.9874335527420044,-0.013354983180761337,0.002533713821321726,0.1574246883392334,0.0,0.1158309057354927,0.0,1021.9490966796875,8.106572151184082,1.2673537731170654,0.38999998569488525,0.0,0.0,0.0,0.0,0.0,1.401298464324817e-45
138,0.5,0.0,0.003986148163676262,0.108256995677948,0.43964096903800964,0.03279498964548111,0.09199007600545883,0.4421297013759613,0.010682380758225918,-0.02186446078121662,0.31661251187324524,0.0,0.0,0.0,0.0,0.0,0.0,0.0,0.0,0.0,0.9874094724655151,-0.011637084186077118,0.003550728317350149,0.15769122540950775,0.0,0.0,0.0,1021.9606323242188,8.10774040222168,1.2673627138137817,0.38999998569488525,0.0,0.0,0.0,0.0,0.0,1.401298464324817e-45
138,0.5,0.0,0.0018028048798441887,-0.003732070792466402,0.3997487723827362,-0.0025602031964808702,-0.014082462526857853,0.39951080083847046,0.007804134860634804,-0.024961499497294426,0.3146015405654907,0.0,0.0,0.0,0.0,0.0,0.0,0.0,0.0,0.0,0.9875577688217163,-0.012937420047819614,0.001898524584248662,0.1566869616508484,0.0,0.20908384025096893,0.0,1021.9404907226562,8.100728988647461,1.2673693895339966,0.38999998569488525,0.0,0.0,0.0,0.0,0.0,1.401298464324817e-45
138,0.5,0.0,0.030139103531837463,-0.06109444797039032,0.3874339759349823,0.005556437186896801,-0.07740625739097595,0.38564345240592957,0.01083303987979889,-0.025826655328273773,0.31461426615715027,0.0,0.0,0.0,0.0,0.0,0.0,0.0,0.0,0.0,0.9875409603118896,-0.013601765967905521,0.0033262926153838634,0.15671224892139435,0.0,0.0,0.0,1021.9288940429688,8.105403900146484,1.267333984375,0.38999998569488525,0.0,0.0,0.0,0.0,0.0,1.401298464324817e-45
138,0.5,0.0,0.05780767649412155,0.042734190821647644,0.36261841654777527,0.06578493118286133,0.01362825557589531,0.3635168671607971,0.006719654891639948,-0.02485884353518486,0.3159065544605255,0.0,0.0,0.0,0.0,0.0,0.0,0.0,0.0,0.0,0.9874590039253235,-0.012802710756659508,0.0013627070002257824,0.157324880361557,0.0,-0.09325197339057922,0.0,1021.9838256835938,8.105403900146484,1.2674020528793335,0.38999998569488525,0.0,0.0,0.0,0.0,0.0,1.401298464324817e-45
138,0.5,0.0,0.0022988144773989916,-0.08457542210817337,0.3595723807811737,-0.02765010856091976,-0.09063076972961426,0.3570292890071869,0.009640789590775967,-0.026675553992390633,0.31706857681274414,0.0,0.0,0.0,0.0,0.0,0.0,0.0,0.0,0.0,0.9873462915420532,-0.013930854387581348,0.0026539701502770185,0.1579180210828781,0.0,0.0,0.0,1021.9519653320312,8.10774040222168,1.2673519849777222,0.38999998569488525,0.0,0.0,0.0,0.0,0.0,1.401298464324817e-45
138,0.5,0.0,0.02219402603805065,0.02045520953834057,0.44951626658439636,0.024681566283106804,0.0009322193800471723,0.44984734058380127,0.006187306251376867,-0.025761933997273445,0.3169306814670563,0.0,0.0,0.0,0.0,0.0,0.0,0.0,0.0,0.0,0.9873738288879395,-0.013207262381911278,0.0010220642434433103,0.15782785415649414,0.0,0.16245949268341064,0.0,1021.9520263671875,8.103066444396973,1.2673732042312622,0.38999998569488525,0.0,0.0,0.0,0.0,0.0,1.401298464324817e-45
138,0.5,0.0,0.015995968133211136,0.025148293003439903,0.4131269156932831,0.020650403574109077,0.008835209533572197,0.4135878384113312,0.005775534547865391,-0.024368949234485626,0.3169397711753845,0.0,0.0,0.0,0.0,0.0,0.0,0.0,0.0,0.0,0.9873830080032349,-0.012487084604799747,0.0009286415297538042,0.1578291952610016,0.0,0.0,0.0,1021.97802734375,8.106572151184082,1.2673896551132202,0.38999998569488525,0.0,0.0,0.0,0.0,0.0,1.401298464324817e-45
138,0.5,0.0,-0.06551479548215866,0.053792212158441544,0.3042392432689667,-0.048186253756284714,0.06514360010623932,0.3052542507648468,0.008276310749351978,-0.020587852224707603,0.3143741190433502,0.0,0.0,0.0,0.0,0.0,0.0,0.0,0.0,0.0,0.9876002073287964,-0.010814466513693333,0.002475557615980506,0.1565724015235901,0.0,-0.1629483699798584,0.0,1021.992431640625,8.10774040222168,1.267402172088623,0.38999998569488525,0.0,0.0,0.0,0.0,0.0,1.401298464324817e-45
138,0.5,0.0,-0.0035953307524323463,0.007522449363023043,0.38530442118644714,-0.005125677213072777,-0.0012911588419228792,0.3853553533554077,0.01047513261437416,-0.024802155792713165,0.3147754669189453,0.0,0.0,0.0,0.0,0.0,0.0,0.0,0.0,0.0,0.987536609172821,-0.013068137690424919,0.00322878360748291,0.15678811073303223,0.0,0.0,0.0,1022.0098266601562,8.106572151184082,1.267428994178772,0.38999998569488525,0.0,0.0,0.0,0.0,0.0,1.401298464324817e-45
138,0.5,0.0,0.048608358949422836,0.042646124958992004,0.4047403037548065,0.05618571117520332,0.017399689182639122,0.4056278169155121,0.007938875816762447,-0.020110273733735085,0.3139060139656067,0.0,0.0,0.0,0.0,0.0,0.0,0.0,0.0,0.0,0.9876402616500854,-0.010551685467362404,0.002348785987123847,0.15633906424045563,0.0,0.022577296942472458,0.0,1021.9866943359375,8.106572151184082,1.2674003839492798,0.38999998569488525,0.0,0.0,0.0,0.0,0.0,1.401298464324817e-45
138,0.5,0.0,0.00368381361477077,-0.03899848088622093,0.4515065848827362,-0.013492397032678127,-0.049832504242658615,0.4502488970756531,0.011087014339864254,-0.025710273534059525,0.3125782608985901,0.0,0.0,0.0,0.0,0.0,0.0,0.0,0.0,0.0,0.9876999258995056,-0.013560653664171696,0.003474627388641238,0.1557081639766693,0.0,0.0,0.0,1021.957763671875,8.10774040222168,1.2673592567443848,0.38999998569488525,0.0,0.0,0.0,0.0,0.0,1.401298464324817e-45
138,0.5,0.0,0.01793682761490345,-0.08023696392774582,0.3523368537425995,-0.011615272611379623,-0.0911824032664299,0.34992823004722595,0.010545488446950912,-0.02661943808197975,0.31617072224617004,0.0,0.0,0.0,0.0,0.0,0.0,0.0,0.0,0.0,0.9874144196510315,-0.013973135501146317,0.003111310536041856,0.15748029947280884,0.0,-0.09325313568115234,0.0,1021.9982299804688,8.106572151184082,1.2674146890640259,0.38999998569488525,0.0,0.0,0.0,0.0,0.0,1.401298464324817e-45
138,0.5,0.0,-0.015932077541947365,0.053943853825330734,0.4700593650341034,-0.003274066373705864,0.045078251510858536,0.4712465703487396,0.010664275847375393,-0.023672334849834442,0.3180994689464569,0.0,0.0,0.0,0.0,0.0,0.0,0.0,0.0,0.0,0.9872812032699585,-0.012530732899904251,0.003389929188415408,0.158428356051445,0.0,0.0,0.0,1021.989501953125,8.108909606933594,1.2673933506011963,0.38999998569488525,0.0,0.0,0.0,0.0,0.0,1.401298464324817e-45
138,0.5,0.0,-0.018279189243912697,-0.023090654984116554,0.38675495982170105,-0.028311073780059814,-0.026733960956335068,0.38591206073760986,0.00957327987998724,-0.02733669802546501,0.31969913840293884,0.0,0.0,0.0,0.0,0.0,0.0,0.0,0.0,0.0,0.9871334433555603,-0.014255284331738949,0.0025496892631053925,0.1592169851064682,0.0,-0.02355876751244068,0.0,1021.989501953125,8.112415313720703,1.267377495765686,0.38999998569488525,0.0,0.0,0.0,0.0,0.0,1.401298464324817e-45
138,0.5,0.0,0.02955208532512188,0.05587176978588104,0.419251412153244,0.04256231337785721,0.034271616488695145,0.42044952511787415,0.007280527148395777,-0.02256743609905243,0.31974729895591736,0.0,0.0,0.0,0.0,0.0,0.0,0.0,0.0,0.0,0.9871675968170166,-0.011718937195837498,0.0017973810900002718,0.15922221541404724,0.0,0.0,0.0,1021.9895629882812,8.10774040222168,1.2673985958099365,0.38999998569488525,0.0,0.0,0.0,0.0,0.0,1.401298464324817e-45
138,0.5,0.0,-0.02082316018640995,0.04593649506568909,0.4488315284252167,-0.009835020639002323,0.03912842646241188,0.4498472809791565,0.00999407097697258,-0.02453118935227394,0.3193269371986389,0.0,0.0,0.0,0.0,0.0,0.0,0.0,0.0,0.0,0.9871806502342224,-0.012903483584523201,0.002983128186315298,0.1590319275856018,0.0,-0.02355906181037426,0.0,1021.989501953125,8.111246109008789,1.2673827409744263,0.38999998569488525,0.0,0.0,0.0,0.0,0.0,1.401298464324817e-45
138,0.5,0.0,-0.07631894201040268,0.06439699232578278,0.355408638715744,-0.05651560425758362,0.07628144323825836,0.3567516505718231,0.011825081892311573,-0.024660557508468628,0.31847766041755676,0.0,0.0,0.0,0.0,0.0,0.0,0.0,0.0,0.0,0.9872403740882874,-0.013111166656017303,0.0038822030182927847,0.15862321853637695,0.0,0.0,0.0,1021.9749755859375,8.114751815795898,1.2673490047454834,0.38999998569488525,0.0,0.0,0.0,0.0,0.0,1.401298464324817e-45
138,0.5,0.0,0.021219022572040558,0.019209392368793488,0.4346923530101776,0.023228373378515244,0.0013200528919696808,0.435008704662323,0.006772118620574474,-0.0236012302339077,0.31900230050086975,0.0,0.0,0.0,0.0,0.0,0.0,0.0,0.0,0.0,0.9872221946716309,-0.012188201770186424,0.0014686723006889224,0.15885260701179504,0.0,0.04662707820534706,0.0,1021.9837036132812,8.1135835647583,1.2673650979995728,0.38999998569488525,0.0,0.0,0.0,0.0,0.0,1.401298464324817e-45
138,0.5,0.0,0.007570954505354166,0.022764191031455994,0.4270324409008026,0.010975131765007973,0.01006934605538845,0.4274429678916931,0.007720232475548983,-0.021561549976468086,0.3161025643348694,0.0,0.0,0.0,0.0,0.0,0.0,0.0,0.0,0.0,0.9874606728553772,-0.011253600008785725,0.002115009119734168,0.15742424130439758,0.0,0.0,0.0,1021.9722290039062,8.10774040222168,1.2673771381378174,0.38999998569488525,0.0,0.0,0.0,0.0,0.0,1.401298464324817e-45
138,0.5,0.0,-0.018570439890027046,0.04489725083112717,0.37628456950187683,-0.006418855395168066,0.04026969522237778,0.3772077262401581,0.007409984245896339,-0.02171343006193638,0.31739550828933716,0.0,0.0,0.0,0.0,0.0,0.0,0.0,0.0,0.0,0.987358808517456,-0.011305439285933971,0.001942563452757895,0.1580611765384674,0.0,-0.047117866575717926,0.0,1021.989501953125,8.108909606933594,1.2673933506011963,0.38999998569488525,0.0,0.0,0.0,0.0,0.0,1.401298464324817e-45
138,0.5,0.0,-0.09793327003717422,0.0634288340806961,0.3265809714794159,-0.07706709206104279,0.08330635726451874,0.3277011513710022,0.011925555765628815,-0.023177901282906532,0.3181397616863251,0.0,0.0,0.0,0.0,0.0,0.0,0.0,0.0,0.0,0.9872762560844421,-0.012386573478579521,0.004051483701914549,0.1584540456533432,0.0,0.0,0.0,1021.9606323242188,8.110077857971191,1.2673522233963013,0.38999998569488525,0.0,0.0,0.0,0.0,0.0,1.401298464324817e-45
138,0.5,0.0,0.003119646105915308,0.06793447583913803,0.3543367087841034,0.02173069305717945,0.055497366935014725,0.3558441698551178,0.007352382410317659,-0.022535841912031174,0.3200873136520386,0.0,0.0,0.0,0.0,0.0,0.0,0.0,0.0,0.0,0.9871404767036438,-0.011709373444318771,0.001833372749388218,0.159390389919281,0.0,-0.13939088582992554,0.0,1021.9749755859375,8.115921020507812,1.2673436403274536,0.38999998569488525,0.0,0.0,0.0,0.0,0.0,1.401298464324817e-45
138,0.5,0.0,-0.03791240602731705,0.010218415409326553,0.38492485880851746,-0.036682747304439545,0.012675415724515915,0.3849678635597229,0.010184647515416145,-0.023295225575566292,0.32041481137275696,0.0,0.0,0.0,0.0,0.0,0.0,0.0,0.0,0.0,0.9871010780334473,-0.012310289777815342,0.0031687812879681587,0.15956799685955048,0.0,0.0,0.0,1021.96630859375,8.114751815795898,1.2673382759094238,0.38999998569488525,0.0,0.0,0.0,0.0,0.0,1.401298464324817e-45
138,0.5,0.0,-0.017188701778650284,0.007113623898476362,0.40633389353752136,-0.018382053822278976,0.0030903664883226156,0.40632912516593933,0.010587538592517376,-0.02231595292687416,0.31979134678840637,0.0,0.0,0.0,0.0,0.0,0.0,0.0,0.0,0.0,0.9871554970741272,-0.011858015321195126,0.003449460258707404,0.1592607945203781,0.0,0.09325631707906723,0.0,1021.96337890625,8.11708927154541,1.2673240900039673,0.38999998569488525,0.0,0.0,0.0,0.0,0.0,1.401298464324817e-45
138,0.5,0.0,0.021126337349414825,0.014336232095956802,0.3991813361644745,0.021626919507980347,-0.0028606995474547148,0.3993985056877136,0.007341782562434673,-0.02464108169078827,0.3192664086818695,0.0,0.0,0.0,0.0,0.0,0.0,0.0,0.0,0.0,0.9871929883956909,-0.012746922671794891,0.0016655949875712395,0.15898695588111877,0.0,0.0,0.0,1021.96630859375,8.115921020507812,1.267332911491394,0.38999998569488525,0.0,0.0,0.0,0.0,0.0,1.401298464324817e-45
138,0.5,0.0,-0.09643272310495377,-0.011970161460340023,0.42943188548088074,-0.10035470873117447,0.008169054053723812,0.42861804366111755,0.011746533215045929,-0.025035666301846504,0.31920522451400757,0.0,0.0,0.0,0.0,0.0,0.0,0.0,0.0,0.0,0.9871805310249329,-0.013291492126882076,0.0038088420405983925,0.15898264944553375,0.0,0.0,0.0,1021.9575805664062,8.11708927154541,1.2673168182373047,0.38999998569488525,0.0,0.0,0.0,0.0,0.0,1.401298464324817e-45
138,0.5,0.0,0.05945536866784096,0.013960280455648899,0.38481709361076355,0.05689917132258415,-0.01471939031034708,0.38517192006111145,0.01021154597401619,-0.02416345290839672,0.3193075656890869,0.0,0.0,0.0,0.0,0.0,0.0,0.0,0.0,0.0,0.987183690071106,-0.012739219702780247,0.003119839821010828,0.1590230017900467,0.0,0.0,0.0,1021.9517822265625,8.118257522583008,1.2673044204711914,0.38999998569488525,0.0,0.0,0.0,0.0,0.0,1.401298464324817e-45
138,0.5,0.0,0.020044131204485893,-0.026774628087878227,0.3581037223339081,0.007209263741970062,-0.04147804155945778,0.3571869730949402,0.00953533872961998,-0.027297111228108406,0.31936243176460266,0.0,0.0,0.0,0.0,0.0,0.0,0.0,0.0,0.0,0.9871606826782227,-0.014232300221920013,0.002536509884521365,0.15905050933361053,0.0,-0.04711845517158508,0.0,1021.986572265625,8.1135835647583,1.2673685550689697,0.38999998569488525,0.0,0.0,0.0,0.0,0.0,1.401298464324817e-45
138,0.5,0.0,-0.025663096457719803,0.058074723929166794,0.4339999854564667,-0.010295656509697437,0.052892837673425674,0.4352934956550598,0.009947006590664387,-0.023737160488963127,0.32178598642349243,0.0,0.0,0.0,0.0,0.0,0.0,0.0,0.0,0.0,0.9869893789291382,-0.012511522509157658,0.0030076552648097277,0.16024407744407654,0.0,0.0,0.0,1021.95751953125,8.12059497833252,1.2673009634017944,0.38999998569488525,0.0,0.0,0.0,0.0,0.0,1.401298464324817e-45
138,0.5,0.0,-0.009467605501413345,-0.023426352068781853,0.4719867408275604,-0.021561063826084137,-0.030236639082431793,0.4711977243423462,0.010996069759130478,-0.023311583325266838,0.320838987827301,0.0,0.0,0.0,0.0,0.0,0.0,0.0,0.0,0.0,0.9870643019676208,-0.012383810244500637,0.003565338207408786,0.15978169441223145,0.0,-0.37203970551490784,0.0,1022.0066528320312,8.122932434082031,1.2673513889312744,0.38999998569488525,0.0,0.0,0.0,0.0,0.0,1.401298464324817e-45
138,0.5,0.0,-0.04394375532865524,-0.06768173724412918,0.38112637400627136,-0.0684114471077919,-0.060092683881521225,0.37878161668777466,0.014276360161602497,-0.025396378710865974,0.31948578357696533,0.0,0.0,0.0,0.0,0.0,0.0,0.0,0.0,0.0,0.9871451258659363,-0.01367114670574665,0.005026982165873051,0.1591363549232483,0.0,0.0,0.0,1021.96337890625,8.115921020507812,1.2673293352127075,0.38999998569488525,0.0,0.0,0.0,0.0,0.0,1.401298464324817e-45
138,0.5,0.0,0.047427818179130554,0.011750186793506145,0.434845894575119,0.04418746754527092,-0.013840917497873306,0.43512213230133057,0.010379583574831486,-0.022786296904087067,0.32324114441871643,0.0,0.0,0.0,0.0,0.0,0.0,0.0,0.0,0.0,0.9868770241737366,-0.012079307809472084,0.003288532607257366,0.1609629988670349,0.0,0.02257823385298252,0.0,1021.9720458984375,8.118257522583008,1.2673295736312866,0.38999998569488525,0.0,0.0,0.0,0.0,0.0,1.401298464324817e-45
138,0.5,0.0,0.012466195039451122,0.07675857096910477,0.4618692100048065,0.03286058455705643,0.05831010639667511,0.4635591506958008,0.0070227705873548985,-0.022823181003332138,0.32183289527893066,0.0,0.0,0.0,0.0,0.0,0.0,0.0,0.0,0.0,0.9870001673698425,-0.01182637270539999,0.0016374621773138642,0.16025039553642273,0.0,0.0,0.0,1021.9749145507812,8.119426727294922,1.2673277854919434,0.38999998569488525,0.0,0.0,0.0,0.0,0.0,1.401298464324817e-45
138,0.5,0.0,0.02094617858529091,0.004289044067263603,0.3642387092113495,0.01865522377192974,-0.01257252972573042,0.3641687333583832,0.007038232870399952,-0.027316177263855934,0.32488760352134705,0.0,0.0,0.0,0.0,0.0,0.0,0.0,0.0,0.0,0.9867253303527832,-0.014046821743249893,0.0012636330211535096,0.1617610603570938,0.0,0.14037677645683289,0.0,1021.9488525390625,8.12059497833252,1.2672902345657349,0.38999998569488525,0.0,0.0,0.0,0.0,0.0,1.401298464324817e-45
138,0.5,0.0,-0.021669821813702583,0.05939934402704239,0.38332268595695496,-0.004169875755906105,0.054320670664310455,0.38466036319732666,0.00690645445138216,-0.02314899116754532,0.32572999596595764,0.0,0.0,0.0,0.0,0.0,0.0,0.0,0.0,0.0,0.9866843819618225,-0.01198084931820631,0.0015306114219129086,0.16217292845249176,0.0,0.0,0.0,1021.9662475585938,8.118257522583008,1.267322301864624,0.38999998569488525,0.0,0.0,0.0,0.0,0.0,1.401298464324817e-45
138,0.5,0.0,0.018397701904177666,0.03643740713596344,0.4200544059276581,0.025505177676677704,0.01860745996236801,0.42084723711013794,0.008471199311316013,-0.023900987580418587,0.32483890652656555,0.0,0.0,0.0,0.0,0.0,0.0,0.0,0.0,0.0,0.986747682094574,-0.01247765589505434,0.002247160067781806,0.16174262762069702,0.0,-0.18651317059993744,0.0,1021.9806518554688,8.121763229370117,1.267324447631836,0.38999998569488525,0.0,0.0,0.0,0.0,0.0,1.401298464324817e-45
138,0.5,0.0,0.026621202006936073,0.05467775836586952,0.36203286051750183,0.03949018195271492,0.03497295081615448,0.36329251527786255,0.008433227427303791,-0.02337275817990303,0.3217364251613617,0.0,0.0,0.0,0.0,0.0,0.0,0.0,0.0,0.0,0.9870006442070007,-0.01221043337136507,0.002290088916197419,0.16021090745925903,0.0,0.0,0.0,1021.9806518554688,8.12059497833252,1.2673296928405762,0.38999998569488525,0.0,0.0,0.0,0.0,0.0,1.401298464324817e-45
138,0.5,0.0,-0.011742858216166496,0.03391993045806885,0.42003437876701355,-0.005669714417308569,0.027025897055864334,0.4206567108631134,0.01261940784752369,-0.021094806492328644,0.32299110293388367,0.0,0.0,0.0,0.0,0.0,0.0,0.0,0.0,0.0,0.9868988394737244,-0.011424225755035877,0.00453134486451745,0.16084741055965424,0.0,0.11583717167377472,0.0,1021.9720458984375,8.119426727294922,1.2673242092132568,0.38999998569488525,0.0,0.0,0.0,0.0,0.0,1.401298464324817e-45
138,0.5,0.0,0.0038768169470131397,0.01250489056110382,0.40628620982170105,0.003898410825058818,0.0010536613408476114,0.40647387504577637,0.009197134524583817,-0.023574460297822952,0.3220462501049042,0.0,0.0,0.0,0.0,0.0,0.0,0.0,0.0,0.0,0.9869722127914429,-0.012371539138257504,0.0026490117888897657,0.16036821901798248,0.0,0.0,0.0,1021.974853515625,8.124100685119629,1.2673066854476929,0.38999998569488525,0.0,0.0,0.0,0.0,0.0,1.401298464324817e-45
138,0.5,0.0,0.03124477155506611,0.05222941190004349,0.39120861887931824,0.04236634820699692,0.029945269227027893,0.3924975097179413,0.00946028996258974,-0.025059707462787628,0.3195318579673767,0.0,0.0,0.0,0.0,0.0,0.0,0.0,0.0,0.0,0.9871627688407898,-0.01312221772968769,0.0026762818451970816,0.1591307669878006,0.0,-0.09325661510229111,0.0,1021.9575805664062,8.119426727294922,1.2673063278198242,0.38999998569488525,0.0,0.0,0.0,0.0,0.0,1.401298464324817e-45
138,0.5,0.0,0.056783292442560196,0.029639001935720444,0.4635410010814667,0.058721452951431274,-0.0011296342127025127,0.46424147486686707,0.009664423763751984,-0.024818455800414085,0.3181159198284149,0.0,0.0,0.0,0.0,0.0,0.0,0.0,0.0,0.0,0.987276017665863,-0.013017385266721249,0.002805453957989812,0.15843266248703003,0.0,0.0,0.0,1021.9806518554688,8.122932434082031,1.2673192024230957,0.38999998569488525,0.0,0.0,0.0,0.0,0.0,1.401298464324817e-45
138,0.5,0.0,-0.0247623510658741,-0.03567379340529442,0.3498525321483612,-0.037688203155994415,-0.03414257615804672,0.3488474190235138,0.008615411818027496,-0.02291194349527359,0.31803107261657715,0.0,0.0,0.0,0.0,0.0,0.0,0.0,0.0,0.0,0.9872980117797852,-0.0119931073859334,0.0024391368497163057,0.15838247537612915,0.0,0.11583668738603592,0.0,1021.9489135742188,8.119426727294922,1.2672955989837646,0.38999998569488525,0.0,0.0,0.0,0.0,0.0,1.401298464324817e-45
138,0.5,0.0,-0.014840700663626194,0.055152248591184616,0.37668320536613464,-0.0002454780915286392,0.047720178961753845,0.37798503041267395,0.00877384003251791,-0.024675332009792328,0.31645506620407104,0.0,0.0,0.0,0.0,0.0,0.0,0.0,0.0,0.0,0.9874110221862793,-0.012874256819486618,0.0023878454230725765,0.15760745108127594,0.0,0.0,0.0,1021.9402465820312,8.11708927154541,1.2672953605651855,0.38999998569488525,0.0,0.0,0.0,0.0,0.0,1.401298464324817e-45
138,0.5,0.0,0.010457232594490051,0.03077915497124195,0.3196105659008026,0.0171003807336092,0.018342742696404457,0.3202767074108124,0.007612662855535746,-0.023873774334788322,0.3171370327472687,0.0,0.0,0.0,0.0,0.0,0.0,0.0,0.0,0.0,0.9873659014701843,-0.012387717142701149,0.0018734890036284924,0.1579367220401764,0.0,-0.13939377665519714,0.0,1021.971923828125,8.125268936157227,1.2672977447509766,0.38999998569488525,0.0,0.0,0.0,0.0,0.0,1.401298464324817e-45
138,0.5,0.0,0.0504862479865551,-0.00450063357129693,0.4494342505931854,0.04289588704705238,-0.030283812433481216,0.4492213726043701,0.008047854527831078,-0.022572645917534828,0.3196464776992798,0.0,0.0,0.0,0.0,0.0,0.0,0.0,0.0,0.0,0.9871733784675598,-0.011782455258071423,0.002176308771595359,0.15917648375034332,0.0,0.0,0.0,1021.9459228515625,8.125268936157227,1.2672655582427979,0.38999998569488525,0.0,0.0,0.0,0.0,0.0,1.401298464324817e-45
138,0.5,0.0,-0.008082745596766472,0.024966180324554443,0.3275546729564667,-0.002819189103320241,0.017713604494929314,0.32811179757118225,0.009244205430150032,-0.026010314002633095,0.32105422019958496,0.0,0.0,0.0,0.0,0.0,0.0,0.0,0.0,0.0,0.9870358109474182,-0.01357613317668438,0.002483655232936144,0.1598820686340332,0.0,-0.14037775993347168,0.0,1021.9633178710938,8.121763229370117,1.2673028707504272,0.38999998569488525,0.0,0.0,0.0,0.0,0.0,1.401298464324817e-45
138,0.5,0.0,0.05001895874738693,0.08328244090080261,0.4050130546092987,0.0702478289604187,0.05241420120000839,0.40717148780822754,0.008642042055726051,-0.02662196196615696,0.3211638033390045,0.0,0.0,0.0,0.0,0.0,0.0,0.0,0.0,0.0,0.9870245456695557,-0.013830002397298813,0.002136817667633295,0.15993312001228333,0.0,0.0,0.0,1021.9921264648438,8.12643814086914,1.267317533493042,0.38999998569488525,0.0,0.0,0.0,0.0,0.0,1.401298464324817e-45
138,0.5,0.0,0.0007458529435098171,-0.010274206288158894,0.392579048871994,-0.006284411530941725,-0.01928948238492012,0.3921867609024048,0.009623496793210506,-0.023696348071098328,0.31826719641685486,0.0,0.0,0.0,0.0,0.0,0.0,0.0,0.0,0.0,0.9872713685035706,-0.012460446916520596,0.0028731964994221926,0.15850552916526794,0.0,0.302359938621521,0.0,1021.9430541992188,8.122932434082031,1.2672724723815918,0.38999998569488525,0.0,0.0,0.0,0.0,0.0,1.401298464324817e-45
138,0.5,0.0,0.010601854883134365,0.00515522388741374,0.3566865622997284,0.008492340333759785,-0.007539914455264807,0.3566977381706238,0.00893313530832529,-0.02563026361167431,0.3161223530769348,0.0,0.0,0.0,0.0,0.0,0.0,0.0,0.0,0.0,0.9874304533004761,-0.013357858173549175,0.0023934615310281515,0.1574452519416809,0.0,0.0,0.0,1021.986328125,8.127606391906738,1.2673051357269287,0.38999998569488525,0.0,0.0,0.0,0.0,0.0,1.401298464324817e-45
138,0.5,0.0,-0.026018692180514336,-0.003988319542258978,0.42114540934562683,-0.029917743057012558,-0.005571472458541393,0.42086514830589294,0.009409161284565926,-0.02363104186952114,0.31907209753990173,0.0,0.0,0.0,0.0,0.0,0.0,0.0,0.0,0.0,0.9872086048126221,-0.01241234876215458,0.002767570549622178,0.15890157222747803,0.0,-0.2090943157672882,0.0,1021.9834594726562,8.127606391906738,1.2673015594482422,0.38999998569488525,0.0,0.0,0.0,0.0,0.0,1.401298464324817e-45
138,0.5,0.0,0.003129388438537717,-0.026630811393260956,0.41493698954582214,-0.007834730669856071,-0.03714824840426445,0.4140622913837433,0.005798853933811188,-0.026271726936101913,0.3208409249782562,0.0,0.0,0.0,0.0,0.0,0.0,0.0,0.0,0.0,0.9870609045028687,-0.013429819606244564,0.0007638020324520767,0.15975579619407654,0.0,0.0,0.0,1021.9631958007812,8.127606391906738,1.267276406288147,0.38999998569488525,0.0,0.0,0.0,0.0,0.0,1.401298464324817e-45
138,0.5,0.0,0.02293277718126774,0.0678660199046135,0.3268270194530487,0.04024822264909744,0.04796748235821724,0.3286716341972351,0.008510660380125046,-0.028368163853883743,0.3185083568096161,0.0,0.0,0.0,0.0,0.0,0.0,0.0,0.0,0.0,0.9872241020202637,-0.014678693376481533,0.0019518299959599972,0.15862345695495605,0.0,-0.32590633630752563,0.0,1022.006591796875,8.127606391906738,1.267330288887024,0.38999998569488525,0.0,0.0,0.0,0.0,0.0,1.401298464324817e-45
138,0.5,0.0,-0.052366964519023895,-0.0382307693362236,0.43036362528800964,-0.06636735796928406,-0.03140847384929657,0.4289785623550415,0.010818714275956154,-0.026859356090426445,0.3190361559391022,0.0,0.0,0.0,0.0,0.0,0.0,0.0,0.0,0.0,0.987185001373291,-0.01411768514662981,0.0032070945017039776,0.15889686346054077,0.0,0.0,0.0,1021.9430541992188,8.122932434082031,1.2672724723815918,0.38999998569488525,0.0,0.0,0.0,0.0,0.0,1.401298464324817e-45
138,0.5,0.0,0.031118549406528473,0.053182296454906464,0.4483585059642792,0.04363884776830673,0.029746834188699722,0.4494771361351013,0.005923993419855833,-0.024305274710059166,0.3206852078437805,0.0,0.0,0.0,0.0,0.0,0.0,0.0,0.0,0.0,0.9870858788490295,-0.012469224631786346,0.0009836105164140463,0.1596788614988327,0.0,-0.09325893968343735,0.0,1021.9718627929688,8.128774642944336,1.2672818899154663,0.38999998569488525,0.0,0.0,0.0,0.0,0.0,1.401298464324817e-45
138,0.5,0.0,-0.002190719824284315,0.014771728776395321,0.4001712501049042,-0.0008833676693029702,0.003409041790291667,0.40043118596076965,0.008708680048584938,-0.028216123580932617,0.3223448097705841,0.0,0.0,0.0,0.0,0.0,0.0,0.0,0.0,0.0,0.9869185090065002,-0.014623265713453293,0.002033589407801628,0.16051805019378662,0.0,0.0,0.0,1021.9371948242188,8.12643814086914,1.2672494649887085,0.38999998569488525,0.0,0.0,0.0,0.0,0.0,1.401298464324817e-45
138,0.5,0.0,-0.027013957500457764,0.037217579782009125,0.36284253001213074,-0.017982129007577896,0.03534749522805214,0.3635859191417694,0.011361661367118359,-0.0234117079526186,0.32169875502586365,0.0,0.0,0.0,0.0,0.0,0.0,0.0,0.0,0.0,0.9869935512542725,-0.012464014813303947,0.0037324174772948027,0.16020813584327698,0.0,-0.06970032304525375,0.0,1021.9747314453125,8.131112098693848,1.2672749757766724,0.38999998569488525,0.0,0.0,0.0,0.0,0.0,1.401298464324817e-45
138,0.5,0.0,4.851310222875327e-05,0.034613851457834244,0.4417876899242401,0.0061447760090231895,0.02241581305861473,0.44252809882164,0.0108931390568614,-0.023557189851999283,0.32071453332901,0.0,0.0,0.0,0.0,0.0,0.0,0.0,0.0,0.0,0.9870730042457581,-0.012496589682996273,0.0034956936724483967,0.15972013771533966,0.0,0.0,0.0,1021.9631958007812,8.128774642944336,1.2672711610794067,0.38999998569488525,0.0,0.0,0.0,0.0,0.0,1.401298464324817e-45
138,0.5,0.0,0.016831014305353165,0.02154916152358055,0.384731262922287,0.018637601286172867,0.0058896299451589584,0.385203093290329,0.010702746920287609,-0.024068959057331085,0.3200952708721161,0.0,0.0,0.0,0.0,0.0,0.0,0.0,0.0,0.0,0.9871199727058411,-0.012732932344079018,0.003364797681570053,0.1594143658876419,0.0,0.07019106298685074,0.0,1021.9573364257812,8.132280349731445,1.2672481536865234,0.38999998569488525,0.0,0.0,0.0,0.0,0.0,1.401298464324817e-45
138,0.5,0.0,-0.01463304366916418,-0.04421891272068024,0.4449577033519745,-0.03196152672171593,-0.04971935972571373,0.4434637427330017,0.009200386703014374,-0.027921948581933975,0.3218531310558319,0.0,0.0,0.0,0.0,0.0,0.0,0.0,0.0,0.0,0.9869584441184998,-0.014516971074044704,0.002303413115441799,0.1602783203125,0.0,0.0,0.0,1021.9833984375,8.131112098693848,1.267285704612732,0.38999998569488525,0.0,0.0,0.0,0.0,0.0,1.401298464324817e-45
138,0.5,0.0,-0.007952861487865448,0.02722178027033806,0.45592400431632996,-0.0022339136339724064,0.017809884622693062,0.45644891262054443,0.00710421334952116,-0.023085782304406166,0.31968772411346436,0.0,0.0,0.0,0.0,0.0,0.0,0.0,0.0,0.0,0.9871698617935181,-0.011960705742239952,0.0016694435616955161,0.15919232368469238,0.0,-0.16296055912971497,0.0,1021.9949951171875,8.131112098693848,1.2673001289367676,0.38999998569488525,0.0,0.0,0.0,0.0,0.0,1.401298464324817e-45
138,0.5,0.0,0.03702414408326149,-0.012760295532643795,0.3285054862499237,0.028451254591345787,-0.03235538303852081,0.32801124453544617,0.00803887564688921,-0.026028377935290337,0.3215714991092682,0.0,0.0,0.0,0.0,0.0,0.0,0.0,0.0,0.0,0.9869979619979858,-0.013489245437085629,0.0018838553223758936,0.16013000905513763,0.0,0.0,0.0,1021.9920043945312,8.134617805480957,1.2672805786132812,0.38999998569488525,0.0,0.0,0.0,0.0,0.0,1.401298464324817e-45
138,0.5,0.0,0.05606960132718086,0.014143389649689198,0.421596497297287,0.05439567565917969,-0.015962421894073486,0.42174744606018066,0.007756026461720467,-0.02770344540476799,0.3210708200931549,0.0,0.0,0.0,0.0,0.0,0.0,0.0,0.0,0.0,0.9870272278785706,-0.014292849227786064,0.0016137307975441217,0.15988260507583618,0.0,-0.023560626432299614,0.0,1021.963134765625,8.132280349731445,1.2672553062438965,0.38999998569488525,0.0,0.0,0.0,0.0,0.0,1.401298464324817e-45
138,0.5,0.0,0.03719167038798332,-0.0011488331947475672,0.32068631052970886,0.032687343657016754,-0.020829705521464348,0.3204999566078186,0.007005073130130768,-0.025005396455526352,0.3205762207508087,0.0,0.0,0.0,0.0,0.0,0.0,0.0,0.0,0.0,0.9870871901512146,-0.01290095504373312,0.0014619841240346432,0.15963175892829895,0.0,0.0,0.0,1021.9486694335938,8.132280349731445,1.2672374248504639,0.38999998569488525,0.0,0.0,0.0,0.0,0.0,1.401298464324817e-45
138,0.5,0.0,0.01624183915555477,0.05434776097536087,0.39116284251213074,0.028854206204414368,0.03662232682108879,0.39249157905578613,0.009546561166644096,-0.02500849962234497,0.32165396213531494,0.0,0.0,0.0,0.0,0.0,0.0,0.0,0.0,0.0,0.9869933724403381,-0.013106683269143105,0.002709034364670515,0.1601785123348236,0.0,-0.139398992061615,0.0,1021.9400634765625,8.12994384765625,1.2672371864318848,0.38999998569488525,0.0,0.0,0.0,0.0,0.0,1.401298464324817e-45
138,0.5,0.0,0.02542281337082386,0.013887209817767143,0.4560107886791229,0.025958850979804993,-0.004982822109013796,0.4561612010002136,0.00558453006669879,-0.022223614156246185,0.3210489749908447,0.0,0.0,0.0,0.0,0.0,0.0,0.0,0.0,0.0,0.9870699644088745,-0.011414916254580021,0.000980187556706369,0.15985548496246338,0.0,0.0,0.0,1021.9342651367188,8.128774642944336,1.267235279083252,0.38999998569488525,0.0,0.0,0.0,0.0,0.0,1.401298464324817e-45
138,0.5,0.0,0.003999966196715832,0.06075900048017502,0.39752766489982605,0.01953447237610817,0.04773855581879616,0.3988393247127533,0.008594557642936707,-0.02174331061542034,0.3207511603832245,0.0,0.0,0.0,0.0,0.0,0.0,0.0,0.0,0.0,0.9870886206626892,-0.011417980305850506,0.002505859127268195,0.15972356498241425,0.0,0.0004908490227535367,0.0,1021.9833374023438,8.134617805480957,1.2672698497772217,0.38999998569488525,0.0,0.0,0.0,0.0,0.0,1.401298464324817e-45
138,0.5,0.0,0.031099684536457062,0.0006403214647434652,0.3788003623485565,0.026497801765799522,-0.019457438960671425,0.37864798307418823,0.008572590537369251,-0.027346480637788773,0.3173677325248718,0.0,0.0,0.0,0.0,0.0,0.0,0.0,0.0,0.0,0.9873215556144714,-0.01417810469865799,0.002071518450975418,0.15805977582931519,0.0,0.0,0.0,1021.9776000976562,8.13344955444336,1.2672679424285889,0.38999998569488525,0.0,0.0,0.0,0.0,0.0,1.401298464324817e-45
138,0.5,0.0,-0.04050939157605171,0.09446212649345398,0.3902110755443573,-0.01337434072047472,0.09292861074209213,0.39244315028190613,0.01109907403588295,-0.02416088990867138,0.31701403856277466,0.0,0.0,0.0,0.0,0.0,0.0,0.0,0.0,0.0,0.9873623251914978,-0.012804381549358368,0.0035728176590055227,0.1578957438468933,0.0,-0.16296124458312988,0.0,1021.9776000976562,8.13344955444336,1.2672679424285889,0.38999998569488525,0.0,0.0,0.0,0.0,0.0,1.401298464324817e-45
138,0.5,0.0,-0.060088030993938446,0.06355006992816925,0.3619708716869354,-0.04013200104236603,0.07047215849161148,0.3634459376335144,0.00836577545851469,-0.024066101759672165,0.3192613422870636,0.0,0.0,0.0,0.0,0.0,0.0,0.0,0.0,0.0,0.9871939420700073,-0.012544462457299232,0.0022167861461639404,0.15898974239826202,0.0,0.0,0.0,1021.9717407226562,8.139291763305664,1.267234444618225,0.38999998569488525,0.0,0.0,0.0,0.0,0.0,1.401298464324817e-45
138,0.5,0.0,0.02662588655948639,0.06629832834005356,0.3832034766674042,0.043006446212530136,0.04574643075466156,0.38471367955207825,0.008059149608016014,-0.023006562143564224,0.31939697265625,0.0,0.0,0.0,0.0,0.0,0.0,0.0,0.0,0.0,0.9871906638145447,-0.011997261084616184,0.0021488454658538103,0.15905386209487915,0.0,-0.11682283878326416,0.0,1021.9718017578125,8.13344955444336,1.2672607898712158,0.38999998569488525,0.0,0.0,0.0,0.0,0.0,1.401298464324817e-45
138,0.5,0.0,-0.022350935265421867,-0.02741662785410881,0.4152316749095917,-0.03358253836631775,-0.029903139919042587,0.41429924964904785,0.009034802205860615,-0.026279179379343987,0.3195711672306061,0.0,0.0,0.0,0.0,0.0,0.0,0.0,0.0,0.0,0.9871528148651123,-0.013690341264009476,0.002368967980146408,0.1591491550207138,0.0,0.0,0.0,1021.957275390625,8.138123512268066,1.2672216892242432,0.38999998569488525,0.0,0.0,0.0,0.0,0.0,1.401298464324817e-45
138,0.5,0.0,0.008121393620967865,0.047983214259147644,0.34078022837638855,0.02009636163711548,0.03477254882454872,0.341884046792984,0.00791869591921568,-0.02408565580844879,0.31983092427253723,0.0,0.0,0.0,0.0,0.0,0.0,0.0,0.0,0.0,0.9871500134468079,-0.012519164010882378,0.0019909830298274755,0.15926840901374817,0.0,-0.1629619151353836,0.0,1021.9804077148438,8.138123512268066,1.267250418663025,0.38999998569488525,0.0,0.0,0.0,0.0,0.0,1.401298464324817e-45
138,0.5,0.0,0.01239108107984066,-0.0340600349009037,0.4503621757030487,-0.0037370454519987106,-0.04630769044160843,0.4494197964668274,0.01061697956174612,-0.022402845323085785,0.3200962245464325,0.0,0.0,0.0,0.0,0.0,0.0,0.0,0.0,0.0,0.9871304035186768,-0.011903771199285984,0.003455259371548891,0.15941153466701508,0.0,0.0,0.0,1021.9833374023438,8.135786056518555,1.2672646045684814,0.38999998569488525,0.0,0.0,0.0,0.0,0.0,1.401298464324817e-45
138,0.5,0.0,0.01029167603701353,0.01803417131304741,0.3707427680492401,0.012468547560274601,0.004257709253579378,0.371086984872818,0.007872780784964561,-0.02610204741358757,0.3160983622074127,0.0,0.0,0.0,0.0,0.0,0.0,0.0,0.0,0.0,0.9874324202537537,-0.01350734569132328,0.0018329581944271922,0.15742748975753784,0.0,-0.02356141060590744,0.0,1021.989013671875,8.141629219055176,1.2672452926635742,0.38999998569488525,0.0,0.0,0.0,0.0,0.0,1.401298464324817e-45
138,0.5,0.0,0.021767202764749527,-0.0378926619887352,0.4012746512889862,0.005557133816182613,-0.053497932851314545,0.40004441142082214,0.008633309043943882,-0.02680213935673237,0.3134703040122986,0.0,0.0,0.0,0.0,0.0,0.0,0.0,0.0,0.0,0.9876313805580139,-0.013909975998103619,0.0021716230548918247,0.15613526105880737,0.0,0.0,0.0,1021.974609375,8.139291763305664,1.267237901687622,0.38999998569488525,0.0,0.0,0.0,0.0,0.0,1.401298464324817e-45
138,0.5,0.0,0.015271689742803574,0.01930774748325348,0.4136810004711151,0.017919085919857025,0.0028879607561975718,0.41401204466819763,0.006229789927601814,-0.02596179209649563,0.3146066963672638,0.0,0.0,0.0,0.0,0.0,0.0,0.0,0.0,0.0,0.9875552654266357,-0.013308079913258553,0.0010427302913740277,0.15668082237243652,0.0,-0.047122567892074585,0.0,1021.9890747070312,8.138123512268066,1.2672611474990845,0.38999998569488525,0.0,0.0,0.0,0.0,0.0,1.401298464324817e-45
138,0.5,0.0,0.017366785556077957,0.0034379709977656603,0.31311890482902527,0.015249837189912796,-0.009632827714085579,0.3130973279476166,0.007423629052937031,-0.02394912578165531,0.3161769211292267,0.0,0.0,0.0,0.0,0.0,0.0,0.0,0.0,0.0,0.9874414801597595,-0.012409142218530178,0.0017801723442971706,0.15746168792247772,0.0,0.0,0.0,1021.991943359375,8.140460968017578,1.267254114151001,0.38999998569488525,0.0,0.0,0.0,0.0,0.0,1.401298464324817e-45
138,0.5,0.0,-0.016689276322722435,0.03499952331185341,0.4057483375072479,-0.008800902403891087,0.02891281060874462,0.40647172927856445,0.009366439655423164,-0.023487213999032974,0.3156209886074066,0.0,0.0,0.0,0.0,0.0,0.0,0.0,0.0,0.0,0.9874823689460754,-0.012333186343312263,0.002779195085167885,0.15719743072986603,0.0,-0.06970234960317612,0.0,1021.9802856445312,8.143966674804688,1.2672239542007446,0.38999998569488525,0.0,0.0,0.0,0.0,0.0,1.401298464324817e-45
138,0.5,0.0,0.020238172262907028,0.0026671472005546093,0.357143372297287,0.017090724781155586,-0.013442753814160824,0.3570619821548462,0.008344929665327072,-0.02722751535475254,0.31414735317230225,0.0,0.0,0.0,0.0,0.0,0.0,0.0,0.0,0.0,0.9875763654708862,-0.014098209328949451,0.0019912333227694035,0.1564681977033615,0.0,0.0,0.0,1021.9515380859375,8.135786056518555,1.2672251462936401,0.38999998569488525,0.0,0.0,0.0,0.0,0.0,1.401298464324817e-45
138,0.5,0.0,0.018587352707982063,0.01174736674875021,0.44188496470451355,0.017303697764873505,-0.004489985294640064,0.44206690788269043,0.009099946357309818,-0.022274546325206757,0.3175090551376343,0.0,0.0,0.0,0.0,0.0,0.0,0.0,0.0,0.0,0.987341582775116,-0.011716090142726898,0.002731867367401719,0.15812648832798004,0.0,0.0,0.0,1021.965576171875,8.16032600402832,1.267132043838501,0.38999998569488525,0.0,0.0,0.0,0.0,0.0,1.401298464324817e-45
138,0.5,0.0,0.03573641553521156,-0.025985971093177795,0.329250305891037,0.022742344066500664,-0.044654883444309235,0.32839781045913696,0.009655503556132317,-0.02697250433266163,0.31512269377708435,0.0,0.0,0.0,0.0,0.0,0.0,0.0,0.0,0.0,0.9874975085258484,-0.014076040126383305,0.0026514821220189333,0.15695783495903015,0.0,0.06970485299825668,0.0,1021.9600219726562,8.148640632629395,1.267177700996399,0.38999998569488525,0.0,0.0,0.0,0.0,0.0,1.401298464324817e-45
138,0.5,0.0,-0.033086664974689484,0.08879117667675018,0.404175728559494,-0.007079633884131908,0.08549389988183975,0.406170517206192,0.008075733669102192,-0.022667068988084793,0.3164142966270447,0.0,0.0,0.0,0.0,0.0,0.0,0.0,0.0,0.0,0.987428605556488,-0.011827735230326653,0.0022016731090843678,0.1575811505317688,0.0,0.0,0.0,1021.9918823242188,8.145134925842285,1.2672330141067505,0.38999998569488525,0.0,0.0,0.0,0.0,0.0,1.401298464324817e-45
138,0.5,0.0,0.03281101584434509,0.04426582157611847,0.34091851115226746,0.042437318712472916,0.023576492443680763,0.3419105112552643,0.007267759647220373,-0.024408483877778053,0.3151777386665344,0.0,0.0,0.0,0.0,0.0,0.0,0.0,0.0,0.0,0.9875176548957825,-0.012622837908565998,0.0016733553493395448,0.1569678634405136,0.0,-0.023562096059322357,0.0,1021.9918212890625,8.146303176879883,1.2672276496887207,0.38999998569488525,0.0,0.0,0.0,0.0,0.0,1.401298464324817e-45
138,0.5,0.0,0.015266824513673782,0.04991917684674263,0.40602490305900574,0.027310937643051147,0.03160981088876724,0.40722665190696716,0.006455888506025076,-0.027429716661572456,0.3138679563999176,0.0,0.0,0.0,0.0,0.0,0.0,0.0,0.0,0.0,0.9876022934913635,-0.01405022107064724,0.0010445669759064913,0.15631820261478424,0.0,0.0,0.0,1021.9774169921875,8.142797470092773,1.2672256231307983,0.38999998569488525,0.0,0.0,0.0,0.0,0.0,1.401298464324817e-45
138,0.5,0.0,0.024886479601264,0.07961579412221909,0.45512673258781433,0.04475652053952217,0.05643191933631897,0.4570637047290802,0.007504659704864025,-0.025565247982740402,0.31272995471954346,0.0,0.0,0.0,0.0,0.0,0.0,0.0,0.0,0.0,0.9877008199691772,-0.01321048941463232,0.0017157107358798385,0.1557615101337433,0.0,-0.06970292329788208,0.0,1021.96875,8.143966674804688,1.2672096490859985,0.38999998569488525,0.0,0.0,0.0,0.0,0.0,1.401298464324817e-45
138,0.5,0.0,0.020797956734895706,-0.02167355827987194,0.37213417887687683,0.009976203553378582,-0.03708219900727272,0.37136146426200867,0.008351449854671955,-0.027012476697564125,0.31408339738845825,0.0,0.0,0.0,0.0,0.0,0.0,0.0,0.0,0.0,0.9875828623771667,-0.013992471620440483,0.0020117235835641623,0.15643645823001862,0.0,0.0,0.0,1021.9600830078125,8.145134925842285,1.2671935558319092,0.38999998569488525,0.0,0.0,0.0,0.0,0.0,1.401298464324817e-45
138,0.5,0.0,0.002849411452189088,0.024190189316868782,0.39182087779045105,0.00627061165869236,0.012670149095356464,0.3923196494579315,0.010172726586461067,-0.024028180167078972,0.3174116313457489,0.0,0.0,0.0,0.0,0.0,0.0,0.0,0.0,0.0,0.987335205078125,-0.012666412629187107,0.003123441943898797,0.15808670222759247,0.0,0.023070983588695526,0.0,1021.96875,8.145134925842285,1.2672044038772583,0.38999998569488525,0.0,0.0,0.0,0.0,0.0,1.401298464324817e-45
138,0.5,0.0,0.007753778249025345,0.024882974103093147,0.398926705121994,0.011184729635715485,0.011654119938611984,0.39944756031036377,0.00994142983108759,-0.023924296721816063,0.31829768419265747,0.0,0.0,0.0,0.0,0.0,0.0,0.0,0.0,0.0,0.9872663617134094,-0.012598195113241673,0.0030118857976049185,0.15852265059947968,0.0,0.0,0.0,1021.986083984375,8.145134925842285,1.2672258615493774,0.38999998569488525,0.0,0.0,0.0,0.0,0.0,1.401298464324817e-45
138,0.5,0.0,-0.029228033497929573,0.02884354069828987,0.3275127112865448,-0.02253056690096855,0.028386784717440605,0.3280788064002991,0.011630319058895111,-0.02490103244781494,0.3185800015926361,0.0,0.0,0.0,0.0,0.0,0.0,0.0,0.0,0.0,0.9872316718101501,-0.013214632868766785,0.003766310168430209,0.15867313742637634,0.0,-0.046141233295202255,0.0,1021.96875,8.143966674804688,1.2672096490859985,0.38999998569488525,0.0,0.0,0.0,0.0,0.0,1.401298464324817e-45
138,0.5,0.0,0.040604379028081894,0.021452631801366806,0.36384865641593933,0.04132645204663277,-0.002071915427222848,0.3643905520439148,0.010820602998137474,-0.026923036202788353,0.31674477458000183,0.0,0.0,0.0,0.0,0.0,0.0,0.0,0.0,0.0,0.9873659610748291,-0.01414558943361044,0.0032191758509725332,0.15776586532592773,0.0,0.0,0.0,1021.9715576171875,8.148640632629395,1.267192006111145,0.38999998569488525,0.0,0.0,0.0,0.0,0.0,1.401298464324817e-45
138,0.5,0.0,0.0008984394953586161,0.053338151425123215,0.3401889503002167,0.015113686211407185,0.042939506471157074,0.34132125973701477,0.006676472257822752,-0.0219860952347517,0.3151226341724396,0.0,0.0,0.0,0.0,0.0,0.0,0.0,0.0,0.0,0.9875380992889404,-0.011380326934158802,0.001571822096593678,0.15693546831607819,0.0,0.09277628362178802,0.0,1021.983154296875,8.146303176879883,1.2672169208526611,0.38999998569488525,0.0,0.0,0.0,0.0,0.0,1.401298464324817e-45
138,0.5,0.0,0.005374804604798555,0.0490088127553463,0.37593552470207214,0.016685355454683304,0.03765557333827019,0.37690800428390503,0.009770047850906849,-0.01924648880958557,0.31645286083221436,0.0,0.0,0.0,0.0,0.0,0.0,0.0,0.0,0.0,0.9874394536018372,-0.010272419080138206,0.0033075197134166956,0.1576036512851715,0.0,0.0,0.0,1021.9630126953125,8.139291763305664,1.267223596572876,0.38999998569488525,0.0,0.0,0.0,0.0,0.0,1.401298464324817e-45
138,0.5,0.0,-0.022220607846975327,0.03267550840973854,0.36969467997550964,-0.015070023015141487,0.03002689778804779,0.3702765703201294,0.010925858281552792,-0.021401014178991318,0.3142685890197754,0.0,0.0,0.0,0.0,0.0,0.0,0.0,0.0,0.0,0.9875954985618591,-0.011423109099268913,0.0037208679132163525,0.15653429925441742,0.0,-0.11584595590829849,0.0,1021.9946899414062,8.148640632629395,1.2672207355499268,0.38999998569488525,0.0,0.0,0.0,0.0,0.0,1.401298464324817e-45
138,0.5,0.0,0.05537997558712959,-0.02482844702899456,0.37224289774894714,0.042001742869615555,-0.050832752138376236,0.3713458776473999,0.007956519722938538,-0.02707432582974434,0.3149401545524597,0.0,0.0,0.0,0.0,0.0,0.0,0.0,0.0,0.0,0.987516462802887,-0.013992917723953724,0.0018058739369735122,0.15685704350471497,0.0,0.0,0.0,1021.9716186523438,8.145134925842285,1.2672078609466553,0.38999998569488525,0.0,0.0,0.0,0.0,0.0,1.401298464324817e-45
138,0.5,0.0,-0.03196455538272858,0.01847754418849945,0.38490769267082214,-0.028243649750947952,0.018105875700712204,0.3852132558822632,0.009580167941749096,-0.02458345890045166,0.31898215413093567,0.0,0.0,0.0,0.0,0.0,0.0,0.0,0.0,0.0,0.987209141254425,-0.01289591658860445,0.00277689122594893,0.1588594615459442,0.0,-0.2552509903907776,0.0,1021.99462890625,8.152146339416504,1.2672048807144165,0.38999998569488525,0.0,0.0,0.0,0.0,0.0,1.401298464324817e-45
138,0.5,0.0,0.06059008464217186,-0.03135310485959053,0.40070244669914246,0.04421952739357948,-0.058898843824863434,0.39973682165145874,0.008916323073208332,-0.02551678754389286,0.317067950963974,0.0,0.0,0.0,0.0,0.0,0.0,0.0,0.0,0.0,0.9873566627502441,-0.013301638886332512,0.0023878058418631554,0.15791185200214386,0.0,0.0,0.0,1021.9745483398438,8.142797470092773,1.2672220468521118,0.38999998569488525,0.0,0.0,0.0,0.0,0.0,1.401298464324817e-45
138,0.5,0.0,0.03798704594373703,-0.028698481619358063,0.44415852427482605,0.023625226691365242,-0.05100858211517334,0.44314801692962646,0.008279158733785152,-0.02705642394721508,0.3130291998386383,0.0,0.0,0.0,0.0,0.0,0.0,0.0,0.0,0.0,0.9876649975776672,-0.014007479883730412,0.001979972468689084,0.15591543912887573,0.0,-0.11682818830013275,0.0,1022.0033569335938,8.149808883666992,1.267226219177246,0.38999998569488525,0.0,0.0,0.0,0.0,0.0,1.401298464324817e-45
138,0.5,0.0,0.009322634898126125,0.07496366649866104,0.3474139869213104,0.029775699600577354,0.0596122220158577,0.3492286503314972,0.006707655265927315,-0.025156572461128235,0.31526458263397217,0.0,0.0,0.0,0.0,0.0,0.0,0.0,0.0,0.0,0.9875074028968811,-0.012948333285748959,0.001337519264779985,0.15700802206993103,0.0,0.0,0.0,1022.0033569335938,8.15097713470459,1.2672209739685059,0.38999998569488525,0.0,0.0,0.0,0.0,0.0,1.401298464324817e-45
138,0.5,0.0,0.02685234323143959,0.030133789405226707,0.46304795145988464,0.03135751187801361,0.009657134301960468,0.46364066004753113,0.007602490484714508,-0.022986305877566338,0.3155911862850189,0.0,0.0,0.0,0.0,0.0,0.0,0.0,0.0,0.0,0.987493097782135,-0.01194728258997202,0.0019477842142805457,0.15717259049415588,0.0,0.11633767187595367,0.0,1021.9686889648438,8.146303176879883,1.2671990394592285,0.38999998569488525,0.0,0.0,0.0,0.0,0.0,1.401298464324817e-45
138,0.5,0.0,0.02595321461558342,-0.0038466753903776407,0.3643912971019745,0.021120941266417503,-0.021530721336603165,0.3640846014022827,0.006556846667081118,-0.027134202420711517,0.3127366602420807,0.0,0.0,0.0,0.0,0.0,0.0,0.0,0.0,0.0,0.9876922965049744,-0.01391154620796442,0.0011253879638388753,0.1557600349187851,0.0,0.0,0.0,1021.983154296875,8.14747142791748,1.267211675643921,0.38999998569488525,0.0,0.0,0.0,0.0,0.0,1.401298464324817e-45
138,0.5,0.0,0.0008454969502054155,0.003319068346172571,0.3488883674144745,-0.001188034424558282,-0.005115806590765715,0.34886303544044495,0.00867756363004446,-0.022943979129195213,0.3175296187400818,0.0,0.0,0.0,0.0,0.0,0.0,0.0,0.0,0.0,0.9873374700546265,-0.012013223022222519,0.002470292616635561,0.1581353396177292,0.0,0.023071367293596268,0.0,1021.980224609375,8.15097713470459,1.2671922445297241,0.38999998569488525,0.0,0.0,0.0,0.0,0.0,1.401298464324817e-45
138,0.5,0.0,-0.0038674217648804188,0.047580357640981674,0.39102742075920105,0.007705965079367161,0.037170927971601486,0.39209413528442383,0.008852810598909855,-0.02359742857515812,0.3172420859336853,0.0,0.0,0.0,0.0,0.0,0.0,0.0,0.0,0.0,0.9873555302619934,-0.012349297292530537,0.002506917342543602,0.15799511969089508,0.0,0.0,0.0,1021.9484252929688,8.148640632629395,1.2671633958816528,0.38999998569488525,0.0,0.0,0.0,0.0,0.0,1.401298464324817e-45
138,0.5,0.0,-0.002226341050118208,-0.012233509682118893,0.4079141318798065,-0.010596281848847866,-0.02167259156703949,0.4073869287967682,0.011382868513464928,-0.026387348771095276,0.3192674517631531,0.0,0.0,0.0,0.0,0.0,0.0,0.0,0.0,0.0,0.9871680736541748,-0.013929897919297218,0.003521453123539686,0.15901373326778412,0.0,0.0004908795817755163,0.0,1021.977294921875,8.152146339416504,1.2671834230422974,0.38999998569488525,0.0,0.0,0.0,0.0,0.0,1.401298464324817e-45
138,0.5,0.0,0.02625691145658493,0.01424134150147438,0.413967102766037,0.02383970282971859,-0.0048658414743840694,0.4143263101577759,0.013434014283120632,-0.02443774789571762,0.31996574997901917,0.0,0.0,0.0,0.0,0.0,0.0,0.0,0.0,0.0,0.9871171116828918,-0.01313216332346201,0.0046843294985592365,0.15936622023582458,0.0,0.0,0.0,1021.9599609375,8.152146339416504,1.2671618461608887,0.38999998569488525,0.0,0.0,0.0,0.0,0.0,1.401298464324817e-45
138,0.5,0.0,0.03623461723327637,0.028764819726347923,0.37775513529777527,0.039942413568496704,0.006015390157699585,0.3784249722957611,0.009212684817612171,-0.02628195844590664,0.31881070137023926,0.0,0.0,0.0,0.0,0.0,0.0,0.0,0.0,0.0,0.9872126579284668,-0.013704921118915081,0.002461759140715003,0.15877488255500793,0.0,-0.16297003626823425,0.0,1021.9686279296875,8.153314590454102,1.267167329788208,0.38999998569488525,0.0,0.0,0.0,0.0,0.0,1.401298464324817e-45
138,0.5,0.0,-0.003223674139007926,-0.028530322015285492,0.4007425010204315,-0.015744337812066078,-0.03634633868932724,0.399809330701828,0.009390437975525856,-0.025620874017477036,0.3179737627506256,0.0,0.0,0.0,0.0,0.0,0.0,0.0,0.0,0.0,0.9872829914093018,-0.013391618616878986,0.002607587492093444,0.1583619862794876,0.0,0.0,0.0,1021.9425659179688,8.152146339416504,1.26714026927948,0.38999998569488525,0.0,0.0,0.0,0.0,0.0,1.401298464324817e-45
138,0.5,0.0,-0.015298773534595966,0.05289021506905556,0.4625186622142792,-0.0030483477748930454,0.04508228227496147,0.46358367800712585,0.010687329806387424,-0.021472344174981117,0.31599095463752747,0.0,0.0,0.0,0.0,0.0,0.0,0.0,0.0,0.0,0.987460732460022,-0.01144277025014162,0.003587644314393401,0.15738369524478912,0.0,0.2321934998035431,0.0,1021.9570922851562,8.15097713470459,1.267163634300232,0.38999998569488525,0.0,0.0,0.0,0.0,0.0,1.401298464324817e-45
138,0.5,0.0,-0.014972487464547157,0.0032911852467805147,0.398647278547287,-0.017182232812047005,-0.00010151811147807166,0.39856863021850586,0.009976822882890701,-0.01978936977684498,0.31632450222969055,0.0,0.0,0.0,0.0,0.0,0.0,0.0,0.0,0.0,0.9874461889266968,-0.010556518100202084,0.003367507364600897,0.1575421243906021,0.0,0.0,0.0,1021.9830932617188,8.149808883666992,1.2672010660171509,0.38999998569488525,0.0,0.0,0.0,0.0,0.0,1.401298464324817e-45
138,0.5,0.0,-0.004320248030126095,0.005503115244209766,0.3850516974925995,-0.0066225589253008366,-0.0023589087650179863,0.3850482106208801,0.011055506765842438,-0.023226214572787285,0.32060307264328003,0.0,0.0,0.0,0.0,0.0,0.0,0.0,0.0,0.0,0.9870836138725281,-0.012345999479293823,0.00360294827260077,0.15966545045375824,0.0,-0.16297341883182526,0.0,1021.9945678710938,8.156820297241211,1.267183780670166,0.38999998569488525,0.0,0.0,0.0,0.0,0.0,1.401298464324817e-45
138,0.5,0.0,0.0511728897690773,-0.008067216724157333,0.3358268439769745,0.042804863303899765,-0.0328022725880146,0.3354896605014801,0.009505079127848148,-0.026716560125350952,0.32160207629203796,0.0,0.0,0.0,0.0,0.0,0.0,0.0,0.0,0.0,0.986985981464386,-0.013946212828159332,0.0025521269999444485,0.16015489399433136,0.0,0.0,0.0,1021.9686279296875,8.149808883666992,1.2671831846237183,0.38999998569488525,0.0,0.0,0.0,0.0,0.0,1.401298464324817e-45
138,0.5,0.0,0.057901740074157715,0.010972114279866219,0.3857545554637909,0.05482225492596626,-0.01850145123898983,0.38591378927230835,0.009266121312975883,-0.027444347739219666,0.32181301712989807,0.0,0.0,0.0,0.0,0.0,0.0,0.0,0.0,0.0,0.9869649410247803,-0.01428650040179491,0.002374413423240185,0.16025839745998383,0.0,-0.21009953320026398,0.0,1021.9859008789062,8.1544828414917,1.267183542251587,0.38999998569488525,0.0,0.0,0.0,0.0,0.0,1.401298464324817e-45
138,0.5,0.0,0.002224802505224943,0.021983347833156586,0.35643669962882996,0.0054811472073197365,0.010853806510567665,0.3569110035896301,0.010092075914144516,-0.02604307234287262,0.3225659430027008,0.0,0.0,0.0,0.0,0.0,0.0,0.0,0.0,0.0,0.9869113564491272,-0.013662213459610939,0.0028891621623188257,0.16063322126865387,0.0,0.0,0.0,1021.9686279296875,8.15097713470459,1.267177939414978,0.38999998569488525,0.0,0.0,0.0,0.0,0.0,1.401298464324817e-45
138,0.5,0.0,-0.020054208114743233,0.01772763766348362,0.36296364665031433,-0.017343444749712944,0.015119119547307491,0.3632184565067291,0.010693632066249847,-0.02207811176776886,0.31985536217689514,0.0,0.0,0.0,0.0,0.0,0.0,0.0,0.0,0.0,0.9871513843536377,-0.011749176308512688,0.00352039048448205,0.15929248929023743,0.0,-0.27980101108551025,0.0,1021.977294921875,8.153314590454102,1.2671780586242676,0.38999998569488525,0.0,0.0,0.0,0.0,0.0,1.401298464324817e-45
138,0.5,0.0,0.03707141429185867,-0.05385308712720871,0.4587268531322479,0.014164900407195091,-0.07442870736122131,0.4571225643157959,0.008779319003224373,-0.025396881625056267,0.32089364528656006,0.0,0.0,0.0,0.0,0.0,0.0,0.0,0.0,0.0,0.9870540499687195,-0.01323606725782156,0.0023043209221214056,0.15979927778244019,0.0,0.0,0.0,1022.0032348632812,8.157988548278809,1.2671892642974854,0.38999998569488525,0.0,0.0,0.0,0.0,0.0,1.401298464324817e-45
138,0.5,0.0,0.01491844467818737,0.02672729827463627,0.3698529899120331,0.01969793252646923,0.012029705569148064,0.37039613723754883,0.007877996191382408,-0.023228773847222328,0.32212311029434204,0.0,0.0,0.0,0.0,0.0,0.0,0.0,0.0,0.0,0.9869722127914429,-0.012095317244529724,0.0020252703689038754,0.16039858758449554,0.0,0.21010299026966095,0.0,1021.971435546875,8.156820297241211,1.2671550512313843,0.38999998569488525,0.0,0.0,0.0,0.0,0.0,1.401298464324817e-45
138,0.5,0.0,0.029335426166653633,0.022190364077687263,0.35626503825187683,0.03184540197253227,0.002565134083852172,0.3567282557487488,0.008385582827031612,-0.025929203256964684,0.32065826654434204,0.0,0.0,0.0,0.0,0.0,0.0,0.0,0.0,0.0,0.987070620059967,-0.013467102311551571,0.0020690488163381815,0.15968133509159088,0.0,0.0,0.0,1021.974365234375,8.155652046203613,1.2671639919281006,0.38999998569488525,0.0,0.0,0.0,0.0,0.0,1.401298464324817e-45
138,0.5,0.0,-0.018219446763396263,0.02665955200791359,0.39234063029289246,-0.0130348214879632,0.0206928513944149,0.39290377497673035,0.010400482453405857,-0.02631504461169243,0.31849905848503113,0.0,0.0,0.0,0.0,0.0,0.0,0.0,0.0,0.0,0.9872331023216248,-0.013815002515912056,0.0030476050451397896,0.15862835943698883,0.0,0.30288222432136536,0.0,1021.974365234375,8.155652046203613,1.2671639919281006,0.38999998569488525,0.0,0.0,0.0,0.0,0.0,1.401298464324817e-45
138,0.5,0.0,-0.0075527881272137165,-0.02647152543067932,0.44416043162345886,-0.020045163109898567,-0.03457580506801605,0.4432108700275421,0.010417642071843147,-0.026535579934716225,0.3166051208972931,0.0,0.0,0.0,0.0,0.0,0.0,0.0,0.0,0.0,0.9873812198638916,-0.013922338373959064,0.00305176991969347,0.15769381821155548,0.0,0.0,0.0,1021.9973754882812,8.162663459777832,1.2671608924865723,0.38999998569488525,0.0,0.0,0.0,0.0,0.0,1.401298464324817e-45
138,0.5,0.0,0.018757028505206108,0.009905315935611725,0.36415669322013855,0.0168157946318388,-0.006116953678429127,0.364331990480423,0.011249925009906292,-0.026509813964366913,0.3180723488330841,0.0,0.0,0.0,0.0,0.0,0.0,0.0,0.0,0.0,0.9872624278068542,-0.013977721333503723,0.003454449586570263,0.15842320024967194,0.0,-0.1865387260913849,0.0,1021.9974365234375,8.157988548278809,1.2671819925308228,0.38999998569488525,0.0,0.0,0.0,0.0,0.0,1.401298464324817e-45
138,0.5,0.0,0.03856884688138962,0.05632039159536362,0.49117371439933777,0.04960055276751518,0.030166441574692726,0.49248045682907104,0.009465991519391537,-0.022881854325532913,0.3181963264942169,0.0,0.0,0.0,0.0,0.0,0.0,0.0,0.0,0.0,0.9872823357582092,-0.012045805342495441,0.0028604217804968357,0.15846851468086243,0.0,0.0,0.0,1021.9772338867188,8.1544828414917,1.2671728134155273,0.38999998569488525,0.0,0.0,0.0,0.0,0.0,1.401298464324817e-45
138,0.5,0.0,0.02393912710249424,-0.030029723420739174,0.450623482465744,0.009632323868572712,-0.04704055190086365,0.4496973156929016,0.008316326886415482,-0.024527885019779205,0.3171441853046417,0.0,0.0,0.0,0.0,0.0,0.0,0.0,0.0,0.0,0.9873591661453247,-0.012766181491315365,0.0021691827569156885,0.15794488787651062,0.0,0.16297873854637146,0.0,1021.9772338867188,8.155652046203613,1.2671674489974976,0.38999998569488525,0.0,0.0,0.0,0.0,0.0,1.401298464324817e-45
138,0.5,0.0,0.026659676805138588,-0.03298677131533623,0.4214191138744354,0.01203806884586811,-0.049273792654275894,0.42049649357795715,0.007095556706190109,-0.022832537069916725,0.31750577688217163,0.0,0.0,0.0,0.0,0.0,0.0,0.0,0.0,0.0,0.9873443841934204,-0.011833173222839832,0.0016982388915494084,0.1581149846315384,0.0,0.0,0.0,1021.974365234375,8.155652046203613,1.2671639919281006,0.38999998569488525,0.0,0.0,0.0,0.0,0.0,1.401298464324817e-45
138,0.5,0.0,0.03296063095331192,-0.0134976701810956,0.44435402750968933,0.02249295450747013,-0.035821303725242615,0.44376441836357117,0.01036329660564661,-0.028608964756131172,0.3174930810928345,0.0,0.0,0.0,0.0,0.0,0.0,0.0,0.0,0.0,0.9872963428497314,-0.014942928217351437,0.002854823600500822,0.15813490748405457,0.0,0.18605202436447144,0.0,1021.9772338867188,8.156820297241211,1.2671622037887573,0.38999998569488525,0.0,0.0,0.0,0.0,0.0,1.401298464324817e-45
138,0.5,0.0,0.015293997712433338,0.01130365114659071,0.35692211985588074,0.014392966404557228,-0.0035975193604826927,0.35711759328842163,0.01026915293186903,-0.026766985654830933,0.3176315128803253,0.0,0.0,0.0,0.0,0.0,0.0,0.0,0.0,0.0,0.9872990846633911,-0.014026399701833725,0.0029530166648328304,0.1581999510526657,0.0,0.0,0.0,1022.003173828125,8.16032600402832,1.2671786546707153,0.38999998569488525,0.0,0.0,0.0,0.0,0.0,1.401298464324817e-45
138,0.5,0.0,-0.0051316856406629086,0.004248225595802069,0.29170700907707214,-0.006134456023573875,-0.0013728068443015218,0.291713148355484,0.008905552327632904,-0.024059949442744255,0.3196427524089813,0.0,0.0,0.0,0.0,0.0,0.0,0.0,0.0,0.0,0.9871622323989868,-0.012584784999489784,0.0024813127238303423,0.15918105840682983,0.0,-0.046143919229507446,0.0,1021.9916381835938,8.159157752990723,1.2671695947647095,0.38999998569488525,0.0,0.0,0.0,0.0,0.0,1.401298464324817e-45
138,0.5,0.0,0.02276810072362423,0.0731050968170166,0.3474073112010956,0.041853662580251694,0.05367228761315346,0.3491705656051636,0.007941393181681633,-0.024549856781959534,0.3200899362564087,0.0,0.0,0.0,0.0,0.0,0.0,0.0,0.0,0.0,0.9871261715888977,-0.01275034062564373,0.0019635697826743126,0.15939681231975555,0.0,0.0,0.0,1021.9973754882812,8.162663459777832,1.2671608924865723,0.38999998569488525,0.0,0.0,0.0,0.0,0.0,1.401298464324817e-45
138,0.5,0.0,-0.036043260246515274,-0.011394189670681953,0.4866351783275604,-0.04382063448429108,-0.011237877421081066,0.4859963655471802,0.012388624250888824,-0.02451980672776699,0.3241965174674988,0.0,0.0,0.0,0.0,0.0,0.0,0.0,0.0,0.0,0.9867815971374512,-0.013098222203552723,0.004134113434702158,0.1614483892917633,0.0,0.16396258771419525,0.0,1021.9828491210938,8.164999961853027,1.2671324014663696,0.38999998569488525,0.0,0.0,0.0,0.0,0.0,1.401298464324817e-45
138,0.5,0.0,0.02777675725519657,0.08148358017206192,0.44032761454582214,0.0476311631500721,0.05849368870258331,0.44227367639541626,0.009998085908591747,-0.022842513397336006,0.32055187225341797,0.0,0.0,0.0,0.0,0.0,0.0,0.0,0.0,0.0,0.987093448638916,-0.012072190642356873,0.0031119934283196926,0.15963391959667206,0.0,0.0,0.0,1021.9771728515625,8.16032600402832,1.267146348953247,0.38999998569488525,0.0,0.0,0.0,0.0,0.0,1.401298464324817e-45
138,0.5,0.0,-0.00843849591910839,-0.013641880825161934,0.400722473859787,-0.017169630154967308,-0.02062143385410309,0.4001416862010956,0.012177955359220505,-0.025761470198631287,0.3189685046672821,0.0,0.0,0.0,0.0,0.0,0.0,0.0,0.0,0.0,0.9871929883956909,-0.01368353608995676,0.00396571634337306,0.15886974334716797,0.0,0.37211206555366516,0.0,1021.968505859375,8.159157752990723,1.2671408653259277,0.38999998569488525,0.0,0.0,0.0,0.0,0.0,1.401298464324817e-45
138,0.5,0.0,0.05134492740035057,0.04923033341765404,0.35534951090812683,0.06071106344461441,0.02169688045978546,0.3566153049468994,0.009867658838629723,-0.024950459599494934,0.31988492608070374,0.0,0.0,0.0,0.0,0.0,0.0,0.0,0.0,0.0,0.987133800983429,-0.013101189397275448,0.002883738838136196,0.15930718183517456,0.0,0.0,0.0,1021.98876953125,8.159157752990723,1.267166018486023,0.38999998569488525,0.0,0.0,0.0,0.0,0.0,1.401298464324817e-45
138,0.5,0.0,0.01809055730700493,-0.07130445539951324,0.43826863169670105,-0.008946450427174568,-0.08528120070695877,0.4360446333885193,0.008618303574621677,-0.02722196839749813,0.3187979757785797,0.0,0.0,0.0,0.0,0.0,0.0,0.0,0.0,0.0,0.9872090220451355,-0.014121748507022858,0.002093827584758401,0.15876595675945282,0.0,-0.1158512607216835,0.0,1021.9915771484375,8.16383171081543,1.267148494720459,0.38999998569488525,0.0,0.0,0.0,0.0,0.0,1.401298464324817e-45
138,0.5,0.0,-0.009961988776922226,-0.01027947198599577,0.3726482093334198,-0.01669931598007679,-0.017428018152713776,0.372138112783432,0.01075942162424326,-0.029021596536040306,0.32013580203056335,0.0,0.0,0.0,0.0,0.0,0.0,0.0,0.0,0.0,0.9870818853378296,-0.015181886963546276,0.002997692208737135,0.15944258868694305,0.0,0.0,0.0,1021.98876953125,8.159157752990723,1.267166018486023,0.38999998569488525,0.0,0.0,0.0,0.0,0.0,1.401298464324817e-45
138,0.5,0.0,0.034985627979040146,-0.01223708875477314,0.35000893473625183,0.026878630742430687,-0.03172394260764122,0.3494985103607178,0.00714498246088624,-0.026092728599905968,0.3191077709197998,0.0,0.0,0.0,0.0,0.0,0.0,0.0,0.0,0.0,0.9871967434883118,-0.013447698205709457,0.001454122713766992,0.1589086502790451,0.0,0.2096199244260788,0.0,1021.9771118164062,8.162663459777832,1.267135739326477,0.38999998569488525,0.0,0.0,0.0,0.0,0.0,1.401298464324817e-45
138,0.5,0.0,0.022145496681332588,-0.019898321479558945,0.39266106486320496,0.012835647910833359,-0.035354822874069214,0.39198464155197144,0.004977285396307707,-0.024254420772194862,0.318901926279068,0.0,0.0,0.0,0.0,0.0,0.0,0.0,0.0,0.0,0.9872303009033203,-0.012368103489279747,0.0005314484005793929,0.15879318118095398,0.0,0.0,0.0,1021.9540405273438,8.161494255065918,1.267112374305725,0.38999998569488525,0.0,0.0,0.0,0.0,0.0,1.401298464324817e-45
138,0.5,0.0,0.034617602825164795,0.04525990039110184,0.4339151084423065,0.043919723480939865,0.022104529663920403,0.4348662197589874,0.007419183850288391,-0.02279118075966835,0.32134687900543213,0.0,0.0,0.0,0.0,0.0,0.0,0.0,0.0,0.0,0.987038254737854,-0.011841882020235062,0.0018385379808023572,0.1600126177072525,0.0,0.1865452378988266,0.0,1021.962646484375,8.16383171081543,1.2671126127243042,0.38999998569488525,0.0,0.0,0.0,0.0,0.0,1.401298464324817e-45
138,0.5,0.0,0.008995936252176762,0.02584376372396946,0.44214531779289246,0.013193415477871895,0.010489460080862045,0.44266700744628906,0.00794682465493679,-0.025271832942962646,0.32179123163223267,0.0,0.0,0.0,0.0,0.0,0.0,0.0,0.0,0.0,0.9869856238365173,-0.013108734041452408,0.0018975596176460385,0.1602371782064438,0.0,0.0,0.0,1021.9915161132812,8.164999961853027,1.2671431303024292,0.38999998569488525,0.0,0.0,0.0,0.0,0.0,1.401298464324817e-45
138,0.5,0.0,0.01554972305893898,-0.034552548080682755,0.3434610068798065,0.0010690557537600398,-0.046620722860097885,0.3423808217048645,0.008174857124686241,-0.02603773958981037,0.3203805387020111,0.0,0.0,0.0,0.0,0.0,0.0,0.0,0.0,0.0,0.9870926737785339,-0.013503583148121834,0.0019582551904022694,0.15954309701919556,0.0,-0.09228953719139099,0.0,1021.97412109375,8.168505668640137,1.2671056985855103,0.38999998569488525,0.0,0.0,0.0,0.0,0.0,1.401298464324817e-45
138,0.5,0.0,-0.02597961015999317,0.020250502973794937,0.413239449262619,-0.022174958139657974,0.017867857590317726,0.41356757283210754,0.009466812014579773,-0.023092150688171387,0.32097485661506653,0.0,0.0,0.0,0.0,0.0,0.0,0.0,0.0,0.0,0.987060010433197,-0.012153621762990952,0.0028272822964936495,0.15984025597572327,0.0,0.0,0.0,1021.9827880859375,8.168505668640137,1.2671165466308594,0.38999998569488525,0.0,0.0,0.0,0.0,0.0,1.401298464324817e-45
138,0.5,0.0,0.026665030047297478,-0.12366771697998047,0.4182233512401581,-0.017599960789084435,-0.13702847063541412,0.41451889276504517,0.009200881235301495,-0.02706895023584366,0.3212908208370209,0.0,0.0,0.0,0.0,0.0,0.0,0.0,0.0,0.0,0.9870095252990723,-0.014095405116677284,0.0023759782779961824,0.15999983251094818,0.0,-0.16297951340675354,0.0,1021.9799194335938,8.168505668640137,1.2671129703521729,0.38999998569488525,0.0,0.0,0.0,0.0,0.0,1.401298464324817e-45
138,0.5,0.0,0.015811890363693237,-0.002321153413504362,0.3649902045726776,0.011159544810652733,-0.01780659332871437,0.3647320866584778,0.008472325280308723,-0.028982268646359444,0.3236925005912781,0.0,0.0,0.0,0.0,0.0,0.0,0.0,0.0,0.0,0.9868051409721375,-0.014983616769313812,0.0018453692318871617,0.16118218004703522,0.0,0.0,0.0,1021.9771118164062,8.16383171081543,1.2671304941177368,0.38999998569488525,0.0,0.0,0.0,0.0,0.0,1.401298464324817e-45
138,0.5,0.0,0.023818442597985268,0.05984324589371681,0.3403453528881073,0.03877978399395943,0.041207265108823776,0.34173041582107544,0.008360661566257477,-0.02327628619968891,0.3239212930202484,0.0,0.0,0.0,0.0,0.0,0.0,0.0,0.0,0.0,0.9868258237838745,-0.012159476988017559,0.0022487223614007235,0.1612885445356369,0.0,-0.09425470978021622,0.0,1021.9713134765625,8.166169166564941,1.2671127319335938,0.38999998569488525,0.0,0.0,0.0,0.0,0.0,1.401298464324817e-45
138,0.5,0.0,-0.014187796041369438,0.014143547974526882,0.44966599345207214,-0.012301298789680004,0.006432869005948305,0.4498943090438843,0.007542354520410299,-0.025590740144252777,0.32604801654815674,0.0,0.0,0.0,0.0,0.0,0.0,0.0,0.0,0.0,0.9866414070129395,-0.01323725562542677,0.0016442309133708477,0.16233539581298828,0.0,0.0,0.0,1021.9510498046875,8.166169166564941,1.267087697982788,0.38999998569488525,0.0,0.0,0.0,0.0,0.0,1.401298464324817e-45
138,0.5,0.0,-0.040577977895736694,0.012223806232213974,0.44278809428215027,-0.039839912205934525,0.013917701318860054,0.44280165433883667,0.012061980552971363,-0.024156155064702034,0.326980322599411,0.0,0.0,0.0,0.0,0.0,0.0,0.0,0.0,0.0,0.9865596294403076,-0.012898013927042484,0.003984350711107254,0.16281922161579132,0.0,0.1865483522415161,0.0,1021.9452514648438,8.167337417602539,1.2670751810073853,0.38999998569488525,0.0,0.0,0.0,0.0,0.0,1.401298464324817e-45
138,0.5,0.0,-0.014267454855144024,0.027979275211691856,0.32010361552238464,-0.007538740523159504,0.02304455079138279,0.3207229673862457,0.009495364502072334,-0.025088082998991013,0.32779985666275024,0.0,0.0,0.0,0.0,0.0,0.0,0.0,0.0,0.0,0.986496090888977,-0.01315002329647541,0.0026369981933385134,0.16321054100990295,0.0,0.0,0.0,1021.9827880859375,8.170843124389648,1.2671059370040894,0.38999998569488525,0.0,0.0,0.0,0.0,0.0,1.401298464324817e-45
138,0.5,0.0,0.010249406099319458,0.005647455342113972,0.3429698646068573,0.008207294158637524,-0.007454860024154186,0.34298768639564514,0.009637290611863136,-0.027839740738272667,0.32357481122016907,0.0,0.0,0.0,0.0,0.0,0.0,0.0,0.0,0.0,0.986819326877594,-0.014513559639453888,0.0025131162256002426,0.1611306369304657,0.0,0.25625941157341003,0.0,1021.939453125,8.167337417602539,1.2670680284500122,0.38999998569488525,0.0,0.0,0.0,0.0,0.0,1.401298464324817e-45
138,0.5,0.0,0.0038767147343605757,-0.005823827348649502,0.37884899973869324,-0.0014562089927494526,-0.016931338235735893,0.3785293400287628,0.008650165982544422,-0.026871101930737495,0.32399842143058777,0.0,0.0,0.0,0.0,0.0,0.0,0.0,0.0,0.0,0.9867952466011047,-0.013956598937511444,0.002101125195622444,0.16133219003677368,0.0,0.0,0.0,1021.9452514648438,8.168505668640137,1.267069935798645,0.38999998569488525,0.0,0.0,0.0,0.0,0.0,1.401298464324817e-45
138,0.5,0.0,0.03923497349023819,-0.0180804543197155,0.415162056684494,0.02870943211019039,-0.04096424952149391,0.41439199447631836,0.006598739884793758,-0.02734895423054695,0.323579877614975,0.0,0.0,0.0,0.0,0.0,0.0,0.0,0.0,0.0,0.9868316650390625,-0.014026777818799019,0.0010533210588619113,0.1611129492521286,0.0,0.0,0.0,1021.9596557617188,8.16967487335205,1.2670825719833374,0.38999998569488525,0.0,0.0,0.0,0.0,0.0,1.401298464324817e-45
138,0.5,0.0,0.011335808783769608,-0.005972374230623245,0.32802292704582214,0.0067031290382146835,-0.017572149634361267,0.32773131132125854,0.006550605408847332,-0.025338180363178253,0.32319167256355286,0.0,0.0,0.0,0.0,0.0,0.0,0.0,0.0,0.0,0.9868767261505127,-0.013030517846345901,0.0011940785916522145,0.16091999411582947,0.0,0.0,0.0,1021.9654541015625,8.16967487335205,1.2670897245407104,0.38999998569488525,0.0,0.0,0.0,0.0,0.0,1.401298464324817e-45
138,0.5,0.0,0.004585024435073137,-0.006677241530269384,0.42882534861564636,-0.0011790113057941198,-0.01890537515282631,0.4284800589084625,0.007945224642753601,-0.025935718789696693,0.32304176688194275,0.0,0.0,0.0,0.0,0.0,0.0,0.0,0.0,0.0,0.9868810176849365,-0.013437379151582718,0.0018351776525378227,0.16085492074489594,0.0,-0.02356375940144062,0.0,1021.9596557617188,8.170843124389648,1.2670773267745972,0.38999998569488525,0.0,0.0,0.0,0.0,0.0,1.401298464324817e-45
138,0.5,0.0,-0.00023242489260155708,0.008016121573746204,0.4213561713695526,-0.0022203598637133837,-0.0030099248979240656,0.42141255736351013,0.010771910659968853,-0.02536010555922985,0.3222837448120117,0.0,0.0,0.0,0.0,0.0,0.0,0.0,0.0,0.0,0.9869362115859985,-0.0133792944252491,0.0032813826110213995,0.16049692034721375,0.0,0.0,0.0,1021.9856567382812,8.170843124389648,1.2671095132827759,0.38999998569488525,0.0,0.0,0.0,0.0,0.0,1.401298464324817e-45
138,0.5,0.0,-0.011672882363200188,0.03838106244802475,0.33343979716300964,-0.0017542255809530616,0.03285985812544823,0.33422574400901794,0.008619725704193115,-0.021689988672733307,0.3231634497642517,0.0,0.0,0.0,0.0,0.0,0.0,0.0,0.0,0.0,0.9868955016136169,-0.011396704241633415,0.0025087955873459578,0.1609140783548355,0.0,-0.06970987468957901,0.0,1021.97119140625,8.170843124389648,1.2670916318893433,0.38999998569488525,0.0,0.0,0.0,0.0,0.0,1.401298464324817e-45
138,0.5,0.0,0.03953751549124718,0.013110590167343616,0.4640063941478729,0.03814356029033661,-0.011896166019141674,0.4641520082950592,0.007562414743006229,-0.02518484741449356,0.3250868320465088,0.0,0.0,0.0,0.0,0.0,0.0,0.0,0.0,0.0,0.986721932888031,-0.01303783431649208,0.0016933389706537127,0.16186097264289856,0.0,0.0,0.0,1021.9625244140625,8.16967487335205,1.267086148262024,0.38999998569488525,0.0,0.0,0.0,0.0,0.0,1.401298464324817e-45
138,0.5,0.0,0.03199224919080734,0.06428521126508713,0.34772011637687683,0.04779955744743347,0.04211309552192688,0.3492922782897949,0.008548760786652565,-0.024835839867591858,0.32362112402915955,0.0,0.0,0.0,0.0,0.0,0.0,0.0,0.0,0.0,0.9868397116661072,-0.012943805195391178,0.0022177069913595915,0.1611432582139969,0.0,-0.02356405183672905,0.0,1021.97119140625,8.172011375427246,1.2670862674713135,0.38999998569488525,0.0,0.0,0.0,0.0,0.0,1.401298464324817e-45
138,0.5,0.0,-0.10273591428995132,-0.0006664738757535815,0.42818543314933777,-0.101286381483078,0.022148586809635162,0.42795464396476746,0.008718262426555157,-0.023529378697276115,0.3253936171531677,0.0,0.0,0.0,0.0,0.0,0.0,0.0,0.0,0.0,0.9867039918899536,-0.012314943596720695,0.002395696472376585,0.16201718151569366,0.0,0.0,0.0,1021.9740600585938,8.17318058013916,1.2670845985412598,0.38999998569488525,0.0,0.0,0.0,0.0,0.0,1.401298464324817e-45
138,0.5,0.0,0.006100623402744532,0.04546011611819267,0.38394638895988464,0.016895927488803864,0.0319422110915184,0.38498127460479736,0.009058295749127865,-0.02379668690264225,0.32688984274864197,0.0,0.0,0.0,0.0,0.0,0.0,0.0,0.0,0.0,0.9865800738334656,-0.012476249597966671,0.0025324677117168903,0.1627575308084488,0.0,0.20962515473365784,0.0,1021.9480590820312,8.17318058013916,1.267052412033081,0.38999998569488525,0.0,0.0,0.0,0.0,0.0,1.401298464324817e-45
138,0.5,0.0,-0.012294072657823563,0.0009614246082492173,0.37085434794425964,-0.015109033323824406,-0.003957006614655256,0.3707274794578552,0.010188592597842216,-0.02379617840051651,0.3275153636932373,0.0,0.0,0.0,0.0,0.0,0.0,0.0,0.0,0.0,0.9865251779556274,-0.0125688835978508,0.0030861578416079283,0.16307224333286285,0.0,0.0,0.0,1021.9913940429688,8.175517082214355,1.2670955657958984,0.38999998569488525,0.0,0.0,0.0,0.0,0.0,1.401298464324817e-45
138,0.5,0.0,0.03597196564078331,0.0024123911280184984,0.37137314677238464,0.03174736350774765,-0.019099362194538116,0.37127217650413513,0.008375570178031921,-0.026649504899978638,0.32498687505722046,0.0,0.0,0.0,0.0,0.0,0.0,0.0,0.0,0.0,0.986717939376831,-0.013826107606291771,0.001976677915081382,0.16181796789169312,0.0,0.07020185887813568,0.0,1021.9566650390625,8.175517082214355,1.2670525312423706,0.38999998569488525,0.0,0.0,0.0,0.0,0.0,1.401298464324817e-45
138,0.5,0.0,0.041500918567180634,-0.023228950798511505,0.3578033149242401,0.028999578207731247,-0.044910818338394165,0.356966495513916,0.00809488445520401,-0.026945967227220535,0.3253953754901886,0.0,0.0,0.0,0.0,0.0,0.0,0.0,0.0,0.0,0.9866834878921509,-0.013950043357908726,0.001811361056752503,0.16201798617839813,0.0,0.0,0.0,1021.9711303710938,8.174348831176758,1.2670756578445435,0.38999998569488525,0.0,0.0,0.0,0.0,0.0,1.401298464324817e-45
138,0.5,0.0,-0.0008628785726614296,-0.0017556423554196954,0.39957138895988464,-0.004416980314999819,-0.011188860982656479,0.3993920087814331,0.007614471483975649,-0.024523649364709854,0.3222917318344116,0.0,0.0,0.0,0.0,0.0,0.0,0.0,0.0,0.0,0.986951470375061,-0.012713347561657429,0.0017903018742799759,0.16048157215118408,0.0,-0.04712804779410362,0.0,1021.9653930664062,8.17318058013916,1.2670738697052002,0.38999998569488525,0.0,0.0,0.0,0.0,0.0,1.401298464324817e-45
138,0.5,0.0,-0.009083735756576061,0.00574840372428298,0.46451279520988464,-0.010055755265057087,-0.004073795396834612,0.4645068645477295,0.007038481067866087,-0.026717569679021835,0.32334011793136597,0.0,0.0,0.0,0.0,0.0,0.0,0.0,0.0,0.0,0.9868542551994324,-0.013750490732491016,0.0013228114694356918,0.16099712252616882,0.0,0.0,0.0,1021.953857421875,8.172011375427246,1.2670648097991943,0.38999998569488525,0.0,0.0,0.0,0.0,0.0,1.401298464324817e-45
138,0.5,0.0,0.02906213328242302,0.03152036294341087,0.3480043113231659,0.03532564640045166,0.01273137703537941,0.3486161530017853,0.006541320122778416,-0.022566789761185646,0.3248862624168396,0.0,0.0,0.0,0.0,0.0,0.0,0.0,0.0,0.0,0.9867571592330933,-0.01166344154626131,0.0014025995042175055,0.1617542803287506,0.0,-0.0932759940624237,0.0,1021.979736328125,8.179022789001465,1.2670652866363525,0.38999998569488525,0.0,0.0,0.0,0.0,0.0,1.401298464324817e-45
138,0.5,0.0,-0.004039899446070194,-0.015837430953979492,0.3208589255809784,-0.011321383528411388,-0.02148813009262085,0.3203530013561249,0.007642451673746109,-0.024204757064580917,0.3238445222377777,0.0,0.0,0.0,0.0,0.0,0.0,0.0,0.0,0.0,0.9868283867835999,-0.012559640221297741,0.0018199478508904576,0.1612476408481598,0.0,0.0,0.0,1021.9681396484375,8.181360244750977,1.2670403718948364,0.38999998569488525,0.0,0.0,0.0,0.0,0.0,1.401298464324817e-45
138,0.5,0.0,0.012063506059348583,-0.03055618517100811,0.38005444407463074,-0.002303428715094924,-0.04336806386709213,0.3789883852005005,0.010763425379991531,-0.027837863191962242,0.3215809166431427,0.0,0.0,0.0,0.0,0.0,0.0,0.0,0.0,0.0,0.9869752526283264,-0.01460021547973156,0.0030834877397865057,0.16015398502349854,0.0,0.23319372534751892,0.0,1021.9508666992188,8.177854537963867,1.2670347690582275,0.38999998569488525,0.0,0.0,0.0,0.0,0.0,1.401298464324817e-45
138,0.5,0.0,0.07591202855110168,0.03203638643026352,0.37740227580070496,0.07936030626296997,-0.003174767829477787,0.3780355155467987,0.007373095955699682,-0.02534247748553753,0.32152241468429565,0.0,0.0,0.0,0.0,0.0,0.0,0.0,0.0,0.0,0.987008273601532,-0.013097438961267471,0.0016105230897665024,0.16010116040706635,0.0,0.0,0.0,1021.982666015625,8.17668628692627,1.267079472541809,0.38999998569488525,0.0,0.0,0.0,0.0,0.0,1.401298464324817e-45
138,0.5,0.0,-0.05000871792435646,-0.06942248344421387,0.45331570506095886,-0.0746389850974083,-0.06263856589794159,0.450907438993454,0.011440311558544636,-0.02806949056684971,0.3229978084564209,0.0,0.0,0.0,0.0,0.0,0.0,0.0,0.0,0.0,0.9868571758270264,-0.01477107498794794,0.003388521261513233,0.1608579158782959,0.0,0.0,0.0,1021.9710693359375,8.179022789001465,1.267054557800293,0.38999998569488525,0.0,0.0,0.0,0.0,0.0,1.401298464324817e-45
138,0.5,0.0,0.08884982764720917,-0.002261958783492446,0.3641528785228729,0.08021073788404465,-0.0400121845304966,0.3639639616012573,0.008926481939852238,-0.025979680940508842,0.32536232471466064,0.0,0.0,0.0,0.0,0.0,0.0,0.0,0.0,0.0,0.9866902232170105,-0.013540618121623993,0.0023001371882855892,0.16200582683086395,0.0,0.0,0.0,1021.9884643554688,8.17668628692627,1.2670866250991821,0.38999998569488525,0.0,0.0,0.0,0.0,0.0,1.401298464324817e-45
138,0.5,0.0,0.02328651398420334,0.05381787195801735,0.44861504435539246,0.03445922210812569,0.032444342970848083,0.4499453008174896,0.010852385312318802,-0.02458191104233265,0.3267986476421356,0.0,0.0,0.0,0.0,0.0,0.0,0.0,0.0,0.0,0.9865761995315552,-0.013009337708353996,0.0033541847951710224,0.16272366046905518,0.0,-0.16298696398735046,0.0,1021.982666015625,8.179022789001465,1.2670689821243286,0.38999998569488525,0.0,0.0,0.0,0.0,0.0,1.401298464324817e-45
138,0.5,0.0,0.008205365389585495,0.07224523276090622,0.3685588538646698,0.029095936566591263,0.05737229436635971,0.37011080980300903,0.00517172971740365,-0.022727103903889656,0.327405720949173,0.0,0.0,0.0,0.0,0.0,0.0,0.0,0.0,0.0,0.9865549802780151,-0.011632705107331276,0.0006992404232732952,0.16298995912075043,0.0,0.0,0.0,1021.9682006835938,8.17668628692627,1.2670615911483765,0.38999998569488525,0.0,0.0,0.0,0.0,0.0,1.401298464324817e-45
138,0.5,0.0,0.034028198570013046,-0.02629823237657547,0.40135571360588074,0.020702004432678223,-0.04705416411161423,0.40036314725875854,0.007980557158589363,-0.0281940009444952,0.3234238922595978,0.0,0.0,0.0,0.0,0.0,0.0,0.0,0.0,0.0,0.9868341684341431,-0.014554855413734913,0.0016682037385180593,0.1610456258058548,0.0,0.09278669208288193,0.0,1021.9566040039062,8.179022789001465,1.2670366764068604,0.38999998569488525,0.0,0.0,0.0,0.0,0.0,1.401298464324817e-45
138,0.5,0.0,0.013520092703402042,-0.046873774379491806,0.509213387966156,-0.0065351249650120735,-0.062286604195833206,0.5076925158500671,0.008864615112543106,-0.026637636125087738,0.3222592771053314,0.0,0.0,0.0,0.0,0.0,0.0,0.0,0.0,0.0,0.9869359731674194,-0.01385674998164177,0.0022378205321729183,0.16047511994838715,0.0,0.0,0.0,1021.9566040039062,8.180191040039062,1.2670314311981201,0.38999998569488525,0.0,0.0,0.0,0.0,0.0,1.401298464324817e-45
138,0.5,0.0,0.02457975409924984,-0.011835477314889431,0.3640279471874237,0.017057444900274277,-0.028111184015870094,0.36356204748153687,0.006875023245811462,-0.024994848296046257,0.322537362575531,0.0,0.0,0.0,0.0,0.0,0.0,0.0,0.0,0.0,0.986930787563324,-0.012886742129921913,0.0013860025210306048,0.16059885919094086,0.0,-0.3033905625343323,0.0,1021.979736328125,8.181360244750977,1.267054796218872,0.38999998569488525,0.0,0.0,0.0,0.0,0.0,1.401298464324817e-45
138,0.5,0.0,-0.05691033601760864,-0.02372654527425766,0.35736367106437683,-0.06514738500118256,-0.013058041222393513,0.35650214552879333,0.010210064239799976,-0.02433321438729763,0.3238990008831024,0.0,0.0,0.0,0.0,0.0,0.0,0.0,0.0,0.0,0.9868150353431702,-0.012829991988837719,0.0030761645175516605,0.16128912568092346,0.0,0.0,0.0,1021.9912719726562,8.180191040039062,1.2670743465423584,0.38999998569488525,0.0,0.0,0.0,0.0,0.0,1.401298464324817e-45
138,0.5,0.0,-0.006438609678298235,0.05856125056743622,0.3975391089916229,0.009560169652104378,0.04885278269648552,0.39878278970718384,0.00757569819688797,-0.02185697667300701,0.32455986738204956,0.0,0.0,0.0,0.0,0.0,0.0,0.0,0.0,0.0,0.9867849349975586,-0.011396532878279686,0.001972218742594123,0.16159801185131073,0.0,0.16299228370189667,0.0,1021.9566040039062,8.180191040039062,1.2670314311981201,0.38999998569488525,0.0,0.0,0.0,0.0,0.0,1.401298464324817e-45
138,0.5,0.0,0.0011352025903761387,0.013046769425272942,0.3992767035961151,0.0016699008410796523,0.0022397127468138933,0.399478554725647,0.008969495072960854,-0.024429084733128548,0.32580772042274475,0.0,0.0,0.0,0.0,0.0,0.0,0.0,0.0,0.0,0.9866642355918884,-0.012779662385582924,0.002444113837555051,0.16222397983074188,0.0,0.0,0.0,1021.9970092773438,8.183696746826172,1.2670656442642212,0.38999998569488525,0.0,0.0,0.0,0.0,0.0,1.401298464324817e-45
138,0.5,0.0,0.014541764743626118,0.02328653819859028,0.38452908396720886,0.018254375085234642,0.008061709813773632,0.3849881589412689,0.007730540819466114,-0.02429024502635002,0.32566869258880615,0.0,0.0,0.0,0.0,0.0,0.0,0.0,0.0,0.0,0.986680269241333,-0.012610608711838722,0.0018450189381837845,0.16214825212955475,0.0,0.09229689091444016,0.0,1021.9566650390625,8.177854537963867,1.2670420408248901,0.38999998569488525,0.0,0.0,0.0,0.0,0.0,1.401298464324817e-45
138,0.5,0.0,0.03209603205323219,0.027420995756983757,0.37813469767570496,0.035820476710796356,0.0053190444596111774,0.3787534534931183,0.008791630156338215,-0.027677765116095543,0.3234202563762665,0.0,0.0,0.0,0.0,0.0,0.0,0.0,0.0,0.0,0.9868355989456177,-0.014365395531058311,0.0021100076846778393,0.16104866564273834,0.0,0.0,0.0,1021.976806640625,8.182528495788574,1.2670458555221558,0.38999998569488525,0.0,0.0,0.0,0.0,0.0,1.401298464324817e-45
138,0.5,0.0,0.0016255499795079231,-0.0301718320697546,0.3728885352611542,-0.011629541404545307,-0.03965098038315773,0.37181878089904785,0.00981075968593359,-0.028217442333698273,0.3208133280277252,0.0,0.0,0.0,0.0,0.0,0.0,0.0,0.0,0.0,0.9870373606681824,-0.014710322953760624,0.002588594565168023,0.15976953506469727,0.0,-0.25626569986343384,0.0,1021.994140625,8.184865951538086,1.2670568227767944,0.38999998569488525,0.0,0.0,0.0,0.0,0.0,1.401298464324817e-45
138,0.5,0.0,0.05054172873497009,-0.051371149718761444,0.4094066321849823,0.027725696563720703,-0.07613473385572433,0.4077244997024536,0.010164548642933369,-0.02815704047679901,0.31887680292129517,0.0,0.0,0.0,0.0,0.0,0.0,0.0,0.0,0.0,0.9871907234191895,-0.014706063084304333,0.0027822679840028286,0.15881597995758057,0.0,0.0,0.0,1021.994140625,8.184865951538086,1.2670568227767944,0.38999998569488525,0.0,0.0,0.0,0.0,0.0,1.401298464324817e-45
138,0.5,0.0,-0.6521574258804321,0.043943751603364944,0.6023978590965271,-0.6124887466430664,0.23235854506492615,0.6008138656616211,0.012227346189320087,-0.024471985176205635,0.3202194571495056,0.0,0.0,0.0,0.0,0.0,0.0,0.0,0.0,0.0,0.9871013760566711,-0.01305352058261633,0.00408436544239521,0.15948478877544403,0.0,0.09278861433267593,0.0,1021.9796752929688,8.182528495788574,1.2670494318008423,0.38999998569488525,0.0,0.0,0.0,0.0,0.0,1.401298464324817e-45
138,0.5,0.0,0.011996885761618614,-0.0063806017860770226,0.4134072959423065,0.005783202592283487,-0.018755532801151276,0.4131614863872528,0.008656403981149197,-0.021550334990024567,0.32188472151756287,0.0,0.0,0.0,0.0,0.0,0.0,0.0,0.0,0.0,0.9869989156723022,-0.01132911816239357,0.0025453746784478426,0.16028307378292084,0.0,0.0,0.0,1021.9796142578125,8.186034202575684,1.267033576965332,0.38999998569488525,0.0,0.0,0.0,0.0,0.0,1.401298464324817e-45
138,0.5,0.0,0.01481123361736536,0.02517169527709484,0.4706830680370331,0.018052617087960243,0.007750585209578276,0.4711752235889435,0.008443186990916729,-0.024258587509393692,0.32260727882385254,0.0,0.0,0.0,0.0,0.0,0.0,0.0,0.0,0.0,0.9869252443313599,-0.0126493526622653,0.0022185363341122866,0.16064171493053436,0.0,-0.023565029725432396,0.0,1021.973876953125,8.186034202575684,1.2670265436172485,0.38999998569488525,0.0,0.0,0.0,0.0,0.0,1.401298464324817e-45
138,0.5,0.0,-0.00929813738912344,0.018862532451748848,0.42044445872306824,-0.00684238551184535,0.01110903825610876,0.4207645058631897,0.00956649798899889,-0.02313503995537758,0.32346445322036743,0.0,0.0,0.0,0.0,0.0,0.0,0.0,0.0,0.0,0.9868597388267517,-0.012186317704617977,0.0028578860219568014,0.16106943786144257,0.0,0.0,0.0,1022.002685546875,8.189539909362793,1.2670464515686035,0.38999998569488525,0.0,0.0,0.0,0.0,0.0,1.401298464324817e-45
138,0.5,0.0,-0.01278326753526926,0.020179560407996178,0.42769142985343933,-0.009878871962428093,0.01322939246892929,0.4280364513397217,0.009989595972001553,-0.023351794108748436,0.32774680852890015,0.0,0.0,0.0,0.0,0.0,0.0,0.0,0.0,0.0,0.9865099787712097,-0.012333824299275875,0.0030228011310100555,0.16318470239639282,0.0,0.023565281182527542,0.0,1021.970947265625,8.186034202575684,1.2670228481292725,0.38999998569488525,0.0,0.0,0.0,0.0,0.0,1.401298464324817e-45
138,0.5,0.0,0.03069204092025757,-0.040240392088890076,0.4290408790111542,0.012519284151494503,-0.05797397717833519,0.4279213845729828,0.008611221797764301,-0.023410765454173088,0.3254524767398834,0.0,0.0,0.0,0.0,0.0,0.0,0.0,0.0,0.0,0.9867004752159119,-0.01224783156067133,0.0023521340917795897,0.16204550862312317,0.0,0.0,0.0,1021.9680786132812,8.187202453613281,1.2670140266418457,0.38999998569488525,0.0,0.0,0.0,0.0,0.0,1.401298464324817e-45
138,0.5,0.0,0.03740464150905609,0.08925360441207886,0.3753986060619354,0.06211577355861664,0.06386037915945053,0.3772936761379242,0.00561161432415247,-0.022656626999378204,0.32883206009864807,0.0,0.0,0.0,0.0,0.0,0.0,0.0,0.0,0.0,0.9864377975463867,-0.011634429916739464,0.0009136766311712563,0.1636958122253418,0.0,0.13942986726760864,0.0,1021.973876953125,8.184865951538086,1.2670317888259888,0.38999998569488525,0.0,0.0,0.0,0.0,0.0,1.401298464324817e-45
138,0.5,0.0,-0.036577995866537094,-0.08036093413829803,0.37389466166496277,-0.0641372799873352,-0.07426279783248901,0.37143245339393616,0.009579965844750404,-0.026881059631705284,0.32866033911705017,0.0,0.0,0.0,0.0,0.0,0.0,0.0,0.0,0.0,0.9864131808280945,-0.014042386785149574,0.0025263705756515265,0.16363774240016937,0.0,0.0,0.0,1021.9593505859375,8.187202453613281,1.2670031785964966,0.38999998569488525,0.0,0.0,0.0,0.0,0.0,1.401298464324817e-45
138,0.5,0.0,-0.03326926380395889,0.06424425542354584,0.2634391486644745,-0.014428604394197464,0.06343180686235428,0.2653326690196991,0.013924543745815754,-0.030683981254696846,0.32852762937545776,0.0,0.0,0.0,0.0,0.0,0.0,0.0,0.0,0.0,0.9863777160644531,-0.016272827982902527,0.004359068814665079,0.1636076271533966,0.0,0.022583674639463425,0.0,1021.9680786132812,8.186034202575684,1.267019271850586,0.38999998569488525,0.0,0.0,0.0,0.0,0.0,1.401298464324817e-45
138,0.5,0.0,0.3140173852443695,-0.16452939808368683,0.29056069254875183,0.24246066808700562,-0.264894962310791,0.2848549485206604,0.004968889523297548,-0.02647191658616066,0.3294159770011902,0.0,0.0,0.0,0.0,0.0,0.0,0.0,0.0,0.0,0.9863672852516174,-0.013463676907122135,0.0002804684336297214,0.16398116946220398,0.0,0.0,0.0,1021.970947265625,8.187202453613281,1.2670176029205322,0.38999998569488525,0.0,0.0,0.0,0.0,0.0,1.401298464324817e-45
138,0.5,0.0,0.12030251324176788,-0.033195845782756805,0.05119796842336655,0.10296718031167984,-0.0718105137348175,0.04936201125383377,0.003918497357517481,-0.03153198957443237,0.3283638656139374,0.0,0.0,0.0,0.0,0.0,0.0,0.0,0.0,0.0,0.9864188432693481,-0.015873432159423828,-0.0006440877914428711,0.16345450282096863,0.0,0.023074625059962273,0.0,1021.9593505859375,8.187202453613281,1.2670031785964966,0.38999998569488525,0.0,0.0,0.0,0.0,0.0,1.401298464324817e-45
138,0.5,0.0,-0.9972751140594482,-0.029121091589331627,0.4450626075267792,-0.9579081535339355,0.279362291097641,0.4447861611843109,0.009939764626324177,-0.03220906853675842,0.32783186435699463,0.0,0.0,0.0,0.0,0.0,0.0,0.0,0.0,0.0,0.9864384531974792,-0.01669861003756523,0.0022748028859496117,0.16323798894882202,0.0,0.0,0.0,1021.9679565429688,8.191877365112305,1.2669928073883057,0.38999998569488525,0.0,0.0,0.0,0.0,0.0,1.401298464324817e-45
138,0.5,0.0314178466796875,-1.9987872838974,2.0060455799102783,-5.927133560180664,-1.1970853805541992,2.649775505065918,-5.890266418457031,0.007505945395678282,-0.01769772171974182,0.32971450686454773,-0.04712340980768204,0.047294531017541885,-0.13973809778690338,-0.028222480788826942,0.06247110292315483,-0.13886892795562744,-0.0011109815677627921,0.0011150159407407045,-0.003294465597718954,0.9863866567611694,-0.009344557300209999,0.002249786164611578,0.16413602232933044,-0.01409826334565878,0.04664025455713272,0.021672895178198814,1021.9766845703125,8.188371658325195,1.2670193910598755,0.38999998569488525,0.0,0.0,0.0,0.0,0.0,2.802596928649634e-45
138,0.5,0.132049560546875,0.10145298391580582,1.1892471313476562,2.951650619506836,0.438592791557312,1.044176697731018,2.9755680561065674,0.015471389517188072,-0.01573929190635681,0.3327237069606781,-0.28434282541275024,0.0076979040168225765,-0.6078246235847473,-0.2567965090274811,0.10976406186819077,-0.6102137565612793,-0.02778797410428524,0.00018170119437854737,-0.07123967260122299,0.9861195087432861,-0.009041600860655308,0.006325492635369301,0.1656447947025299,0.014963899739086628,0.02356557548046112,0.03370212763547897,1021.9795532226562,8.193045616149902,1.267001986503601,0.38999998569488525,0.0,0.0,0.0,0.0,0.0,2.802596928649634e-45
138,0.5,0.23836517333984375,-0.003678311360999942,0.1897333264350891,0.8269614577293396,0.03854288533329964,0.1681971698999405,0.8307165503501892,0.023736488074064255,-0.014985710382461548,0.33102479577064514,-0.3211677670478821,0.0077525293454527855,-0.620248556137085,-0.2864034175872803,0.12110064923763275,-0.6254733204841614,-0.06094108894467354,0.0007528013666160405,-0.13994863629341125,0.986218273639679,-0.009345130994915962,0.010471094399690628,0.1648285686969757,-0.05415479466319084,0.2096373438835144,0.09025649726390839,1021.9564819335938,8.188371658325195,1.2669943571090698,0.38999998569488525,0.0,0.0,0.0,0.0,0.0,2.802596928649634e-45
138,0.5,0.33899688720703125,0.3677976131439209,0.058967527002096176,0.5009898543357849,0.3560972511768341,-0.07230008393526077,0.5076454877853394,0.021710630506277084,-0.017549999058246613,0.3299572169780731,-0.31082209944725037,0.009212951175868511,-0.5852620601654053,-0.2782936692237854,0.11978454887866974,-0.5894266366958618,-0.0923255905508995,0.0015596260782331228,-0.20000112056732178,0.9863059520721436,-0.010437877848744392,0.009266323409974575,0.16430850327014923,0.12016510963439941,0.23271244764328003,0.19012224674224854,1021.95361328125,8.187202453613281,1.266996145248413,0.38999998569488525,0.0,0.0,0.0,0.0,0.0,2.802596928649634e-45
138,0.5,0.44541168212890625,-6.822717189788818,-4.941080570220947,49.46958923339844,-9.228343963623047,-3.11352801322937,49.227088928222656,0.023040127009153366,-0.015594426542520523,0.3446265161037445,-0.4251156747341156,-0.029946621507406235,5.011914253234863,-0.5255895853042603,0.03743649646639824,5.002283573150635,-0.11280733346939087,-0.0006126757944002748,0.09837120026350021,0.9850760102272034,-0.009656278416514397,0.010012094862759113,0.17153300344944,1.0895216464996338,0.2106192708015442,0.22011137008666992,1021.9563598632812,8.1942138671875,1.2669678926467896,0.38999998569488525,0.0,0.0,0.0,0.0,0.0,2.802596928649634e-45
138,0.5,0.5463714599609375,1.9021474123001099,0.8029753565788269,60.58843231201172,2.0227699279785156,-0.5079999566078186,60.58720016479492,0.0005776093457825482,-0.011168635450303555,0.317650705575943,-0.2049717754125595,0.06538939476013184,11.216791152954102,-0.1807713806629181,0.0008576855179853737,11.217303276062012,-0.14123223721981049,0.0033589955419301987,0.9837454557418823,0.987393856048584,-0.005559656769037247,-0.000598032318521291,0.15815690159797668,6.623345851898193,0.7001172304153442,0.8729122281074524,1021.8956298828125,8.1942138671875,1.266892671585083,0.38999998569488525,0.0,0.0,0.0,0.0,0.0,2.802596928649634e-45
138,0.5,0.65325927734375,0.9419318437576294,-1.0333651304244995,70.27747344970703,0.31272733211517334,-2.740835428237915,70.23663330078125,0.004813963547348976,-0.021397843956947327,0.25480523705482483,-0.06263931840658188,0.022649655118584633,18.082508087158203,-0.1419549286365509,-0.34918564558029175,18.078548431396484,-0.1544651836156845,0.008645527996122837,2.6123268604278564,0.9918281435966492,-0.010917741805315018,0.0010279942071065307,0.12707561254501343,16.168136596679688,1.9811718463897705,2.0484442710876465,1021.7366943359375,8.189539909362793,1.2667165994644165,0.38999998569488525,0.0,0.0,0.0,0.0,0.0,2.802596928649634e-45
138,0.5,0.7547454833984375,-1.2254782915115356,0.46904850006103516,71.04586791992188,1.0591095685958862,-2.5699193477630615,71.00300598144531,-0.030402865260839462,-0.04622463136911392,0.20958545804023743,-0.08223583549261093,0.0889580100774765,25.35971450805664,0.708990216255188,-1.0673527717590332,25.32740020751953,-0.16067753732204437,0.016268204897642136,4.897768497467041,0.994166374206543,-0.021391121670603752,-0.01753055304288864,0.10421121120452881,32.715309143066406,3.030588150024414,3.3091843128204346,1021.6065063476562,8.193045616149902,1.266539454460144,0.38999998569488525,0.0,0.0,0.0,0.0,0.0,2.802596928649634e-45
138,0.5,0.8621749877929688,-5.711251735687256,8.750876426696777,86.0076904296875,2.7902889251708984,2.5665085315704346,86.55643463134766,-0.07875031977891922,-0.08212827891111374,0.18664276599884033,-0.5093008279800415,0.45982056856155396,33.7919921875,2.244539976119995,-2.2217278480529785,33.65079116821289,-0.19134028255939484,0.040079206228256226,8.15417766571045,0.9941845536231995,-0.03717691823840141,-0.04298337548971176,0.09142585098743439,54.518775939941406,5.735408782958984,5.809222221374512,1021.2710571289062,8.1942138671875,1.2661182880401611,0.38999998569488525,0.0,0.0,0.0,0.0,0.0,2.802596928649634e-45
138,0.5,0.9641952514648438,-13.180887222290039,5.464417934417725,85.12950897216797,-2.8066248893737793,-0.763456404209137,86.26725769042969,-0.10577159374952316,-0.10092739760875702,0.1964818835258484,-1.5558267831802368,1.2259247303009033,42.25730895996094,3.1819281578063965,-2.7491488456726074,42.09382629394531,-0.3006048798561096,0.13574078679084778,12.119253158569336,0.9927789568901062,-0.0449504628777504,-0.057480115443468094,0.09516715258359909,85.39153289794922,8.930352210998535,9.176429748535156,1020.8749389648438,8.195383071899414,1.2656220197677612,0.38999998569488525,0.0,0.0,0.0,0.0,0.0,2.802596928649634e-45
138,0.5,1.0721969604492188,-8.30462646484375,4.992371082305908,96.76762390136719,1.4517474174499512,0.5587913393974304,97.23827362060547,-0.08645306527614594,-0.06395969539880753,0.2326842099428177,-2.7251687049865723,2.0306689739227295,52.49777603149414,2.357640027999878,-0.7559480667114258,52.54892349243164,-0.5491089224815369,0.32563456892967224,17.336376190185547,0.9919608235359192,-0.02671481855213642,-0.04660728573799133,0.11453922837972641,121.96204376220703,14.342378616333008,14.106876373291016,1020.2042236328125,8.189539909362793,1.2648167610168457,0.38999998569488525,0.0,0.0,0.0,0.0,0.0,2.802596928649634e-45
138,0.5,1.174774169921875,-6.881811618804932,4.804443359375,101.6601333618164,2.847445249557495,-0.8416585326194763,101.96190643310547,-0.08024931699037552,-0.07196785509586334,0.27491921186447144,-3.4073872566223145,2.2519335746765137,62.21892166137695,2.328178644180298,-1.3905045986175537,62.29330062866211,-0.8703556656837463,0.5440621376037598,23.315467834472656,0.9893227815628052,-0.03011481650173664,-0.04463567957282066,0.13539807498455048,163.8684539794922,17.773141860961914,18.29509925842285,1019.7791748046875,8.189539909362793,1.2642897367477417,0.38999998569488525,0.0,0.0,0.0,0.0,0.0,2.802596928649634e-45
138,0.5,1.2832870483398438,-10.170034408569336,6.159395694732666,93.98594665527344,-0.9950098991394043,0.3836572468280792,94.72822570800781,-0.06869379431009293,-0.09380705654621124,0.34757760167121887,-4.617546081542969,2.990690231323242,72.64259338378906,1.6713095903396606,-2.444286823272705,72.789794921875,-1.318429708480835,0.8380036354064941,30.757984161376953,0.9835474491119385,-0.0402212031185627,-0.04188835993409157,0.1710367053747177,207.1488800048828,25.084030151367188,24.965015411376953,1018.8740234375,8.196551322937012,1.2631361484527588,0.38999998569488525,0.0,0.0,0.0,0.0,0.0,4.203895392974451e-45
138,0.5,1.3862838745117188,-7.443607807159424,2.7332935333251953,81.30264282226562,-1.5621684789657593,-1.6697663068771362,81.65570068359375,-0.04960329830646515,-0.08923462778329849,0.434682160615921,-5.2750749588012695,3.7497189044952393,81.66231536865234,0.847605288028717,-1.682546854019165,81.89599609375,-1.837427020072937,1.2000278234481812,38.81250762939453,0.9754367470741272,-0.038197390735149384,-0.033806513994932175,0.2142721563577652,236.06700134277344,30.901073455810547,31.62667465209961,1018.1542358398438,8.191877365112305,1.2622647285461426,0.6214401125907898,0.0,0.0,0.0,0.5164061784744263,51.64061737060547,4.203895392974451e-45
138,0.5,1.4948883056640625,-1.2106188535690308,2.9008877277374268,-9.63081169128418,0.29716503620147705,4.008857727050781,-9.29904842376709,-0.01804039441049099,-0.09508771449327469,0.5457530617713928,-5.809031009674072,4.089034080505371,83.9932632446289,-1.3270543813705444,-1.497371792793274,84.2686767578125,-2.450850248336792,1.6301565170288086,47.91845703125,0.9619837999343872,-0.04333721846342087,-0.021484343335032463,0.2687731683254242,223.58824157714844,40.34953689575195,39.895530700683594,1016.9860229492188,8.19771957397461,1.260790228843689,0.8297504186630249,0.0,0.0,0.0,0.6889512538909912,68.89512634277344,4.203895392974451e-45
138,0.5,1.5977096557617188,2.0510354042053223,3.0713624954223633,-23.252086639404297,3.4295811653137207,3.9761672019958496,-22.95033836364746,-0.00236998382024467,-0.11900077760219574,0.6443846225738525,-5.731602668762207,4.308712005615234,81.8578872680664,-1.7999457120895386,-2.8797030448913574,82.10043334960938,-3.040252923965454,2.0608885288238525,56.42923355102539,0.9468824863433838,-0.05603057146072388,-0.019951432943344116,0.3160180449485779,226.2359619140625,47.41625213623047,48.00676345825195,1016.1129760742188,8.193045616149902,1.2597289085388184,0.8205163478851318,0.0,0.0,0.0,0.7491604685783386,74.91604614257812,4.203895392974451e-45
138,0.5,1.7061767578125,-0.14866912364959717,0.09374639391899109,-18.214509963989258,-0.07242947816848755,2.2714574337005615,-18.072877883911133,-0.0015324560226872563,-0.11569318175315857,0.7521259784698486,-5.595662593841553,4.5172014236450195,79.68203735351562,-0.8779269456863403,-2.124324083328247,79.9721908569336,-3.6532278060913086,2.544976234436035,65.16280364990234,0.9285740256309509,-0.0534929595887661,-0.021944375708699226,0.3666042983531952,223.882568359375,57.279502868652344,56.96068572998047,1014.8954467773438,8.204730987548828,1.2581671476364136,0.8417643904685974,0.0,0.0,0.0,0.7179467082023621,71.79467010498047,4.203895392974451e-45
138,0.5,1.8088912963867188,1.5575517416000366,-0.27456745505332947,-20.452754974365234,0.8456201553344727,1.2295416593551636,-20.45928955078125,-0.00014550283958669752,-0.12518611550331116,0.8299539685249329,-5.549933433532715,4.658655166625977,77.61112213134766,-0.29678598046302795,-2.507645606994629,77.90706634521484,-4.22597074508667,3.018007755279541,73.2201919555664,0.9133314490318298,-0.05721359699964523,-0.02528543584048748,0.40237343311309814,224.97357177734375,63.395606994628906,63.95024871826172,1014.14111328125,8.19771957397461,1.2572633028030396,0.8176769614219666,0.0,0.0,0.0,0.7527019381523132,75.27019500732422,4.203895392974451e-45
138,0.5,1.9172744750976562,0.9962446689605713,1.454405665397644,-20.25806427001953,2.147160053253174,2.737661123275757,-20.034589767456055,0.01915043406188488,-0.13045373558998108,0.9087934494018555,-5.5671539306640625,4.684229373931885,75.35482025146484,-1.1704144477844238,-2.592548131942749,75.65113830566406,-4.830404281616211,3.5236661434173584,81.48532104492188,0.8962963819503784,-0.06275732815265656,-0.020022477954626083,0.4385257959365845,226.11019897460938,73.06077575683594,72.4992446899414,1012.9498901367188,8.200057029724121,1.2557761669158936,0.822256863117218,0.0,0.0,0.0,0.7937610745429993,79.37610626220703,4.203895392974451e-45
138,0.5,2.0199050903320312,-0.3184269666671753,-0.12373838573694229,-19.662397384643555,0.1630486696958542,3.23827862739563,-19.39605712890625,0.022522374987602234,-0.155464306473732,0.9815547466278076,-5.485747337341309,4.73833703994751,73.26962280273438,-0.7596231698989868,-4.2380523681640625,73.5007095336914,-5.395052433013916,4.008641242980957,89.0893325805664,0.8788319826126099,-0.07377494126558304,-0.026694877073168755,0.47062793374061584,227.8338165283203,78.57682800292969,79.10102081298828,1012.2705688476562,8.198888778686523,1.2549391984939575,0.831552267074585,0.0,0.0,0.0,0.875564455986023,87.55644226074219,4.203895392974451e-45
138,0.5,2.1281890869140625,0.522527813911438,-0.07285789400339127,-18.146211624145508,0.8907350897789001,2.577167510986328,-17.94777488708496,0.038200702518224716,-0.16959424316883087,1.0478428602218628,-5.430514335632324,4.7406744956970215,71.17220306396484,-1.3243449926376343,-5.04186487197876,71.34554290771484,-5.9858198165893555,4.521641254425049,96.88504791259766,0.8617826104164124,-0.08284176886081696,-0.025885572656989098,0.4997894763946533,228.57510375976562,87.59732818603516,87.18376159667969,1011.1604614257812,8.198888778686523,1.2535629272460938,0.8652849197387695,0.0,0.0,0.0,0.9566277265548706,95.66277313232422,4.203895392974451e-45
138,0.5,2.2307357788085938,0.7284107804298401,-0.07133173942565918,-18.153301239013672,1.218845248222351,2.6893067359924316,-17.92635726928711,0.052666597068309784,-0.18658462166786194,1.1047651767730713,-5.390310287475586,4.7269134521484375,69.22705078125,-1.8460561037063599,-6.0225653648376465,69.31104278564453,-6.541313648223877,5.007550239562988,104.06128692626953,0.8459903001785278,-0.09303048998117447,-0.02654695324599743,0.5243398547172546,229.70391845703125,92.95877838134766,93.43788146972656,1010.5010986328125,8.20356273651123,1.2527246475219727,0.8899999856948853,0.0,0.0,0.0,1.0,100.0,4.203895392974451e-45
138,0.5,2.3389434814453125,1.3733688592910767,0.16309119760990143,-17.782588958740234,1.8495920896530151,2.2935240268707275,-17.591087341308594,0.06505629420280457,-0.1971004754304886,1.1624674797058105,-5.325963020324707,4.771340370178223,67.24705505371094,-2.112313747406006,-6.518329620361328,67.27754211425781,-7.121255397796631,5.522092819213867,111.42192077636719,0.8295300006866455,-0.09995982050895691,-0.026943188160657883,0.5487744212150574,231.8822784423828,101.47238159179688,101.09603881835938,1009.454833984375,8.198888778686523,1.251448392868042,0.8899999856948853,0.0,0.0,0.0,1.0,100.0,4.203895392974451e-45
138,0.5,2.441436767578125,0.34434935450553894,0.5798311829566956,-17.18254852294922,2.060678243637085,3.5245461463928223,-16.70391845703125,0.08152946084737778,-0.21499818563461304,1.214252233505249,-5.209798812866211,4.744035243988037,65.45052337646484,-2.7117247581481934,-7.575316429138184,65.3345718383789,-7.65859842300415,6.009070873260498,118.20294952392578,0.8133736848831177,-0.11116062104701996,-0.02788272686302662,0.5703337788581848,234.9127655029297,106.41697692871094,106.9236068725586,1008.8475952148438,8.202393531799316,1.2506799697875977,0.8899999856948853,0.0,0.0,0.0,1.0,100.0,4.203895392974451e-45
138,0.5,2.5496063232421875,0.14483900368213654,-1.1996031999588013,-16.83473014831543,0.5070365071296692,3.4940619468688965,-16.504472732543945,0.09519567340612411,-0.23851130902767181,1.2605605125427246,-5.15481424331665,4.708742141723633,63.58317565917969,-3.1466310024261475,-8.852617263793945,63.27103042602539,-8.217451095581055,6.521533489227295,125.16000366210938,0.797876238822937,-0.1238478347659111,-0.03187450394034386,0.5890929698944092,236.67393493652344,113.83765411376953,113.59376525878906,1007.936767578125,8.208236694335938,1.2495249509811401,0.8899999856948853,0.0,0.0,0.0,1.0,100.0,4.203895392974451e-45
138,0.5,2.6520538330078125,1.3194353580474854,-0.36272409558296204,-15.769612312316895,2.1454224586486816,2.3109381198883057,-15.511465072631836,0.13671453297138214,-0.23525941371917725,1.3053202629089355,-5.130762100219727,4.622468948364258,61.866249084472656,-5.346396446228027,-8.391014099121094,61.4496955871582,-8.745925903320312,6.99854040145874,131.56698608398438,0.7822667360305786,-0.1342145800590515,-0.017214538529515266,0.6080626845359802,239.41397094726562,119.1156234741211,119.49491882324219,1007.2893676757812,8.204730987548828,1.2487379312515259,0.8899999856948853,0.0,0.0,0.0,1.0,100.0,4.203895392974451e-45
138,0.5,2.7601852416992188,0.5313418507575989,0.060438353568315506,-16.281330108642578,2.8933136463165283,3.611538887023926,-15.61885929107666,0.16801124811172485,-0.2588019073009491,1.354313611984253,-4.950386047363281,4.568544387817383,60.108734130859375,-6.7007951736450195,-9.689486503601074,59.326133728027344,-9.288511276245117,7.494619369506836,138.14186096191406,0.7633286118507385,-0.15234830975532532,-0.015721488744020462,0.627585768699646,241.5256805419922,126.07434844970703,125.80844116210938,1006.4363403320312,8.21057415008545,1.2476544380187988,0.8899999856948853,0.0,0.0,0.0,1.0,100.0,4.203895392974451e-45
138,0.5,2.8625869750976562,1.2295771837234497,-1.6612982749938965,-15.431014060974121,1.3762730360031128,2.712336540222168,-15.268689155578613,0.18116335570812225,-0.27234554290771484,1.399483561515808,-4.896250247955322,4.465732574462891,58.49095153808594,-7.031265735626221,-10.268793106079102,57.534000396728516,-9.792937278747559,7.956421375274658,144.1970977783203,0.7469075918197632,-0.16114310920238495,-0.018507694825530052,0.6448339223861694,244.01141357421875,130.76788330078125,131.1075439453125,1005.8612670898438,8.20706844329834,1.2469570636749268,0.8899999856948853,0.0,0.0,0.0,1.0,100.0,4.203895392974451e-45
138,0.5,2.9706802368164062,0.8975282907485962,-0.16140252351760864,-15.395758628845215,3.3805885314941406,3.1432058811187744,-14.715596199035645,0.22474786639213562,-0.27097612619400024,1.4497265815734863,-4.82926607131958,4.340260028839111,56.83173751831055,-9.034036636352539,-9.927769660949707,55.603736877441406,-10.318986892700195,8.429903030395508,150.41065979003906,0.727005124092102,-0.1741466522216797,-0.005817093420773745,0.6641491055488586,245.90899658203125,137.47532653808594,137.32037353515625,1005.0399780273438,8.214079856872559,1.2459079027175903,0.8899999856948853,0.0,0.0,0.0,1.0,100.0,4.203895392974451e-45
138,0.5,3.0730438232421875,0.08267298340797424,-1.4721109867095947,-14.985136032104492,2.3164539337158203,3.9822821617126465,-14.335265159606934,0.25172942876815796,-0.28373992443084717,1.4976201057434082,-4.769737243652344,4.234476089477539,55.29147720336914,-10.019679069519043,-10.396988868713379,53.75205993652344,-10.808858871459961,8.868550300598145,156.1334228515625,0.7073174118995667,-0.1873520314693451,-0.004465785343199968,0.6815957427024841,248.35842895507812,142.00885009765625,142.386962890625,1004.4851684570312,8.21057415008545,1.2452356815338135,0.8899999856948853,0.0,0.0,0.0,1.0,100.0,4.203895392974451e-45
138,0.5,3.1810836791992188,1.3086822032928467,-2.9007492065429688,-13.991454124450684,1.2627899646759033,2.726532459259033,-14.030525207519531,0.2907101809978485,-0.2885674834251404,1.546414852142334,-4.685245513916016,4.069912910461426,53.72212219238281,-11.609996795654297,-10.383878707885742,51.787208557128906,-11.318680763244629,9.315995216369629,162.00457763671875,0.686220109462738,-0.20192977786064148,0.003220311598852277,0.6987899541854858,249.97061157226562,148.50802612304688,148.206787109375,1003.6902465820312,8.21057415008545,1.2442501783370972,0.8899999856948853,0.0,0.0,0.0,1.0,100.0,4.203895392974451e-45
138,0.5,3.283416748046875,2.0492138862609863,-1.1131985187530518,-13.646773338317871,3.2747483253479004,1.892548680305481,-13.317802429199219,0.3255549669265747,-0.29254230856895447,1.589041829109192,-4.536895751953125,3.9780189990997314,52.29487609863281,-12.878887176513672,-10.389488220214844,49.973060607910156,-11.789817810058594,9.726910591125488,167.41358947753906,0.667125403881073,-0.2151658684015274,0.009709730744361877,0.7131229639053345,252.38955688476562,152.43495178222656,152.82681274414062,1003.2101440429688,8.215248107910156,1.2436343431472778,0.8899999856948853,0.0,0.0,0.0,1.0,100.0,4.203895392974451e-45
138,0.5,3.39141845703125,0.7474532723426819,-1.3309530019760132,-13.621935844421387,3.395007848739624,3.3113601207733154,-12.860512733459473,0.351014107465744,-0.30232229828834534,1.6296398639678955,-4.458612442016602,3.8739824295043945,50.80110549926758,-13.590323448181152,-10.594256401062012,48.15245056152344,-12.27485179901123,10.150775909423828,172.9638671875,0.6486244201660156,-0.22731123864650726,0.010532133281230927,0.7262893915176392,253.56951904296875,158.32794189453125,158.08897399902344,1002.4900512695312,8.221090316772461,1.2427159547805786,0.8899999856948853,0.0,0.0,0.0,1.0,100.0,4.203895392974451e-45
138,0.5,3.4937057495117188,1.4275031089782715,-1.4088890552520752,-12.9050931930542,3.4582712650299072,2.3888888359069824,-12.365065574645996,0.3886164724826813,-0.2923870384693146,1.6728124618530273,-4.371374130249023,3.7095999717712402,49.44843292236328,-14.909339904785156,-9.839401245117188,46.463680267333984,-12.726373672485352,10.536688804626465,178.07635498046875,0.6296290755271912,-0.23757249116897583,0.021925844252109528,0.7393493056297302,255.3974151611328,162.0197296142578,162.39834594726562,1002.0391845703125,8.221090316772461,1.242156982421875,0.8899999856948853,0.0,0.0,0.0,1.0,100.0,4.203895392974451e-45
138,0.5,3.6016616821289062,2.77821683883667,0.18828362226486206,-12.851936340332031,5.25073766708374,0.8734210729598999,-12.024563789367676,0.43802565336227417,-0.3048270344734192,1.718035340309143,-4.179891109466553,3.6267025470733643,48.051536560058594,-16.577110290527344,-10.158211708068848,44.28932571411133,-13.186479568481445,10.929814338684082,183.3242950439453,0.6052072048187256,-0.2594071924686432,0.028055034577846527,0.7520880699157715,257.0945739746094,167.6273193359375,167.44967651367188,1001.3546142578125,8.212910652160645,1.2413444519042969,0.8899999856948853,0.0,0.0,0.0,1.0,100.0,4.203895392974451e-45
138,0.5,3.7039108276367188,0.4793620705604553,-1.343304991722107,-12.966463088989258,4.636329174041748,3.3442437648773193,-11.725229263305664,0.47182655334472656,-0.2947324514389038,1.7686576843261719,-4.133411884307861,3.52738618850708,46.71013641357422,-17.42603302001953,-9.435319900512695,42.645450592041016,-13.610550880432129,11.295366287231445,188.154296875,0.583024799823761,-0.26931604743003845,0.036108072847127914,0.7656621932983398,258.7740478515625,171.2770538330078,171.60263061523438,1000.9093017578125,8.216416358947754,1.2407770156860352,0.8899999856948853,0.0,0.0,0.0,1.0,100.0,4.203895392974451e-45
138,0.5,3.8118209838867188,1.7958508729934692,-1.023024082183838,-12.626294136047363,4.867558479309082,1.7450562715530396,-11.702726364135742,0.5060568451881409,-0.27428510785102844,1.8186672925949097,-3.9875102043151855,3.3865177631378174,45.34609603881836,-18.253538131713867,-8.380990982055664,40.98986053466797,-14.047778129577637,11.66600513458252,193.10601806640625,0.5621193051338196,-0.2769904136657715,0.04788791015744209,0.7778151035308838,259.283447265625,176.1134490966797,176.0975341796875,1000.3193969726562,8.219922065734863,1.240030288696289,0.8899999856948853,0.0,0.0,0.0,1.0,100.0,4.203895392974451e-45
138,0.5,3.9140167236328125,1.0975124835968018,-0.2616420388221741,-12.45478343963623,5.970913410186768,2.1056301593780518,-10.78454875946045,0.5447977781295776,-0.2817821800708771,1.8618736267089844,-3.8487303256988525,3.2764227390289307,44.090919494628906,-19.22109031677246,-8.458513259887695,39.09637451171875,-14.44594955444336,12.004080772399902,197.66302490234375,0.5390594005584717,-0.2944367527961731,0.05055735632777214,0.7875007390975952,260.6864013671875,179.4564208984375,179.82093811035156,999.9118041992188,8.221090316772461,1.2395198345184326,0.8899999856948853,0.0,0.0,0.0,1.0,100.0,4.203895392974451e-45
138,0.5,4.0218963623046875,0.8967595100402832,-0.3306816816329956,-12.389809608459473,6.292232990264893,2.4247117042541504,-10.437758445739746,0.5810079574584961,-0.2971388101577759,1.9068089723587036,-3.740467071533203,3.173815965652466,42.78651809692383,-19.948532104492188,-8.775359153747559,37.14522171020508,-14.853707313537598,12.350515365600586,202.3351287841797,0.5139688849449158,-0.31308630108833313,0.048355259001255035,0.7971612811088562,261.67486572265625,184.38970947265625,184.2830810546875,999.310546875,8.222259521484375,1.2387694120407104,0.8899999856948853,0.0,0.0,0.0,1.0,100.0,4.203895392974451e-45
138,0.5,4.1240386962890625,1.1684118509292603,-2.6084206104278564,-10.973517417907715,3.9636130332946777,2.9273040294647217,-10.213014602661133,0.6116757988929749,-0.2904878556728363,1.949745535850525,-3.6664164066314697,3.0184922218322754,41.59183120727539,-20.4774227142334,-8.243313789367676,35.56863784790039,-15.231517791748047,12.665970802307129,206.63119506835938,0.4935223162174225,-0.3240356743335724,0.052989661693573,0.8053697347640991,262.7603759765625,187.73690795898438,187.99537658691406,998.9027709960938,8.225765228271484,1.2382484674453735,0.8899999856948853,0.0,0.0,0.0,1.0,100.0,4.203895392974451e-45
138,0.5,4.2318572998046875,1.4895282983779907,-1.3488819599151611,-11.310361862182617,5.3633341789245605,1.961960792541504,-9.967226028442383,0.6479631662368774,-0.27503928542137146,1.9860697984695435,-3.5340564250946045,2.9352784156799316,40.343875885009766,-21.07192039489746,-7.437427043914795,33.902286529541016,-15.618021965026855,12.986451148986816,211.034423828125,0.4762888252735138,-0.335130512714386,0.06336195021867752,0.8104402422904968,263.1519470214844,191.89471435546875,191.90867614746094,998.396484375,8.232776641845703,1.237589955329895,0.8899999856948853,0.0,0.0,0.0,1.0,100.0,4.203895392974451e-45
138,0.5,4.333953857421875,1.2370471954345703,-0.33614328503608704,-11.5231351852417,6.66839599609375,1.535931944847107,-9.359329223632812,0.6879437565803528,-0.26501646637916565,2.0190610885620117,-3.430685043334961,2.848130226135254,39.19304275512695,-21.75404167175293,-6.8123064041137695,32.191673278808594,-15.972807884216309,13.279797554016113,215.0830535888672,0.45896491408348083,-0.3491935431957245,0.07262177765369415,0.8137153387069702,263.9845886230469,194.8610382080078,195.1803436279297,998.035400390625,8.229270935058594,1.2371578216552734,0.8899999856948853,0.0,0.0,0.0,1.0,100.0,4.203895392974451e-45
138,0.5,4.44171142578125,0.9666528105735779,-0.9433394074440002,-11.152950286865234,6.434153079986572,1.9387402534484863,-9.002969741821289,0.7249295711517334,-0.2576044797897339,2.0530757904052734,-3.3491406440734863,2.76155161857605,37.97008514404297,-22.18324089050293,-6.285940170288086,30.47846221923828,-16.337129592895508,13.580876350402832,219.22738647460938,0.4411639869213104,-0.36302193999290466,0.0793289840221405,0.8168769478797913,264.11981201171875,198.9481658935547,198.90310668945312,997.5380249023438,8.232776641845703,1.2365258932113647,0.8899999856948853,0.0,0.0,0.0,1.0,100.0,4.203895392974451e-45
138,0.5,4.5437469482421875,0.9292080402374268,-0.5298118591308594,-11.013126373291016,6.879958629608154,1.628055214881897,-8.511557579040527,0.7548180818557739,-0.253152072429657,2.0771923065185547,-3.2760260105133057,2.7144312858581543,36.81513595581055,-22.337722778320312,-5.897215843200684,28.97724151611328,-16.674312591552734,13.859077453613281,223.03140258789062,0.4278557300567627,-0.3745551109313965,0.08437736332416534,0.8182420134544373,264.5160217285156,201.68118286132812,201.99334716796875,997.2055053710938,8.235113143920898,1.2361034154891968,0.8899999856948853,0.0,0.0,0.0,1.0,100.0,4.203895392974451e-45
138,0.5,4.6514434814453125,1.2201459407806396,-1.7953425645828247,-9.36616325378418,5.142575740814209,1.8223658800125122,-7.9163384437561035,0.7916728854179382,-0.24438931047916412,2.099822521209717,-3.1692824363708496,2.609952926635742,35.69384002685547,-22.690160751342773,-5.355123043060303,27.337966918945312,-17.020687103271484,14.145805358886719,226.9220428466797,0.41497474908828735,-0.38792017102241516,0.09290384501218796,0.8177252411842346,264.46319580078125,205.50852966308594,205.39398193359375,996.7400512695312,8.236281394958496,1.2355213165283203,0.8899999856948853,0.0,0.0,0.0,1.0,100.0,4.203895392974451e-45
138,0.5,4.7534332275390625,1.147765874862671,-0.7299870848655701,-10.523584365844727,7.0053253173828125,1.2786707878112793,-7.866678237915039,0.8381726145744324,-0.23583842813968658,2.1225132942199707,-3.070164203643799,2.5362119674682617,34.61532974243164,-23.212970733642578,-4.814479351043701,25.535036087036133,-17.33793067932129,14.407353401184082,230.49586486816406,0.40067481994628906,-0.4051876664161682,0.1032981276512146,0.8152323961257935,265.1388854980469,207.9591827392578,208.23431396484375,996.442138671875,8.239787101745605,1.23513662815094,0.8899999856948853,0.0,0.0,0.0,1.0,100.0,4.203895392974451e-45
138,0.5,4.8610687255859375,0.5191273093223572,-0.3843455910682678,-10.7266206741333,7.930610179901123,1.5084997415542603,-7.09263277053833,0.8865211009979248,-0.24146859347820282,2.1380252838134766,-2.991417169570923,2.493159532546997,33.46881866455078,-23.589153289794922,-4.597321033477783,23.616159439086914,-17.663097381591797,14.677252769470215,234.1477813720703,0.38605207204818726,-0.42561399936676025,0.10940171778202057,0.8110727667808533,265.1282653808594,211.38687133789062,211.40176391601562,996.0255737304688,8.244462013244629,1.2345998287200928,0.8899999856948853,0.0,0.0,0.0,1.0,100.0,4.203895392974451e-45
138,0.5,4.962982177734375,0.6371061205863953,-0.4818994998931885,-10.523505210876465,7.92177152633667,1.4518927335739136,-6.820404529571533,0.9206109046936035,-0.24876980483531952,2.1464781761169434,-2.9425346851348877,2.456683874130249,32.36027526855469,-23.540781021118164,-4.444668769836426,22.0893497467041,-17.965051651000977,14.92936897277832,237.48980712890625,0.37586671113967896,-0.4403972625732422,0.11270808428525925,0.8075039982795715,265.09173583984375,213.7627410888672,214.03367614746094,995.7368774414062,8.239787101745605,1.234262466430664,0.8899999856948853,0.0,0.0,0.0,1.0,100.0,4.203895392974451e-45
138,0.5,5.070564270019531,0.6070252060890198,-0.4609469473361969,-10.25265121459961,7.8982110023498535,1.485068678855896,-6.411618232727051,0.9461371302604675,-0.26758623123168945,2.139775276184082,-2.854728937149048,2.44927716255188,31.244333267211914,-23.238080978393555,-4.556851387023926,20.725988388061523,-18.27596092224121,15.193367958068848,240.898681640625,0.3703477382659912,-0.4531000256538391,0.11268997937440872,0.8030164241790771,264.8809814453125,217.19088745117188,217.16949462890625,995.3204345703125,8.243292808532715,1.2337309122085571,0.8899999856948853,0.0,0.0,0.0,1.0,100.0,4.203895392974451e-45
138,0.5,5.1724090576171875,0.7608309388160706,-0.4832725524902344,-10.012643814086914,7.837800025939941,1.3843647241592407,-6.141351699829102,0.9763438701629639,-0.28241682052612305,2.138125419616699,-2.790335178375244,2.4092862606048584,30.22547721862793,-23.062774658203125,-4.516040325164795,19.361520767211914,-18.562652587890625,15.440441131591797,244.01795959472656,0.36266329884529114,-0.46689778566360474,0.11434685438871384,0.7983722686767578,264.71539306640625,219.00323486328125,219.34678649902344,995.100341796875,8.249135971069336,1.2334325313568115,0.8899999856948853,0.0,0.0,0.0,1.0,100.0,4.203895392974451e-45
138,0.5,5.2799072265625,0.44244372844696045,-0.31548985838890076,-10.055357933044434,8.321466445922852,1.4597896337509155,-5.47960090637207,1.0229778289794922,-0.2962503135204315,2.138315200805664,-2.729527473449707,2.3687548637390137,29.15447998046875,-23.083663940429688,-4.312653541564941,17.65151596069336,-18.858572006225586,15.696895599365234,247.19821166992188,0.3513862192630768,-0.4863589107990265,0.11995639652013779,0.790939211845398,264.4309387207031,222.1476287841797,222.15133666992188,994.7186279296875,8.251472473144531,1.232949137687683,0.8899999856948853,0.0,0.0,0.0,1.0,100.0,4.203895392974451e-45
138,0.5,5.381683349609375,0.3542161285877228,-0.21030525863170624,-10.094620704650879,8.705148696899414,1.377077341079712,-4.938963890075684,1.0751380920410156,-0.30833157896995544,2.13546085357666,-2.6852076053619385,2.340254783630371,28.136323928833008,-23.126649856567383,-4.004086017608643,15.920159339904785,-19.133455276489258,15.936121940612793,250.1030731201172,0.3403119742870331,-0.5068835020065308,0.1283847540616989,0.7815150022506714,264.3215637207031,224.05068969726562,224.3129119873047,994.4876098632812,8.249135971069336,1.232672929763794,0.8899999856948853,0.0,0.0,0.0,1.0,100.0,4.203895392974451e-45
138,0.5,5.4891357421875,0.5192199945449829,-0.28193870186805725,-10.050769805908203,8.853946685791016,1.2373607158660889,-4.630533695220947,1.126516342163086,-0.321778804063797,2.129964828491211,-2.628525972366333,2.3040075302124023,27.091167449951172,-23.0224609375,-3.6838574409484863,14.231354713439941,-19.41865348815918,16.18560791015625,253.05821228027344,0.32955026626586914,-0.5266830921173096,0.13688074052333832,0.7715286612510681,263.8353576660156,226.74530029296875,226.71209716796875,994.16064453125,8.253809928894043,1.232247233390808,0.8899999856948853,0.0,0.0,0.0,1.0,100.0,4.203895392974451e-45
138,0.5,5.5908355712890625,0.37049463391304016,-0.20427924394607544,-9.88396167755127,8.948119163513184,1.2271867990493774,-4.036731719970703,1.1677539348602295,-0.34511813521385193,2.1160266399383545,-2.591622829437256,2.291299819946289,26.07684898376465,-22.691883087158203,-3.520941972732544,12.831146240234375,-19.683841705322266,16.419221878051758,255.75119018554688,0.3207624554634094,-0.54351407289505,0.141606867313385,0.7626551985740662,263.36798095703125,228.3926544189453,228.5887451171875,993.9607543945312,8.259653091430664,1.2319738864898682,0.8899999856948853,0.0,0.0,0.0,1.0,100.0,4.203895392974451e-45
138,0.5,5.6981964111328125,0.37573492527008057,-0.21726149320602417,-9.8408842086792,9.063337326049805,1.2274651527404785,-3.657733201980591,1.207059383392334,-0.380076140165329,2.0934524536132812,-2.5477511882781982,2.2801690101623535,25.020309448242188,-22.228023529052734,-3.4350619316101074,11.480892181396484,-19.959157943725586,16.664714813232422,258.48236083984375,0.31176167726516724,-0.5603653192520142,0.14424726366996765,0.7536443471908569,262.9764709472656,230.7956085205078,230.896240234375,993.6693115234375,8.253809928894043,1.2316381931304932,0.8899999856948853,0.0,0.0,0.0,1.0,100.0,4.203895392974451e-45
138,0.5,5.799827575683594,0.2757413685321808,-0.024112215265631676,-9.802818298339844,9.241048812866211,1.145210862159729,-3.0759949684143066,1.2456170320510864,-0.42726466059684753,2.057913303375244,-2.514087438583374,2.275014877319336,24.021968841552734,-21.744905471801758,-3.3786492347717285,10.212011337280273,-20.216054916381836,16.896047592163086,260.964111328125,0.30339959263801575,-0.5772173404693604,0.1464540958404541,0.7438491582870483,262.2602233886719,232.1100616455078,232.38934326171875,993.5098876953125,8.259653091430664,1.231415033340454,0.8899999856948853,0.0,0.0,0.0,1.0,100.0,4.203895392974451e-45
138,0.5,5.907127380371094,0.13249263167381287,0.04219856858253479,-9.727511405944824,9.33234977722168,1.1924532651901245,-2.4753847122192383,1.2864757776260376,-0.4991914629936218,1.9980151653289795,-2.484990119934082,2.2771155834198,22.976694107055664,-21.184175491333008,-3.3531575202941895,8.903196334838867,-20.483810424804688,17.14031410217285,263.4741516113281,0.2949806749820709,-0.5957146286964417,0.1483081728219986,0.7321931719779968,261.51007080078125,234.11297607421875,234.24331665039062,993.2670288085938,8.260821342468262,1.2311089038848877,0.8899999856948853,0.0,0.0,0.0,1.0,100.0,4.203895392974451e-45
138,0.5,6.0086822509765625,0.022927872836589813,-0.07483812421560287,-9.986995697021484,9.672248840332031,1.3784739971160889,-2.0716912746429443,1.3267769813537598,-0.5853853225708008,1.9231109619140625,-2.466618776321411,2.2734620571136475,21.980682373046875,-20.60841941833496,-3.25846004486084,7.685713291168213,-20.73488998413086,17.3714599609375,265.746826171875,0.28598374128341675,-0.6136201620101929,0.15097054839134216,0.7203352451324463,260.8638610839844,235.35198974609375,235.63775634765625,993.1168212890625,8.259653091430664,1.23092782497406,0.8899999856948853,0.0,0.0,0.0,1.0,100.0,4.203895392974451e-45
138,0.5,6.1158905029296875,0.14758789539337158,0.0757850706577301,-9.766377449035645,9.556127548217773,1.2093490362167358,-1.6204626560211182,1.3586325645446777,-0.7206554412841797,1.7923911809921265,-2.4519855976104736,2.271062135696411,20.93308448791504,-19.88381004333496,-3.2627575397491455,6.5836710929870605,-20.99832534790039,17.614810943603516,268.0357971191406,0.28171849250793457,-0.6304713487625122,0.15299205482006073,0.7069125175476074,260.2026672363281,237.2384490966797,237.38906860351562,992.8881225585938,8.264327049255371,1.2306239604949951,0.8899999856948853,0.0,0.0,0.0,1.0,100.0,4.203895392974451e-45
138,0.5,6.217369079589844,0.22376392781734467,0.17886467278003693,-9.751038551330566,9.582490921020508,1.1766854524612427,-1.398033857345581,1.3681483268737793,-0.83221834897995,1.6776070594787598,-2.4421982765197754,2.283705234527588,19.948442459106445,-19.03093719482422,-3.330439805984497,5.9870405197143555,-21.246675491333008,17.8459529876709,270.0999450683594,0.28375595808029175,-0.6393374800682068,0.15332446992397308,0.6980066299438477,259.5833435058594,238.4994659423828,238.73634338378906,992.7352905273438,8.259653091430664,1.2304550409317017,0.8899999856948853,0.0,0.0,0.0,1.0,100.0,4.203895392974451e-45
138,0.5,6.324493408203125,0.16972272098064423,0.304267019033432,-9.495389938354492,9.379386901855469,1.16454017162323,-0.9763436913490295,1.3782563209533691,-0.9768646359443665,1.530856966972351,-2.425651788711548,2.3108768463134766,18.923152923583984,-18.1502685546875,-3.3916666507720947,5.326142311096191,-21.50725746154785,18.092330932617188,272.1707763671875,0.2847157120704651,-0.6501939296722412,0.15399090945720673,0.687359631061554,258.90386962890625,240.03009033203125,240.18502807617188,992.5498046875,8.266663551330566,1.2301944494247437,0.8899999856948853,0.0,0.0,0.0,1.0,100.0,4.203895392974451e-45
138,0.5,6.4258880615234375,0.04292690008878708,0.18447883427143097,-9.521716117858887,9.399455070495605,1.3893598318099976,-0.6459798812866211,1.3892810344696045,-1.139075756072998,1.3704415559768677,-2.4123244285583496,2.337578058242798,17.95386505126953,-17.332120895385742,-3.376581907272339,4.670688152313232,-21.752294540405273,18.328359603881836,274.0303039550781,0.282507985830307,-0.6619240045547485,0.1552237868309021,0.6767146587371826,258.1303405761719,241.00587463378906,241.19940185546875,992.4315795898438,8.263158798217773,1.2300631999969482,0.8899999856948853,0.0,0.0,0.0,1.0,100.0,4.203895392974451e-45
138,0.5,6.5329437255859375,0.04323612153530121,0.2726804316043854,-9.649558067321777,9.555423736572266,1.3558529615402222,-0.2101069986820221,1.4007158279418945,-1.3645055294036865,1.1494512557983398,-2.4017982482910156,2.3654494285583496,16.9278507232666,-16.48456573486328,-3.2912609577178955,3.9163389205932617,-22.00971794128418,18.580366134643555,275.88629150390625,0.2771846652030945,-0.6765848398208618,0.157793790102005,0.663697361946106,257.294677734375,242.367919921875,242.37759399414062,992.2665405273438,8.266663551330566,1.2298433780670166,0.8899999856948853,0.0,0.0,0.0,1.0,100.0,4.203895392974451e-45
138,0.5,6.6342620849609375,0.06564366817474365,0.23263949155807495,-9.454139709472656,9.35926628112793,1.3450088500976562,0.18106728792190552,1.4036595821380615,-1.633549451828003,0.8857297897338867,-2.3937439918518066,2.386932849884033,15.966705322265625,-15.68869686126709,-3.189649820327759,3.1701130867004395,-22.252546310424805,18.82135772705078,277.54266357421875,0.27066025137901306,-0.6923531293869019,0.1608034372329712,0.6492488384246826,256.68817138671875,243.0155792236328,243.2135009765625,992.1881103515625,8.27133846282959,1.22972571849823,0.8899999856948853,0.0,0.0,0.0,1.0,100.0,4.203895392974451e-45
138,0.5,6.741233825683594,0.15914073586463928,0.3347560167312622,-9.44913387298584,9.355964660644531,1.1865930557250977,0.6927784085273743,1.3931453227996826,-1.9558833837509155,0.5688585042953491,-2.3841352462768555,2.4116649627685547,14.944555282592773,-14.834712982177734,-3.045299530029297,2.3438150882720947,-22.508037567138672,19.078184127807617,279.1846008300781,0.2620258927345276,-0.7111695408821106,0.16557756066322327,0.63099604845047,255.8977508544922,243.99517822265625,244.12356567382812,992.0694580078125,8.273674964904785,1.2295684814453125,0.8899999856948853,0.0,0.0,0.0,1.0,100.0,4.203895392974451e-45
138,0.5,6.84246826171875,-0.021227413788437843,0.30066636204719543,-9.579009056091309,9.399658203125,1.263973593711853,1.3767688274383545,1.370089054107666,-2.240738868713379,0.2875749468803406,-2.3833250999450684,2.4403443336486816,13.984396934509277,-14.021248817443848,-2.8338546752929688,1.6028753519058228,-22.74932289123535,19.32411766052246,280.6391906738281,0.2520233392715454,-0.7294157147407532,0.17271758615970612,0.6120433807373047,255.2510528564453,244.63790893554688,244.83712768554688,991.9915771484375,8.27133846282959,1.2294821739196777,0.8899999856948853,0.0,0.0,0.0,1.0,100.0,4.203895392974451e-45
138,0.5,6.9493560791015625,-0.09690219908952713,0.15190808475017548,-9.376449584960938,9.087239265441895,1.2664581537246704,1.9408553838729858,1.3313827514648438,-2.496495246887207,0.03318600729107857,-2.385153293609619,2.462740898132324,12.969581604003906,-13.14548110961914,-2.534184455871582,0.8574832081794739,-23.004032135009766,19.58643341064453,282.0685119628906,0.2395474761724472,-0.74906325340271,0.18337102234363556,0.5898200869560242,254.5503387451172,245.54574584960938,245.65286254882812,991.8816528320312,8.272506713867188,1.2293407917022705,0.8899999856948853,0.0,0.0,0.0,1.0,100.0,4.203895392974451e-45
138,0.5,7.0505218505859375,0.11051514744758606,0.2820298373699188,-9.612360954284668,9.216662406921387,0.9509371519088745,2.576136350631714,1.2759065628051758,-2.6801228523254395,-0.15328077971935272,-2.384937286376953,2.490414619445801,12.01033878326416,-12.287349700927734,-2.2656185626983643,0.15368205308914185,-23.2453556060791,19.837194442749023,283.3222961425781,0.22756172716617584,-0.7692916989326477,0.1956762671470642,0.5640106201171875,253.68226623535156,245.7861785888672,245.95834350585938,991.8525390625,8.2748441696167,1.2292945384979248,0.8899999856948853,0.0,0.0,0.0,1.0,100.0,4.203895392974451e-45
138,0.5,7.1573333740234375,0.00687982514500618,0.18294760584831238,-9.69248104095459,9.016196250915527,0.9814077615737915,3.423614978790283,1.1997766494750977,-2.8126680850982666,-0.29335206747055054,-2.384437322616577,2.5168752670288086,10.983282089233398,-11.327341079711914,-2.007646083831787,-0.5577509999275208,-23.50009536743164,20.104942321777344,284.5393371582031,0.21508024632930756,-0.7919995188713074,0.21044127643108368,0.5312090516090393,252.7480926513672,246.28817749023438,246.35670471191406,991.7916870117188,8.277180671691895,1.2292088270187378,0.8899999856948853,0.0,0.0,0.0,1.0,100.0,4.203895392974451e-45
138,0.5,7.258415222167969,-0.036436669528484344,0.24207335710525513,-9.698343276977539,8.685930252075195,0.8626247644424438,4.233985900878906,1.122429370880127,-2.8917508125305176,-0.38220787048339844,-2.3828587532043457,2.5434188842773438,10.005838394165039,-10.38640308380127,-1.7938835620880127,-1.0800318717956543,-23.740957260131836,20.361053466796875,285.5902099609375,0.20386667549610138,-0.8121159076690674,0.22465813159942627,0.49842366576194763,252.1804656982422,246.66896057128906,246.80218505859375,991.74560546875,8.2748441696167,1.2291619777679443,0.8899999856948853,0.0,0.0,0.0,1.0,100.0,4.203895392974451e-45
138,0.5,7.365142822265625,0.04870818927884102,0.2843470871448517,-9.720442771911621,8.340298652648926,0.6831647753715515,4.953917503356934,1.0395680665969849,-2.949099063873291,-0.4506392776966095,-2.3780031204223633,2.5747733116149902,8.969467163085938,-9.385807991027832,-1.5895228385925293,-1.4540131092071533,-23.994972229003906,20.634624481201172,286.59161376953125,0.19175469875335693,-0.8314010500907898,0.23953647911548615,0.4632668197154999,251.2571563720703,247.05177307128906,247.04559326171875,991.69921875,8.277180671691895,1.2290942668914795,0.8899999856948853,0.0,0.0,0.0,1.0,100.0,4.203895392974451e-45
138,0.5,7.4661407470703125,0.04961324483156204,0.3047946095466614,-9.651104927062988,7.859256744384766,0.5969293117523193,5.5779337882995605,0.9620782136917114,-2.983001947402954,-0.49804264307022095,-2.3732259273529053,2.607518196105957,7.992388725280762,-8.461224555969238,-1.4327456951141357,-1.6319427490234375,-24.23480987548828,20.896677017211914,287.4381103515625,0.1817338913679123,-0.8474300503730774,0.2533195912837982,0.4297158122062683,250.7006378173828,247.07643127441406,247.21719360351562,991.6962890625,8.277180671691895,1.229090690612793,0.8899999856948853,0.0,0.0,0.0,1.0,100.0,4.203895392974451e-45
138,0.5,7.5727996826171875,0.026391666382551193,0.31986773014068604,-9.68379020690918,7.360843658447266,0.5464357137680054,6.276670932769775,0.8780128955841064,-3.0090363025665283,-0.5398874282836914,-2.3683958053588867,2.639709711074829,6.955386638641357,-7.516062259674072,-1.2801258563995361,-1.680421233177185,-24.4876708984375,21.176870346069336,288.2239685058594,0.17087841033935547,-0.862966001033783,0.26798877120018005,0.3927641808986664,249.8373565673828,246.86463928222656,247.0856475830078,991.721923828125,8.281854629516602,1.2291020154953003,0.8899999856948853,0.0,0.0,0.0,1.0,100.0,4.203895392974451e-45
138,0.5,7.6737213134765625,-0.0019710164051502943,0.3204209506511688,-9.709909439086914,6.846051216125488,0.5304901003837585,6.872671127319336,0.8003803491592407,-3.0256223678588867,-0.5721937417984009,-2.366788387298584,2.66731333732605,5.979517936706543,-6.682600021362305,-1.1511210203170776,-1.577293038368225,-24.726547241210938,21.444963455200195,288.8667297363281,0.16096681356430054,-0.8756892681121826,0.28113359212875366,0.35806915163993835,249.00701904296875,246.88829040527344,247.01611328125,991.7190551757812,8.281854629516602,1.2290984392166138,0.8899999856948853,0.0,0.0,0.0,1.0,100.0,4.203895392974451e-45
138,0.5,7.780296325683594,0.020301589742302895,0.28697648644447327,-9.695097923278809,6.274003028869629,0.5210639834403992,7.378446578979492,0.7187652587890625,-3.0375609397888184,-0.6024088263511658,-2.3643627166748047,2.696668863296509,4.949138164520264,-5.8749918937683105,-1.0265936851501465,-1.3364685773849487,-24.9786319732666,21.73112678527832,289.43798828125,0.1506768763065338,-0.8873311877250671,0.29480278491973877,0.32097145915031433,248.5437774658203,246.62771606445312,246.94927978515625,991.7506103515625,8.284192085266113,1.229127287864685,0.8899999856948853,0.0,0.0,0.0,1.0,100.0,4.203895392974451e-45
138,0.5,7.881126403808594,-0.05103081837296486,0.18223340809345245,-9.70120906829834,5.684041976928711,0.6216344833374023,7.839191913604736,0.6412458419799805,-3.0475757122039795,-0.6309565305709839,-2.3680217266082764,2.7212696075439453,3.974186897277832,-5.195983409881592,-0.8982905745506287,-1.0006686449050903,-25.217199325561523,22.00458526611328,289.87786865234375,0.14007215201854706,-0.8966059684753418,0.3082115054130554,0.28543785214424133,247.52305603027344,246.46121215820312,246.5870361328125,991.770751953125,8.285360336303711,1.22914719581604,0.8899999856948853,0.0,0.0,0.0,1.0,100.0,4.203895392974451e-45
138,0.5,7.9876251220703125,0.004755109548568726,0.12390390783548355,-9.743130683898926,5.072851181030273,0.6352773308753967,8.294875144958496,0.5550259351730347,-3.0530457496643066,-0.6608276963233948,-2.370969772338867,2.7424755096435547,2.940194606781006,-4.570772647857666,-0.7624272704124451,-0.5601634979248047,-25.469572067260742,22.295827865600586,290.23486328125,0.12905992567539215,-0.9048875570297241,0.3231838345527649,0.2450830638408661,246.67698669433594,246.0084991455078,246.12501525878906,991.8255615234375,8.286529541015625,1.2292100191116333,0.8899999856948853,0.0,0.0,0.0,1.0,100.0,4.203895392974451e-45
138,0.5,8.088371276855469,0.08405011892318726,0.19584935903549194,-9.795255661010742,4.410345077514648,0.5973570942878723,8.728277206420898,0.47307705879211426,-3.049854040145874,-0.6865645051002502,-2.3703763484954834,2.7620348930358887,1.9602018594741821,-4.0835700035095215,-0.6412709355354309,-0.05334632843732834,-25.708410263061523,22.573328018188477,290.4717102050781,0.1207665279507637,-0.9108506441116333,0.33698010444641113,0.2054319679737091,246.12159729003906,245.8867645263672,245.90301513671875,991.84033203125,8.283023834228516,1.2292436361312866,0.8899999856948853,0.0,0.0,0.0,1.0,100.0,4.203895392974451e-45
138,0.5,8.194778442382812,0.06325637549161911,0.0897841528058052,-9.796846389770508,3.65028977394104,0.8324590921401978,9.053784370422363,0.38287869095802307,-3.037879705429077,-0.709479808807373,-2.351597785949707,2.771453857421875,0.9528052806854248,-3.6856086254119873,-0.5203732848167419,0.5138712525367737,-25.95924186706543,22.867849349975586,290.6164245605469,0.11371956020593643,-0.9159382581710815,0.3497893512248993,0.1605110764503479,245.2601776123047,244.91050720214844,245.06085205078125,991.9585571289062,8.286529541015625,1.229374885559082,0.8899999856948853,0.0,0.0,0.0,1.0,100.0,4.203895392974451e-45
138,0.5,8.295455932617188,0.05510265380144119,0.05836321786046028,-9.73487377166748,2.9407196044921875,1.0547722578048706,9.220207214355469,0.3066288232803345,-3.0190446376800537,-0.7268323302268982,-2.341782808303833,2.7838330268859863,-0.026179114356637,-3.424004316329956,-0.38436901569366455,1.1672990322113037,-26.195375442504883,23.14764404296875,290.653076171875,0.11074826866388321,-0.9186625480651855,0.3593797981739044,0.12096118927001953,244.45956420898438,244.27027893066406,244.3666534423828,992.0361328125,8.29237174987793,1.229445457458496,0.8899999856948853,0.0,0.0,0.0,1.0,100.0,4.203895392974451e-45
138,0.5,8.401802062988281,0.1856544315814972,0.09526068717241287,-9.703558921813965,2.324725389480591,1.15639066696167,9.351974487304688,0.2344689965248108,-2.9977917671203613,-0.7428452372550964,-2.322293758392334,2.7951536178588867,-1.0586652755737305,-3.256561756134033,-0.21550001204013824,1.9169843196868896,-26.443191528320312,23.444433212280273,290.5841369628906,0.1088225245475769,-0.919971227645874,0.36734703183174133,0.0828152447938919,243.8488311767578,243.43597412109375,243.65646362304688,992.1371459960938,8.293540000915527,1.2295655012130737,0.8899999856948853,0.0,0.0,0.0,1.0,100.0,4.203895392974451e-45
138,0.5,8.502449035644531,0.3211701214313507,-0.01921653002500534,-9.711343765258789,1.9344631433486938,1.313519835472107,9.431045532226562,0.17502461373806,-2.9815752506256104,-0.754445493221283,-2.2928338050842285,2.796902656555176,-2.0393521785736084,-3.1762945652008057,-0.04218636080622673,2.673534393310547,-26.675220489501953,23.725866317749023,290.4181823730469,0.10610970109701157,-0.920593798160553,0.37224921584129333,0.05166984349489212,242.75083923339844,242.62286376953125,242.72117614746094,992.2356567382812,8.291203498840332,1.229697823524475,0.8899999856948853,0.0,0.0,0.0,1.0,100.0,4.203895392974451e-45
138,0.5,8.608795166015625,0.2980259358882904,0.0763046070933342,-9.595473289489746,1.4140260219573975,1.407827377319336,9.390673637390137,0.13087764382362366,-2.9653146266937256,-0.7610740661621094,-2.2551791667938232,2.8059980869293213,-3.0662286281585693,-3.1375579833984375,0.1457453817129135,3.5348734855651855,-26.916641235351562,24.023900985717773,290.13543701171875,0.10574649274349213,-0.9207398891448975,0.37452831864356995,0.02785489149391651,241.82083129882812,241.2894287109375,241.59588623046875,992.397216796875,8.294709205627441,1.2298827171325684,0.8899999856948853,0.0,0.0,0.0,1.0,100.0,4.203895392974451e-45
138,0.5,8.709449768066406,0.21307165920734406,0.15249498188495636,-9.53300952911377,1.0318727493286133,1.5091650485992432,9.359650611877441,0.1033850759267807,-2.9545602798461914,-0.7641560435295105,-2.2328543663024902,2.8177874088287354,-4.034448146820068,-3.126344680786133,0.33368250727653503,4.395050525665283,-27.142141342163086,24.30706787109375,289.76812744140625,0.10571127384901047,-0.9208005666732788,0.3751998841762543,0.012964416295289993,240.61996459960938,240.6187744140625,240.68585205078125,992.4784545898438,8.291203498840332,1.2299987077713013,0.8899999856948853,0.0,0.0,0.0,1.0,100.0,4.203895392974451e-45
138,0.5,8.815788269042969,0.11594510078430176,0.09208753705024719,-9.6450834274292,0.8384020328521729,1.717367172241211,9.45492935180664,0.08500772714614868,-2.946640729904175,-0.7671359181404114,-2.218914747238159,2.83394193649292,-5.055743217468262,-3.1222102642059326,0.5438900589942932,5.335792064666748,-27.37868309020996,24.607847213745117,289.2737121582031,0.10599397867918015,-0.920548141002655,0.375951886177063,0.002828808268532157,239.40731811523438,239.0010986328125,239.271240234375,992.6744995117188,8.297045707702637,1.230216145515442,0.8899999856948853,0.0,0.0,0.0,1.0,100.0,4.203895392974451e-45
138,0.5,8.916450500488281,-0.007909882813692093,0.13218915462493896,-9.566581726074219,0.645738422870636,1.7582117319107056,9.382280349731445,0.07776907086372375,-2.9469897747039795,-0.7710332274436951,-2.225343942642212,2.8453125953674316,-6.015687942504883,-3.1006181240081787,0.7329438328742981,6.251766681671143,-27.602462768554688,24.893756866455078,288.7066955566406,0.10449859499931335,-0.920100212097168,0.3774741291999817,-0.0006522809853777289,237.8058624267578,237.8817596435547,237.94204711914062,992.8101806640625,8.299383163452148,1.2303740978240967,0.8899999856948853,0.0,0.0,0.0,1.0,100.0,4.203895392974451e-45
138,0.5,9.022789001464844,-0.0876157209277153,0.03805709630250931,-9.497800827026367,0.5207762718200684,1.868902564048767,9.297945976257324,0.06423737108707428,-2.9468648433685303,-0.7785350680351257,-2.2360806465148926,2.8541078567504883,-7.027801036834717,-3.1376376152038574,0.9487566351890564,7.196526050567627,-27.839792251586914,25.196998596191406,288.0022277832031,0.1020204946398735,-0.9191418886184692,0.38040515780448914,-0.007303029764443636,236.576904296875,236.3780975341797,236.5706787109375,992.992431640625,8.297045707702637,1.2306101322174072,0.8899999856948853,0.0,0.0,0.0,1.0,100.0,4.203895392974451e-45
138,0.5,9.123435974121094,-0.0957271158695221,0.04563543200492859,-9.293923377990723,0.31705033779144287,1.916824221611023,9.089116096496582,0.04486512020230293,-2.9375815391540527,-0.7874884009361267,-2.246347665786743,2.862295389175415,-7.9760942459106445,-3.2518630027770996,1.2280291318893433,8.048161506652832,-28.065532684326172,25.484804153442383,287.2373352050781,0.10257342457771301,-0.9175674319267273,0.3836662173271179,-0.01844978518784046,234.88949584960938,235.06509399414062,235.1071014404297,993.151611328125,8.294709205627441,1.2308176755905151,0.8899999856948853,0.0,0.0,0.0,1.0,100.0,4.203895392974451e-45
138,0.5,9.229782104492188,-0.09443677216768265,-0.012160570360720158,-9.415960311889648,0.12812775373458862,2.1303789615631104,9.171310424804688,0.019687974825501442,-2.921433448791504,-0.7976126074790955,-2.2545297145843506,2.870868682861328,-8.977693557739258,-3.4517807960510254,1.5937355756759644,8.914446830749512,-28.30489158630371,25.789918899536133,286.3250427246094,0.10503051429986954,-0.9154792428016663,0.38694441318511963,-0.03364098072052002,233.291748046875,232.82789611816406,233.17872619628906,993.4228515625,8.300551414489746,1.231128215789795,0.8899999856948853,0.0,0.0,0.0,1.0,100.0,4.203895392974451e-45
138,0.5,9.330429077148438,0.15125569701194763,0.09851305931806564,-9.197371482849121,-0.11506664752960205,2.061650514602661,8.964323997497559,-0.016153577715158463,-2.8962554931640625,-0.8068254590034485,-2.247246265411377,2.875554323196411,-9.912091255187988,-3.7906575202941895,2.0373141765594482,9.646076202392578,-28.531570434570312,26.079063415527344,285.3646545410156,0.10938789695501328,-0.9131696820259094,0.3886861801147461,-0.055404819548130035,231.3157501220703,231.61279296875,231.6251220703125,993.5701904296875,8.301719665527344,1.231305718421936,0.8899999856948853,0.0,0.0,0.0,1.0,100.0,4.203895392974451e-45
138,0.5,9.436775207519531,0.07935572415590286,0.006041479762643576,-9.078429222106934,-0.4074973165988922,2.304002046585083,8.772021293640137,-0.05044401064515114,-2.8779428005218506,-0.8102360367774963,-2.234889507293701,2.8710646629333496,-10.889820098876953,-4.164970397949219,2.4391489028930664,10.417641639709473,-28.769933700561523,26.384611129760742,284.2477722167969,0.11091150343418121,-0.91209477186203,0.38753512501716614,-0.07476571202278137,229.79928588867188,229.609375,229.84857177734375,993.8131713867188,8.299383163452148,1.2316170930862427,0.8899999856948853,0.0,0.0,0.0,1.0,100.0,4.203895392974451e-45
138,0.5,9.537422180175781,0.22583569586277008,0.008718850091099739,-9.191699028015137,-0.5435655117034912,2.340139865875244,8.874978065490723,-0.07539120316505432,-2.865283727645874,-0.8113080263137817,-2.2147481441497803,2.86651349067688,-11.81412124633789,-4.483297824859619,2.786055088043213,11.172769546508789,-28.9937801361084,26.673250198364258,283.09564208984375,0.1117183268070221,-0.9114872813224792,0.38581156730651855,-0.08860477805137634,227.73802185058594,228.06275939941406,228.09165954589844,994.0007934570312,8.302888870239258,1.2318342924118042,0.8899999856948853,0.0,0.0,0.0,0.9927710890769958,99.27710723876953,4.203895392974451e-45
138,0.5,9.643775939941406,-0.17800283432006836,-0.15376496315002441,-9.09394359588623,-0.7444729208946228,2.619507074356079,8.679728507995605,-0.08053061366081238,-2.874396324157715,-0.8031774163246155,-2.2233383655548096,2.857806921005249,-12.785112380981445,-4.617102146148682,2.917156457901001,12.113585472106934,-29.22962188720703,26.977624893188477,281.7770690917969,0.10690927505493164,-0.913591742515564,0.38214701414108276,-0.08874517679214478,225.7062225341797,225.58314514160156,225.8139190673828,994.3016357421875,8.299383163452148,1.2322224378585815,0.8459899425506592,0.0,0.0,0.0,0.8728360533714294,87.28360748291016,4.203895392974451e-45
138,0.5,9.744422912597656,-0.23315568268299103,-0.08333179354667664,-9.224804878234863,-0.838022768497467,2.564202308654785,8.824934959411621,-0.0798187404870987,-2.8833274841308594,-0.7992998361587524,-2.2610485553741455,2.827564001083374,-13.708064079284668,-4.684908866882324,3.077629804611206,13.022860527038574,-29.456470489501953,27.262510299682617,280.43408203125,0.10313599556684494,-0.9147952198982239,0.3808142840862274,-0.08651407808065414,223.4721221923828,223.82333374023438,223.86935424804688,994.5151977539062,8.304057121276855,1.232466697692871,0.7219310998916626,0.0,0.0,0.0,0.6011526584625244,60.115264892578125,4.203895392974451e-45
138,0.5,9.85076904296875,-0.21326076984405518,0.10426530987024307,-9.05417251586914,-0.931987464427948,2.3848984241485596,8.687726974487305,-0.07841388136148453,-2.882579803466797,-0.7993172407150269,-2.281191825866699,2.827148914337158,-14.66840648651123,-4.755046844482422,3.3482840061187744,13.947516441345215,-29.698179244995117,27.56307029724121,278.9147644042969,0.10375141352415085,-0.914743185043335,0.3808840215206146,-0.08601762354373932,221.2693634033203,221.3969268798828,221.5272979736328,994.8097534179688,8.307562828063965,1.2328163385391235,0.5218827128410339,0.0,0.0,0.0,0.15178142488002777,15.178142547607422,4.203895392974451e-45
138,0.5,9.951416015625,-0.23042625188827515,0.0018279656069353223,-9.049560546875,-0.894842267036438,2.497438907623291,8.654958724975586,-0.08122775703668594,-2.878958225250244,-0.8045218586921692,-2.30886173248291,2.8324296474456787,-15.572325706481934,-4.893332004547119,3.6625678539276123,14.781317710876465,-29.929529190063477,27.847959518432617,277.3836975097656,0.10462917387485504,-0.9135809540748596,0.3829151690006256,-0.08826073259115219,218.87274169921875,219.3930206298828,219.38465881347656,995.0530395507812,8.301719665527344,1.2331434488296509,0.38999998569488525,0.0,0.0,0.0,0.0,0.0,4.203895392974451e-45
138,0.5,10.057769775390625,-0.018931344151496887,-0.13429751992225647,-8.944164276123047,-0.7817596197128296,2.4313409328460693,8.57277774810791,-0.09686864912509918,-2.8772151470184326,-0.8050363063812256,-2.32582950592041,2.8238205909729004,-16.517547607421875,-5.227964401245117,3.932908058166504,15.601553916931152,-30.17636489868164,28.148799896240234,275.66705322265625,0.10232657194137573,-0.9134767651557922,0.3819904327392578,-0.09572917968034744,216.581298828125,216.3723602294922,216.69537353515625,995.4198608398438,8.305225372314453,1.233582615852356,0.38999998569488525,0.0,0.0,0.0,0.0,0.0,4.203895392974451e-45
138,0.5,10.158409118652344,-0.0006433380185626447,-0.012543541379272938,-8.622367858886719,-0.9358962774276733,2.3027756214141846,8.256235122680664,-0.10974877327680588,-2.8706650733947754,-0.8001102209091187,-2.332317352294922,2.8167357444763184,-17.389543533325195,-5.528262138366699,4.2405877113342285,16.34687042236328,-30.410856246948242,28.432430267333984,273.9519958496094,0.10303296893835068,-0.91410893201828,0.37849628925323486,-0.10257189720869064,213.92152404785156,214.56451416015625,214.52413940429688,995.6394653320312,8.306394577026367,1.2338496446609497,0.38999998569488525,0.0,0.0,0.0,0.0,0.0,4.203895392974451e-45
138,0.5,10.264747619628906,-0.18644830584526062,0.22549334168434143,-8.820180892944336,-1.292368769645691,2.288266181945801,8.424575805664062,-0.1139245256781578,-2.8736135959625244,-0.7974659204483032,-2.361417055130005,2.83801007270813,-18.31174659729004,-5.738107681274414,4.424224853515625,17.217578887939453,-30.661149978637695,28.733537673950195,272.043701171875,0.10100347548723221,-0.9147611856460571,0.3771364986896515,-0.10377705842256546,211.38504028320312,211.35379028320312,211.61172485351562,996.029541015625,8.308731079101562,1.2343227863311768,0.38999998569488525,0.0,0.0,0.0,0.0,0.0,4.203895392974451e-45
138,0.5,10.365409851074219,-0.38049551844596863,-0.036835066974163055,-8.342717170715332,-1.1579073667526245,2.3210723400115967,7.9383697509765625,-0.11043328046798706,-2.893125534057617,-0.7957767844200134,-2.4057888984680176,2.8382158279418945,-19.17399787902832,-5.8015522956848145,4.326837062835693,18.14109230041504,-30.901412963867188,29.019325256347656,270.14813232421875,0.09284031391143799,-0.916027843952179,0.3775941729545593,-0.09842543303966522,208.3963623046875,209.02410888671875,209.02011108398438,996.3126831054688,8.311068534851074,1.234663486480713,0.38999998569488525,0.0,0.0,0.0,0.0,0.0,4.203895392974451e-45
138,0.5,10.471748352050781,-0.30544954538345337,-0.4476762115955353,-8.505143165588379,-0.9740704298019409,2.4481732845306396,8.10478687286377,-0.1269669383764267,-2.911111354827881,-0.7913521528244019,-2.438793659210205,2.8028900623321533,-20.087020874023438,-6.221559524536133,4.2154107093811035,18.99493980407715,-31.159343719482422,29.319183349609375,268.0505065917969,0.08159729838371277,-0.9175771474838257,0.375371515750885,-0.10238086432218552,205.90914916992188,205.69590759277344,206.06857299804688,996.71728515625,8.312236785888672,1.2351597547531128,0.38999998569488525,0.0,0.0,0.0,0.0,0.0,4.203895392974451e-45
138,0.5,10.572395324707031,-0.3485528230667114,-0.18761277198791504,-8.235974311828613,-1.2139979600906372,2.189547061920166,7.856136798858643,-0.13393597304821014,-2.9162349700927734,-0.7816216349601746,-2.4795048236846924,2.768730640411377,-20.940040588378906,-6.473249435424805,4.3134965896606445,19.793485641479492,-31.40731430053711,29.599130630493164,265.9766845703125,0.07839900255203247,-0.9195400476455688,0.3707153797149658,-0.10421695560216904,202.76324462890625,203.57888793945312,203.50927734375,996.9747314453125,8.30989933013916,1.235489010810852,0.38999998569488525,0.0,0.0,0.0,0.0,0.0,4.203895392974451e-45
138,0.5,10.678749084472656,-0.7530800104141235,-0.3962673544883728,-8.528075218200684,-1.3812243938446045,2.694326639175415,8.017716407775879,-0.1311960369348526,-2.9130399227142334,-0.7661670446395874,-2.512350559234619,2.756856918334961,-21.82735252380371,-6.545314788818359,4.55437707901001,20.65801429748535,-31.672496795654297,29.89286994934082,263.69287109375,0.08119265735149384,-0.9222748279571533,0.3636111617088318,-0.10293303430080414,200.10662841796875,199.96707153320312,200.32565307617188,997.4140625,8.311068534851074,1.2360283136367798,0.38999998569488525,0.0,0.0,0.0,0.0,0.0,4.203895392974451e-45
138,0.5,10.779396057128906,-0.735504150390625,-0.08457161486148834,-8.335278511047363,-1.5584217309951782,2.4013404846191406,7.863122940063477,-0.1309630274772644,-2.9144253730773926,-0.761526346206665,-2.5393600463867188,2.730440616607666,-22.6517276763916,-6.648186683654785,4.730127811431885,21.457469940185547,-31.925621032714844,30.167814254760742,261.44635009765625,0.08083557337522507,-0.9231745004653931,0.3615563213825226,-0.10238704085350037,196.72760009765625,197.56642150878906,197.51254272460938,997.7061157226562,8.30989933013916,1.2363953590393066,0.38999998569488525,0.0,0.0,0.0,0.0,0.0,4.203895392974451e-45
138,0.5,10.885734558105469,-23.482131958007812,-39.70917892456055,-223.076171875,-12.350610733032227,107.1115951538086,200.66110229492188,-0.09659803658723831,-2.851344108581543,-0.7349759936332703,-3.0956244468688965,1.8349463939666748,-28.664819717407227,-6.2751264572143555,8.752614974975586,26.807126998901367,-32.209434509277344,30.43729019165039,258.85955810546875,0.11763837188482285,-0.9248502254486084,0.3485635817050934,-0.09647874534130096,193.8512725830078,193.76808166503906,194.06365966796875,998.1683959960938,8.31340503692627,1.236952781677246,0.38999998569488525,0.0,0.0,0.0,0.0,0.0,4.203895392974451e-45
138,0.5,10.98638916015625,-2.5660974979400635,0.5445836186408997,2.121994972229004,-1.9992589950561523,0.7197549343109131,-2.6208813190460205,-0.12461428344249725,-2.912533760070801,-0.7258840203285217,-2.7341835498809814,1.7466979026794434,-29.648746490478516,-6.8646111488342285,7.084663391113281,28.146841049194336,-32.468509674072266,30.61918830871582,255.83116149902344,0.08466532826423645,-0.9294520616531372,0.3453620672225952,-0.09832265973091125,185.09397888183594,191.68057250976562,188.86212158203125,998.4225463867188,8.316910743713379,1.2372523546218872,0.38999998569488525,0.0,0.0,0.0,0.0,0.0,4.203895392974451e-45
138,0.5,11.096839904785156,8.463664054870605,12.952261924743652,70.26628112792969,-10.404266357421875,-62.89360809326172,-33.35884094238281,0.018776653334498405,-2.23529052734375,-1.2064934968948364,-6.14817476272583,0.32206133008003235,-19.32100486755371,-2.128286838531494,18.715816497802734,7.509151458740234,-33.11982727050781,30.688838958740234,253.42755126953125,0.36529940366744995,-0.7380167841911316,0.5134210586547852,-0.2414100021123886,190.4390106201172,193.16409301757812,192.13381958007812,998.241943359375,8.336775779724121,1.2369412183761597,0.38999998569488525,0.0,0.0,0.0,0.0,0.0,4.203895392974451e-45
138,0.5,11.20318603515625,-85.343017578125,-10.618016242980957,31.583847045898438,-17.988792419433594,49.67686080932617,-74.84867858886719,-0.173874631524086,-2.559692621231079,-1.1664725542068481,-12.452375411987305,1.559814453125,-14.662107467651367,-8.77383041381836,16.386350631713867,5.194181442260742,-34.111122131347656,30.878528594970703,251.6759796142578,0.19272662699222565,-0.8103018999099731,0.5047994256019592,-0.22681447863578796,203.1075897216797,187.97796630859375,195.74826049804688,998.8734130859375,8.318079948425293,1.237805962562561,0.38999998569488525,0.0,0.0,0.0,0.0,0.0,4.203895392974451e-45
138,0.5,11.3038330078125,-41.82880401611328,-32.85490036010742,37.586002349853516,5.073307037353516,-1.236739158630371,-64.91938018798828,-0.43786248564720154,-2.198474407196045,-0.677512526512146,-15.861183166503906,0.011051228269934654,-7.843224048614502,-14.523967742919922,7.339831829071045,-6.9479594230651855,-35.58699035644531,30.940813064575195,250.65863037109375,0.35393407940864563,-0.8529626727104187,0.19592365622520447,-0.32984602451324463,188.20498657226562,192.57867431640625,190.52194213867188,998.313232421875,8.308731079101562,1.2371528148651123,0.38999998569488525,0.0,0.0,0.0,0.0,0.0,4.203895392974451e-45
138,0.5,11.410179138183594,-95.6055679321289,-40.88706970214844,31.66802978515625,61.64940643310547,-88.7646713256836,-11.62793254852295,-0.6150275468826294,2.9579386711120605,2.510988473892212,-17.94955062866211,-0.3097304105758667,-8.755108833312988,6.6401047706604,-13.465850830078125,13.172454833984375,-37.30998229980469,30.964820861816406,249.75425720214844,0.25945398211479187,-0.32069888710975647,-0.8936792016029358,-0.1765577495098114,184.3518524169922,180.070068359375,182.36090087890625,999.8369750976562,8.305225372314453,1.2390565872192383,0.38999998569488525,0.0,0.0,0.0,0.0,0.0,4.203895392974451e-45
138,0.5,11.510833740234375,-30.404457092285156,-32.99973678588867,26.79981231689453,36.82310485839844,29.56509017944336,-22.39607810974121,0.24946466088294983,2.272465229034424,-2.2711730003356934,-18.73392105102539,-4.066882133483887,-6.136868476867676,16.228675842285156,5.8751068115234375,10.357131958007812,-39.11249923706055,30.702098846435547,249.02613830566406,0.07379397749900818,0.4269382655620575,-0.794025182723999,-0.426377534866333,178.80389404296875,178.43707275390625,178.73460388183594,1000.0360717773438,8.311068534851074,1.2392776012420654,0.38999998569488525,0.0,0.0,0.0,0.0,0.0,4.203895392974451e-45
138,0.5,11.617172241210938,16.484487533569336,-4.745462894439697,8.854382514953613,2.811223030090332,-17.26036834716797,-8.17512321472168,0.4724448621273041,-2.945575714111328,-1.3867539167404175,-17.636995315551758,-4.746380805969238,-5.02557373046875,3.567936420440674,18.60310935974121,0.20104213058948517,-41.05948257446289,30.223573684692383,248.44178771972656,-0.22202777862548828,0.7295076251029968,-0.6360180974006653,-0.11832454055547714,179.93035888671875,179.60133361816406,179.83837890625,999.8941040039062,8.315742492675781,1.2390810251235962,0.38999998569488525,0.0,0.0,0.0,0.0,0.0,4.203895392974451e-45
138,0.5,11.71783447265625,-4.547133922576904,0.388580858707428,-8.212867736816406,0.5523512363433838,1.2319693565368652,9.298097610473633,0.5656392574310303,-3.030522108078003,-0.12771809101104736,-17.28506088256836,-4.968117713928223,-4.8592023849487305,-11.335306167602539,8.520893096923828,12.081718444824219,-42.805152893066406,29.728410720825195,247.9539794921875,-0.0709739625453949,0.9558453559875488,-0.07664410769939423,-0.27466586232185364,178.02610778808594,178.1092987060547,178.14471435546875,1000.0760498046875,8.318079948425293,1.239296317100525,0.38999998569488525,0.0,0.0,0.0,0.0,0.0,4.203895392974451e-45
138,0.5,11.824172973632812,-10.316649436950684,-2.960505723953247,0.17549510300159454,-7.260729789733887,-5.052488327026367,6.081220626831055,0.5419999361038208,-2.819221258163452,0.9558704495429993,-18.323036193847656,-4.937218189239502,-4.648534774780273,-10.11229133605957,-7.845682621002197,14.761445045471191,-44.70643997192383,29.210702896118164,247.45738220214844,-0.015773911029100418,0.8642069101333618,0.3992661237716675,-0.3057405948638916,178.6185302734375,177.49676513671875,178.12156677246094,1000.1506958007812,8.32625961303711,1.2393527030944824,0.38999998569488525,0.0,0.0,0.0,0.0,0.0,4.203895392974451e-45
138,0.5,11.924819946289062,6.708012104034424,-13.720010757446289,-2.8778724670410156,-15.061196327209473,-2.5946531295776367,2.8186495304107666,0.014576257206499577,3.0266101360321045,2.173682689666748,-18.44097900390625,-5.935831069946289,-4.579516887664795,5.633227348327637,-18.949077606201172,2.339301347732544,-46.574588775634766,28.665964126586914,246.99522399902344,0.03317473828792572,0.46413108706474304,0.8838691115379333,0.0474742092192173,177.1827850341797,177.06910705566406,177.20144653320312,1000.2028198242188,8.325090408325195,1.2394224405288696,0.38999998569488525,0.0,0.0,0.0,0.0,0.0,4.203895392974451e-45
138,0.5,12.031166076660156,-4.774780750274658,4.276412487030029,11.006535530090332,-2.402148723602295,12.085188865661621,-3.2257585525512695,0.4218076169490814,2.330155849456787,-2.6692309379577637,-17.991291046142578,-5.714142799377441,-3.5927248001098633,18.459674835205078,5.284395217895508,-0.745445728302002,-48.48155975341797,28.036592483520508,246.5643768310547,0.09670521318912506,-0.29056107997894287,0.8541807532310486,0.4202263057231903,175.0763702392578,177.11756896972656,176.1505126953125,1000.1969604492188,8.32625961303711,1.2394100427627563,0.38999998569488525,0.0,0.0,0.0,0.0,0.0,4.203895392974451e-45
138,0.5,12.131820678710938,-6.9011149406433105,-0.382541686296463,-1.0216541290283203,6.316150665283203,2.59649395942688,1.4762077331542969,0.12045957148075104,2.7133185863494873,-2.6412363052368164,-18.8251895904541,-5.48809814453125,-3.2484073638916016,19.40172004699707,3.451491594314575,2.590998888015747,-50.33883285522461,27.48282814025879,246.23779296875,0.00447218818590045,-0.25387561321258545,0.9418521523475647,0.22007663547992706,175.5307159423828,175.2947235107422,175.46780395507812,1000.419189453125,8.332101821899414,1.2396596670150757,0.38999998569488525,0.0,0.0,0.0,0.0,0.0,4.203895392974451e-45
138,0.5,12.238166809082031,-1.1867190599441528,-5.305752277374268,-0.14383606612682343,5.262986660003662,-1.1407065391540527,-0.7611353993415833,0.20016781985759735,-2.993593692779541,-1.978820562362671,-18.796241760253906,-6.317080974578857,-3.098653554916382,13.608098983764648,14.644393920898438,-1.7780230045318604,-52.338523864746094,26.845684051513672,245.9038543701172,0.12367139756679535,-0.5387636423110962,0.83329838514328,-0.006753000430762768,174.45008850097656,173.5666046142578,174.0526580810547,1000.6300048828125,8.335607528686523,1.2399054765701294,0.38999998569488525,0.0,0.0,0.0,0.0,0.0,4.203895392974451e-45
138,0.5,12.338813781738281,-2.944531202316284,-3.5796501636505127,2.787809371948242,1.7883533239364624,2.0145857334136963,-4.690292835235596,0.33092597126960754,-2.748845338821411,-1.3502404689788818,-18.93683433532715,-6.867437362670898,-2.9921388626098633,3.3916077613830566,19.223981857299805,-5.800659656524658,-54.23750686645508,26.172698974609375,245.59423828125,0.25119489431381226,-0.7350833415985107,0.6296921968460083,0.005827881395816803,173.0587615966797,173.02125549316406,173.0921630859375,1000.6964721679688,8.336775779724121,1.2399827241897583,0.38999998569488525,0.0,0.0,0.0,0.0,0.0,4.203895392974451e-45
138,0.5,12.445159912109375,-8.199590682983398,0.9678887128829956,-0.3526926338672638,-7.148902416229248,3.394371509552002,-2.3801186084747314,-0.03292478248476982,-2.5017378330230713,-0.6433064937591553,-19.724666595458984,-6.8841142654418945,-2.861013412475586,-11.740423202514648,15.387882232666016,-8.367087364196777,-56.29728698730469,25.436267852783203,245.28724670410156,0.293386846780777,-0.9020861387252808,0.2951407730579376,-0.1142350286245346,172.37002563476562,172.28768920898438,172.36911010742188,1000.7860107421875,8.337944030761719,1.2400885820388794,0.38999998569488525,0.0,0.0,0.0,0.0,0.0,4.203895392974451e-45
138,0.5,12.545806884765625,-5.917662143707275,-3.348177194595337,-0.08455375581979752,-5.028634548187256,2.4027507305145264,-3.8955256938934326,-0.5880158543586731,-2.9133799076080322,0.021232036873698235,-20.190340042114258,-7.198366641998291,-2.688204288482666,-18.413602828979492,4.546167373657227,-10.342035293579102,-58.31105422973633,24.725135803222656,245.01173400878906,0.11202295869588852,-0.9504581093788147,-0.0430876798927784,-0.2867341637611389,171.8819580078125,171.97808837890625,171.97573852539062,1000.82373046875,8.335607528686523,1.2401455640792847,0.38999998569488525,0.0,0.0,0.0,0.0,0.0,4.203895392974451e-45
138,0.5,12.652153015136719,-8.346576690673828,-3.415289878845215,-4.869765758514404,-9.392762184143066,-2.612837553024292,-3.160956382751465,-0.7731496095657349,2.875169277191162,0.7693346738815308,-21.093292236328125,-7.665034770965576,-3.0381927490234375,-16.783117294311523,-5.649643421173096,-14.117751121520996,-60.516075134277344,23.927322387695312,244.7093048095703,0.02619713731110096,-0.8697018027305603,-0.29806265234947205,-0.39253464341163635,171.13360595703125,170.93502807617188,171.07505798339844,1000.9509887695312,8.334439277648926,1.240308403968811,0.38999998569488525,0.0,0.0,0.0,0.0,0.0,4.203895392974451e-45
138,0.5,12.7528076171875,-7.567123889923096,0.17965614795684814,1.0270824432373047,0.2456112504005432,-4.7064409255981445,-6.011382579803467,-0.8068000674247742,2.396620035171509,1.4521915912628174,-21.64443016052246,-7.785336494445801,-3.0040998458862305,-9.289045333862305,-11.492658615112305,-17.881317138671875,-62.67121124267578,23.14732551574707,244.4027862548828,-0.007530446629971266,-0.73543781042099,-0.46195366978645325,-0.4956466257572174,170.1054229736328,169.98843383789062,170.09677124023438,1001.0665283203125,8.336775779724121,1.2404413223266602,0.38999998569488525,0.0,0.0,0.0,0.0,0.0,4.203895392974451e-45
138,0.5,12.859153747558594,-6.664029121398926,-1.2580264806747437,-2.6665854454040527,1.3167920112609863,-6.3324360847473145,-3.3568198680877686,-0.13574345409870148,2.2419817447662354,2.009725570678711,-22.475221633911133,-7.829272270202637,-3.2385952472686768,2.003235101699829,-17.495725631713867,-16.334047317504883,-65.02835083007812,22.318845748901367,244.0702362060547,-0.18104706704616547,-0.5066455006599426,-0.7425645589828491,-0.39890339970588684,168.9531707763672,168.16537475585938,168.60260009765625,1001.2889404296875,8.34028148651123,1.24070143699646,0.38999998569488525,0.0,0.0,0.0,0.0,0.0,4.203895392974451e-45
138,0.5,12.959800720214844,-6.600812911987305,-1.2288118600845337,-4.331891059875488,6.336509704589844,-4.722164630889893,-1.1810433864593506,0.39811134338378906,2.4653263092041016,2.606663227081299,-23.147130966186523,-8.00302505493164,-3.6034488677978516,15.992365837097168,-12.80960464477539,-13.891446113586426,-67.3309555053711,21.5197696685791,243.7233123779297,-0.26585403084754944,-0.1811332255601883,-0.909200131893158,-0.2643108665943146,168.6624755859375,169.18519592285156,168.9827423095703,1001.1644897460938,8.341449737548828,1.2405420541763306,0.38999998569488525,0.0,0.0,0.0,0.0,0.0,4.203895392974451e-45
138,0.5,13.066139221191406,-5.064248561859131,0.3494676947593689,-3.250471591949463,5.7980828285217285,1.6475074291229248,0.041586194187402725,0.6475622653961182,2.9271297454833984,-2.8859636783599854,-23.769371032714844,-8.043941497802734,-3.9459571838378906,22.343719482421875,0.8120437264442444,-12.056032180786133,-69.833740234375,20.66455841064453,243.31771850585938,-0.30081385374069214,0.1539219468832016,-0.9305603504180908,-0.1409580409526825,168.97329711914062,168.49880981445312,168.78939819335938,1001.248291015625,8.342618942260742,1.2406407594680786,0.38999998569488525,0.0,0.0,0.0,0.0,0.0,4.203895392974451e-45
138,0.5,13.166801452636719,-2.7096991539001465,0.08668484538793564,-4.053804397583008,4.014801025390625,1.7623189687728882,2.135073661804199,0.5572754144668579,-3.058119773864746,-2.552236795425415,-24.177125930786133,-8.048121452331543,-4.273141384124756,23.113773345947266,5.943187713623047,-9.898829460144043,-72.25313568115234,19.85491180419922,242.9012908935547,-0.2746131718158722,0.26800405979156494,-0.9225168228149414,-0.04142715409398079,167.8130340576172,167.83644104003906,167.895263671875,1001.3291015625,8.344955444335938,1.2407305240631104,0.38999998569488525,0.0,0.0,0.0,0.0,0.0,4.203895392974451e-45
138,0.5,13.273139953613281,-2.6121599674224854,-3.180060625076294,-1.7124929428100586,4.4003190994262695,-0.6180935502052307,0.35161861777305603,0.3432537913322449,-2.9774186611175537,-2.421318292617798,-24.402517318725586,-8.189532279968262,-4.5675482749938965,23.895225524902344,9.203433990478516,-5.2647857666015625,-74.8383560180664,18.993494033813477,242.4251251220703,-0.18776245415210724,0.33294931054115295,-0.9239253401756287,0.015624161809682846,167.32510375976562,167.03038024902344,167.24093627929688,1001.427490234375,8.34378719329834,1.2408576011657715,0.38999998569488525,0.0,0.0,0.0,0.0,0.0,4.203895392974451e-45
138,0.5,13.373786926269531,-3.4231438636779785,-0.42370909452438354,-2.2299156188964844,2.7958335876464844,2.596630811691284,1.5200320482254028,0.21163390576839447,-3.0787553787231445,-2.2093591690063477,-24.70501708984375,-8.300202369689941,-4.785957336425781,21.91781234741211,14.871868133544922,-0.74934983253479,-77.31248474121094,18.160594940185547,241.9527587890625,-0.10834481567144394,0.44372040033340454,-0.8893723487854004,-0.019539177417755127,166.54774475097656,166.79281616210938,166.75059509277344,1001.4564819335938,8.342618942260742,1.2408987283706665,0.38999998569488525,0.0,0.0,0.0,0.0,0.0,4.203895392974451e-45
138,0.5,13.480133056640625,-2.1490671634674072,-0.326110303401947,-0.7433910965919495,1.738966464996338,1.4587464332580566,0.35416698455810547,0.24382686614990234,3.1273982524871826,-2.2522666454315186,-25.017414093017578,-8.372318267822266,-4.905144214630127,22.78722381591797,14.162861824035645,-0.413377970457077,-79.96150207519531,17.2721004486084,241.4352264404297,-0.1067531406879425,0.42772752046585083,-0.8956575393676758,-0.05867000296711922,166.0540008544922,166.22537231445312,166.20819091796875,1001.5257568359375,8.34378719329834,1.2409794330596924,0.38999998569488525,0.0,0.0,0.0,0.0,0.0,4.203895392974451e-45
138,0.5,13.580787658691406,-2.0585920810699463,-1.4664514064788818,0.3495330512523651,2.33844256401062,0.05280695855617523,-1.0194376707077026,0.2737974524497986,3.0457546710968018,-2.540421724319458,-25.29175567626953,-8.53946590423584,-4.875839710235596,26.048784255981445,7.445014953613281,-1.5461028814315796,-82.49644470214844,16.420177459716797,240.9424285888672,-0.11615382134914398,0.29921549558639526,-0.9432013630867004,-0.0856848657131195,165.3859405517578,165.4453887939453,165.49783325195312,1001.6209716796875,8.34729290008545,1.241081953048706,0.38999998569488525,0.0,0.0,0.0,0.0,0.0,4.203895392974451e-45
138,0.5,13.6871337890625,-5.899248123168945,-2.5414676666259766,0.43986794352531433,6.031792163848877,-1.2804436683654785,-1.8522976636886597,0.17188972234725952,2.900848388671875,-3.000263214111328,-25.535274505615234,-8.643243789672852,-4.875516891479492,26.941396713256836,-4.881779670715332,-0.9191835522651672,-85.19768524169922,15.506619453430176,240.42391967773438,-0.07655845582485199,0.08011800050735474,-0.9858997464179993,-0.12535637617111206,164.78211975097656,164.9473876953125,164.93328857421875,1001.6817626953125,8.346123695373535,1.2411624193191528,0.38999998569488525,0.0,0.0,0.0,0.0,0.0,4.203895392974451e-45
138,0.5,13.78778076171875,-3.2814438343048096,-0.5393178462982178,0.03404899686574936,2.9348442554473877,-1.3112356662750244,-0.8526941537857056,0.09461531788110733,2.7662975788116455,2.8255391120910645,-25.945125579833984,-8.84166145324707,-4.850554943084717,22.271989822387695,-16.332849502563477,-3.4695253372192383,-87.79499816894531,14.621334075927734,239.93482971191406,-0.0752052590250969,-0.14572180807590485,-0.970503568649292,-0.17670564353466034,164.13330078125,164.28424072265625,164.2902069091797,1001.7626953125,8.346123695373535,1.241262674331665,0.38999998569488525,0.0,0.0,0.0,0.0,0.0,4.203895392974451e-45
138,0.5,13.894126892089844,-3.538315773010254,-0.6105443239212036,-0.4852152168750763,1.2071304321289062,-3.3427233695983887,-0.7047966718673706,-0.1448342651128769,2.7374587059020996,2.10935640335083,-26.273231506347656,-8.908863067626953,-4.847358703613281,5.067087173461914,-27.1552791595459,-5.481997489929199,-90.57363891601562,13.677324295043945,239.4202423095703,-0.037135444581508636,-0.4948274493217468,-0.8426432609558105,-0.2090751975774765,163.54269409179688,163.3856658935547,163.53147888183594,1001.8723754882812,8.349629402160645,1.2413830757141113,0.38999998569488525,0.0,0.0,0.0,0.0,0.0,4.203895392974451e-45
138,0.5,13.994773864746094,-2.9378936290740967,1.1034972667694092,-0.1529713124036789,0.5968791842460632,-3.0187456607818604,-0.6348897218704224,-0.3369165062904358,2.813688278198242,1.4318689107894897,-26.608057022094727,-8.87621021270752,-4.852880477905273,-13.378170013427734,-23.93061065673828,-7.65927267074585,-93.23908996582031,12.781232833862305,238.93243408203125,-0.012835999019443989,-0.751783549785614,-0.6177058219909668,-0.23040960729122162,162.13626098632812,162.0596466064453,162.17926025390625,1002.0343017578125,8.349629402160645,1.2415837049484253,0.38999998569488525,0.0,0.0,0.0,0.0,0.0,4.203895392974451e-45
138,0.5,14.101119995117188,-3.2546279430389404,-0.21143005788326263,-0.5609713196754456,-2.3164255619049072,-2.0933279991149902,-1.097263216972351,-0.45446762442588806,2.8751723766326904,0.8512058854103088,-26.96462631225586,-8.870587348937988,-4.937429904937744,-24.129262924194336,-12.266678810119629,-9.871767044067383,-96.09117889404297,11.838849067687988,238.41111755371094,-0.025668704882264137,-0.891865074634552,-0.37143900990486145,-0.25679486989974976,160.79241943359375,160.90237426757812,160.915771484375,1002.1756591796875,8.354303359985352,1.2417383193969727,0.38999998569488525,0.0,0.0,0.0,0.0,0.0,4.203895392974451e-45
138,0.5,14.201774597167969,-3.0668785572052,0.5300382971763611,0.21601004898548126,-2.273709297180176,-1.2391489744186401,-1.7401020526885986,-0.5593961477279663,3.093454599380493,0.26736801862716675,-27.25168800354004,-8.835851669311523,-4.9768571853637695,-26.896595001220703,1.8484399318695068,-10.892189025878906,-98.82279205322266,10.947553634643555,237.91055297851562,0.013860207051038742,-0.9531686305999756,-0.12148409336805344,-0.27660733461380005,160.32174682617188,160.5936279296875,160.540771484375,1002.2133178710938,8.353135108947754,1.2417900562286377,0.38999998569488525,0.0,0.0,0.0,0.0,0.0,4.203895392974451e-45
138,0.5,14.308120727539062,-3.4740092754364014,0.5857402682304382,-1.0257463455200195,-3.581028938293457,-0.0393960103392601,-0.7990368008613586,-0.5025197267532349,-3.0153274536132812,-0.18450437486171722,-27.612524032592773,-8.782546997070312,-5.031128406524658,-24.799015045166016,12.596718788146973,-9.550653457641602,-101.74398040771484,10.011271476745605,237.37930297851562,0.037991393357515335,-0.9640005826950073,0.07343136519193649,-0.2527046203613281,160.28160095214844,160.54624938964844,160.483154296875,1002.2191162109375,8.353135108947754,1.2417973279953003,0.38999998569488525,0.0,0.0,0.0,0.0,0.0,4.203895392974451e-45
138,0.5,14.408767700195312,-3.142857789993286,1.0808731317520142,-2.130739688873291,-3.9319326877593994,0.266963392496109,0.2329682558774948,-0.5024222135543823,-2.9894163608551025,-0.4000687897205353,-27.933300018310547,-8.677512168884277,-5.21683931350708,-22.09798240661621,17.715290069580078,-8.978702545166016,-104.54261779785156,9.133277893066406,236.86251831054688,0.02290988340973854,-0.9503012895584106,0.17338958382606506,-0.257546991109848,159.791748046875,159.9811553955078,159.97293090820312,1002.2881469726562,8.358978271484375,1.2418570518493652,0.38999998569488525,0.0,0.0,0.0,0.0,0.0,4.203895392974451e-45
138,0.5,14.515113830566406,-2.7750298976898193,0.6120228171348572,-1.3210039138793945,-2.9622321128845215,0.8717599511146545,-0.534296989440918,-0.5767199993133545,-2.942199230194092,-0.5617971420288086,-28.279563903808594,-8.618132591247559,-5.424511909484863,-19.171239852905273,20.72671890258789,-10.309394836425781,-107.53569793701172,8.214457511901855,236.29318237304688,0.01323721557855606,-0.9244047999382019,0.23725657165050507,-0.2983317971229553,159.24441528320312,159.10240173339844,159.24761962890625,1002.3955078125,8.353135108947754,1.2420158386230469,0.38999998569488525,0.0,0.0,0.0,0.0,0.0,4.203895392974451e-45
138,0.5,14.615768432617188,-3.443359613418579,1.0936307907104492,-0.6109095215797424,-3.219356060028076,0.7100477814674377,-1.5991623401641846,-0.581818699836731,-2.9033327102661133,-0.6074560880661011,-28.571176528930664,-8.511800765991211,-5.528904914855957,-18.57908821105957,21.316190719604492,-10.94322395324707,-110.39911651611328,7.353312969207764,235.7398681640625,0.023467406630516052,-0.9178465008735657,0.2519529461860657,-0.30580806732177734,158.55078125,158.8904571533203,158.81207275390625,1002.42138671875,8.355472564697266,1.2420376539230347,0.38999998569488525,0.0,0.0,0.0,0.0,0.0,4.203895392974451e-45
138,0.5,14.72210693359375,-3.905904769897461,1.841396689414978,-1.8739299774169922,-4.611868858337402,-0.06812723726034164,-0.9402714371681213,-0.6101603507995605,-2.9684948921203613,-0.4625033438205719,-28.992137908935547,-8.366961479187012,-5.679790019989014,-21.45902442932129,18.728059768676758,-11.470159530639648,-113.46440887451172,6.45639181137085,235.14340209960938,0.011667856015264988,-0.9309034943580627,0.1925199329853058,-0.3101779520511627,157.92762756347656,157.85023498535156,157.96609497070312,1002.5484619140625,8.357809066772461,1.2421847581863403,0.38999998569488525,0.0,0.0,0.0,0.0,0.0,4.203895392974451e-45
138,0.5,14.822761535644531,-2.6911838054656982,1.1502712965011597,-1.1690807342529297,-2.8887243270874023,-0.7632191181182861,-1.0024750232696533,-0.7133268713951111,3.080153226852417,-0.1187516376376152,-29.2926082611084,-8.182846069335938,-5.881296157836914,-25.10981559753418,12.430228233337402,-13.212751388549805,-116.40147399902344,5.625913619995117,234.5584259033203,-0.04944026470184326,-0.9343330264091492,0.0662851631641388,-0.34666377305984497,156.75054931640625,156.85899353027344,156.90162658691406,1002.6695556640625,8.363652229309082,1.2423089742660522,0.38999998569488525,0.0,0.0,0.0,0.0,0.0,4.203895392974451e-45
138,0.5,14.929107666015625,-2.290207862854004,1.1111128330230713,-1.1385488510131836,-2.241894006729126,-1.5213574171066284,-0.6596841216087341,-0.6389445066452026,2.882070302963257,0.2482183426618576,-29.532817840576172,-8.108868598937988,-5.992849349975586,-28.152877807617188,4.03595495223999,-12.843952178955078,-119.53263854980469,4.760432720184326,233.92539978027344,-0.08335280418395996,-0.9392048120498657,-0.07621165364980698,-0.3242388665676117,155.64260864257812,155.36631774902344,155.58563232421875,1002.8519287109375,8.360146522521973,1.2425503730773926,0.38999998569488525,0.0,0.0,0.0,0.0,0.0,4.203895392974451e-45
138,0.5,15.029762268066406,-2.6660146713256836,0.7412133812904358,-2.2503037452697754,-2.734950065612793,-2.236008405685425,0.49092596769332886,-0.48514437675476074,2.8554739952087402,0.5400679111480713,-29.807188034057617,-8.06620979309082,-6.1652750968933105,-29.158672332763672,-5.695250511169434,-10.433732032775879,-122.52120208740234,3.947028160095215,233.3129425048828,-0.06995938718318939,-0.9351204037666321,-0.2233027219772339,-0.2660514712333679,154.68423461914062,155.0602264404297,154.9737091064453,1002.8893432617188,8.362483024597168,1.2425864934921265,0.38999998569488525,0.0,0.0,0.0,0.0,0.0,4.203895392974451e-45
138,0.5,15.136100769042969,-3.2490711212158203,0.5838451981544495,-0.959348738193512,-1.6942040920257568,-2.8973302841186523,-0.743410050868988,-0.38881629705429077,2.775620698928833,0.9423290491104126,-30.1507568359375,-8.006026268005371,-6.321771621704102,-24.791969299316406,-17.189552307128906,-10.148477554321289,-125.7125473022461,3.0934669971466064,232.64588928222656,-0.07285644859075546,-0.8756126165390015,-0.40661269426345825,-0.2503059208393097,154.19998168945312,154.75216674804688,154.5624542236328,1002.9269409179688,8.362483024597168,1.2426331043243408,0.38999998569488525,0.0,0.0,0.0,0.0,0.0,4.203895392974451e-45
138,0.5,15.23675537109375,-2.969190835952759,0.44894012808799744,-0.37312987446784973,-0.47292259335517883,-2.7824487686157227,-1.0913490056991577,-0.2929806411266327,2.685046434402466,1.293375015258789,-30.474639892578125,-7.951383113861084,-6.323990345001221,-17.138391494750977,-24.985511779785156,-10.672585487365723,-128.7675018310547,2.2909374237060547,232.00978088378906,-0.09299735724925995,-0.788954496383667,-0.5542644262313843,-0.24836499989032745,154.18466186523438,154.54029846191406,154.46705627441406,1002.9528198242188,8.36482048034668,1.242654800415039,0.38999998569488525,0.0,0.0,0.0,0.0,0.0,4.203895392974451e-45
138,0.5,15.343101501464844,-3.260375738143921,0.2553477883338928,-1.222137451171875,-0.25145262479782104,-3.457993268966675,-0.4095520079135895,-0.19856350123882294,2.673093795776367,1.489402174949646,-30.791282653808594,-7.925173282623291,-6.44959831237793,-11.470175743103027,-28.73582649230957,-9.756000518798828,-132.02774047851562,1.4477033615112305,231.32957458496094,-0.1044859066605568,-0.7272769808769226,-0.6390761137008667,-0.22743065655231476,153.88076782226562,154.16246032714844,154.10958862304688,1002.9990234375,8.365988731384277,1.2427068948745728,0.38999998569488525,0.0,0.0,0.0,0.0,0.0,4.203895392974451e-45
138,0.5,15.443748474121094,-2.200948476791382,-0.8064220547676086,-0.40139105916023254,-0.85158371925354,-2.0739433765411377,-0.7931433916091919,-0.1855682134628296,2.6641571521759033,1.5777428150177002,-31.104734420776367,-7.992941379547119,-6.463868141174316,-8.835718154907227,-29.93474006652832,-9.949713706970215,-135.14772033691406,0.6460424065589905,230.6798858642578,-0.1020238846540451,-0.697261393070221,-0.6710309386253357,-0.2304927408695221,153.36033630371094,153.64358520507812,153.60891723632812,1003.0624389648438,8.369494438171387,1.2427699565887451,0.38999998569488525,0.0,0.0,0.0,0.0,0.0,4.203895392974451e-45
138,0.5,15.550094604492188,-4.018216133117676,0.8808040022850037,0.258301705121994,0.5025969743728638,-3.694594144821167,-1.7566137313842773,-0.27244293689727783,2.729010581970215,1.464540719985962,-31.429927825927734,-7.9831037521362305,-6.495650291442871,-12.603463172912598,-29.146739959716797,-9.23939037322998,-138.47393798828125,-0.2047194391489029,229.99014282226562,-0.06204640492796898,-0.7397416830062866,-0.6276338696479797,-0.23452100157737732,152.7727508544922,152.60340881347656,152.777587890625,1003.1895751953125,8.370662689208984,1.242922306060791,0.38999998569488525,0.0,0.0,0.0,0.0,0.0,4.203895392974451e-45
138,0.5,15.650741577148438,-1.841453194618225,0.020099563524127007,0.24318785965442657,-0.3998347520828247,-1.498801827430725,-1.0218439102172852,-0.2623436152935028,2.742521286010742,1.2965775728225708,-31.670053482055664,-7.938961982727051,-6.486244201660156,-17.345552444458008,-26.909774780273438,-9.114212036132812,-141.6533660888672,-1.0047698020935059,229.33734130859375,-0.07923124730587006,-0.7902418375015259,-0.5660899877548218,-0.22084930539131165,151.8444366455078,152.06068420410156,152.06024169921875,1003.2559204101562,8.373000144958496,1.2429941892623901,0.38999998569488525,0.0,0.0,0.0,0.0,0.0,4.203895392974451e-45
138,0.5,15.757095336914062,-1.8722844123840332,0.07974820584058762,0.4216632544994354,-0.9175570011138916,-1.2205095291137695,-1.1653332710266113,-0.3283621370792389,2.8452181816101074,0.8922922015190125,-31.9293155670166,-7.955618858337402,-6.453617572784424,-26.912771224975586,-18.311302185058594,-8.050176620483398,-145.0387725830078,-1.8501595258712769,228.64967346191406,-0.06164953485131264,-0.8906410336494446,-0.3992528021335602,-0.20868149399757385,151.36468505859375,151.5399169921875,151.54129028320312,1003.319580078125,8.373000144958496,1.2430731058120728,0.38999998569488525,0.0,0.0,0.0,0.0,0.0,4.203895392974451e-45
138,0.5,15.857742309570312,-0.7307538390159607,-0.19166280329227448,-0.07898048311471939,-0.7259715795516968,-0.0298975370824337,-0.2214421033859253,-0.39764198660850525,3.0817790031433105,0.31356069445610046,-32.0196418762207,-7.986079692840576,-6.48502254486084,-32.864070892333984,-1.8709181547164917,-6.893954277038574,-148.25856018066406,-2.6528618335723877,227.99855041503906,0.0018722001696005464,-0.968762218952179,-0.14716018736362457,-0.19958166778087616,150.26976013183594,150.33302307128906,150.40916442871094,1003.4671020507812,8.371831893920898,1.2432609796524048,0.38999998569488525,0.0,0.0,0.0,0.0,0.0,4.203895392974451e-45
138,0.5,15.964088439941406,0.3613540232181549,-0.15869678556919098,0.0802440270781517,0.38469767570495605,0.11281994730234146,0.0384376160800457,-0.32185158133506775,-3.0946457386016846,-0.1290002465248108,-32.101776123046875,-7.949533462524414,-6.415806770324707,-31.259449005126953,11.82803726196289,-4.2201080322265625,-151.67050170898438,-3.499113082885742,227.3140869140625,0.012794752605259418,-0.9849940538406372,0.059851787984371185,-0.16134877502918243,148.66677856445312,148.72523498535156,148.7843780517578,1003.6636962890625,8.371831893920898,1.2435046434402466,0.38999998569488525,0.0,0.0,0.0,0.0,0.0,4.203895392974451e-45
138,0.5,16.064735412597656,-1.0502408742904663,-0.11739986389875412,0.10038658231496811,-0.8388015627861023,0.5399587750434875,-0.3629113435745239,-0.27158069610595703,-3.095740556716919,-0.44274985790252686,-32.21754455566406,-7.933033466339111,-6.381529331207275,-26.481571197509766,20.91435432434082,-1.710290789604187,-154.90875244140625,-4.298110008239746,226.6709442138672,-0.007557797245681286,-0.967039167881012,0.21446432173252106,-0.13702276349067688,147.96456909179688,148.2310333251953,148.2042236328125,1003.72412109375,8.377674102783203,1.243553638458252,0.38999998569488525,0.0,0.0,0.0,0.0,0.0,4.203895392974451e-45
138,0.5,16.17108154296875,-0.48237887024879456,-0.5194129943847656,0.7330226302146912,0.21833588182926178,0.6204650402069092,-0.7791904807090759,-0.24937136471271515,-3.0237104892730713,-0.8029628396034241,-32.26951217651367,-7.966662406921387,-6.317666530609131,-17.725357055664062,28.784786224365234,-1.3899286985397339,-158.33831787109375,-5.1434006690979,225.9959716796875,0.005287121515721083,-0.9146103262901306,0.3803304433822632,-0.13711659610271454,147.4485321044922,147.35928344726562,147.4915313720703,1003.8306884765625,8.384685516357422,1.243654727935791,0.38999998569488525,0.0,0.0,0.0,0.0,0.0,4.203895392974451e-45
138,0.5,16.271728515625,-0.4315599799156189,0.07236123830080032,0.7976550459861755,-0.12053950875997543,0.1905272901058197,-0.8814134001731873,-0.1909124106168747,-2.969318151473999,-1.0516759157180786,-32.335079193115234,-7.964903831481934,-6.219379425048828,-10.14066219329834,32.30220413208008,-1.1802796125411987,-161.5904083251953,-5.945356845855713,225.36695861816406,0.026406072080135345,-0.8618862628936768,0.49070629477500916,-0.12511515617370605,147.11692810058594,147.52267456054688,147.42388916015625,1003.8107299804688,8.380011558532715,1.2436506748199463,0.38999998569488525,0.0,0.0,0.0,0.0,0.0,4.203895392974451e-45
138,0.5,16.378082275390625,-0.18843449652194977,-1.31953763961792,-0.9279842972755432,0.9623305201530457,0.9055196642875671,0.9443257451057434,-0.14342740178108215,-2.981519937515259,-1.1209728717803955,-32.35991287231445,-8.051702499389648,-6.226484775543213,-7.639458656311035,33.05110168457031,-0.08131948113441467,-165.03121948242188,-6.796797275543213,224.7068328857422,0.029575400054454803,-0.8451568484306335,0.5236800312995911,-0.10288755595684052,146.7545623779297,147.05044555664062,146.98828125,1003.8684692382812,8.381179809570312,1.2437169551849365,0.38999998569488525,0.0,0.0,0.0,0.0,0.0,4.203895392974451e-45
138,0.5,16.478729248046875,-0.0237899012863636,-0.922962486743927,-1.3461017608642578,0.7713320255279541,0.6539339423179626,1.2813225984573364,-0.0400066077709198,-2.9607491493225098,-1.1330190896987915,-32.40986251831055,-8.165477752685547,-6.335197925567627,-6.59223747253418,33.372535705566406,0.07520530372858047,-168.29180908203125,-7.614406108856201,224.07432556152344,0.06548546254634857,-0.8411300182342529,0.5328644514083862,-0.06526082754135132,146.05606079101562,146.2923583984375,146.27969360351562,1003.961181640625,8.3788423538208,1.2438422441482544,0.38999998569488525,0.0,0.0,0.0,0.0,0.0,4.203895392974451e-45
138,0.5,16.585067749023438,-1.9047212600708008,0.04459253326058388,-1.1203117370605469,-0.9191444516181946,1.8903796672821045,0.6830854415893555,-0.01763077825307846,-2.9067132472991943,-1.1024872064590454,-32.533451080322266,-8.207259178161621,-6.443624973297119,-7.473677158355713,33.305294036865234,-1.4788081645965576,-171.74473571777344,-8.486456871032715,223.3937225341797,0.09522447735071182,-0.8465105891227722,0.5192371010780334,-0.06882254779338837,145.76858520507812,145.8695068359375,145.90773010253906,1004.0128784179688,8.384685516357422,1.2438803911209106,0.38999998569488525,0.0,0.0,0.0,0.0,0.0,4.203895392974451e-45
138,0.5,16.68572235107422,0.3244655430316925,-1.0785088539123535,-0.1258125752210617,1.0643515586853027,0.33041706681251526,0.20554108917713165,-0.15958824753761292,-2.8227882385253906,-1.0553197860717773,-32.574493408203125,-8.299139976501465,-6.506328582763672,-9.758414268493652,32.3714485168457,-5.398961067199707,-175.0239715576172,-9.316766738891602,222.74046325683594,0.09707601368427277,-0.856687068939209,0.4846143126487732,-0.1476621776819229,145.12474060058594,145.46559143066406,145.4034423828125,1004.0623168945312,8.380011558532715,1.243962287902832,0.38999998569488525,0.0,0.0,0.0,0.0,0.0,4.203895392974451e-45
138,0.5,16.792068481445312,-0.7991775870323181,-1.546986699104309,1.3899106979370117,0.8712528944015503,1.2133445739746094,-1.6529788970947266,-0.2380707561969757,-2.8405165672302246,-0.803820013999939,-32.64118576049805,-8.49277400970459,-6.4140214920043945,-17.582866668701172,28.765119552612305,-6.488914966583252,-178.4921417236328,-10.211477279663086,222.05299377441406,0.09111378341913223,-0.9104315042495728,0.3676239550113678,-0.16630546748638153,144.54296875,144.2614288330078,144.49107360839844,1004.2095947265625,8.383517265319824,1.2441293001174927,0.38999998569488525,0.0,0.0,0.0,0.0,0.0,4.203895392974451e-45
138,0.5,16.89270782470703,-0.7083039283752441,-0.15025188028812408,-0.7963247895240784,-0.7574554681777954,0.5745940208435059,0.5044686198234558,-0.25083592534065247,-2.8984673023223877,-0.4376083016395569,-32.711692810058594,-8.558550834655762,-6.422435283660889,-26.782501220703125,20.922574996948242,-5.4292497634887695,-181.78138732910156,-11.071348190307617,221.4088592529297,0.09049015492200851,-0.9646321535110474,0.19896022975444794,-0.14732126891613007,143.43960571289062,143.64744567871094,143.65017700195312,1004.28466796875,8.384685516357422,1.2442171573638916,0.38999998569488525,0.0,0.0,0.0,0.0,0.0,4.203895392974451e-45
138,0.5,16.999061584472656,-1.5082967281341553,0.052676305174827576,-0.6094322800636292,-1.5868149995803833,-0.3503376245498657,0.09158919751644135,-0.33552291989326477,3.1401913166046143,0.19927287101745605,-32.84059524536133,-8.53839111328125,-6.565303802490234,-34.15315246582031,1.8753412961959839,-4.953948974609375,-185.26806640625,-11.979982376098633,220.71591186523438,0.01592198945581913,-0.9810790419578552,-0.09795839339494705,-0.16621677577495575,142.3845977783203,142.15919494628906,142.36239624023438,1004.466796875,8.38585376739502,1.2444376945495605,0.38999998569488525,0.0,0.0,0.0,0.0,0.0,4.203895392974451e-45
138,0.5,17.099708557128906,-1.0741071701049805,-0.016064168885350227,0.3462333381175995,-0.6095964312553406,-0.5794154405593872,-0.7526571750640869,-0.2876545190811157,2.833383321762085,0.8281868696212769,-32.9959602355957,-8.532517433166504,-6.556891918182373,-29.283191680908203,-17.110918045043945,-7.363636493682861,-188.58380126953125,-12.839189529418945,220.05487060546875,-0.08208295702934265,-0.9041405916213989,-0.37334370613098145,-0.1907857060432434,141.65103149414062,142.23138427734375,142.05018615722656,1004.4579467773438,8.389359474182129,1.2444112300872803,0.38999998569488525,0.0,0.0,0.0,0.0,0.0,4.203895392974451e-45
138,0.5,17.2060546875,-1.0359989404678345,0.0626009851694107,0.859433114528656,-0.24065092206001282,-0.5437413454055786,-1.209231972694397,-0.20043012499809265,2.7664151191711426,1.0936484336853027,-33.028255462646484,-8.530000686645508,-6.5104851722717285,-23.586069107055664,-24.33195686340332,-7.592573165893555,-192.0939483642578,-13.746386528015137,219.35987854003906,-0.10738672316074371,-0.8446829319000244,-0.4923526346683502,-0.18044352531433105,142.20411682128906,142.60829162597656,142.49606323242188,1004.4118041992188,8.387022018432617,1.2443643808364868,0.38999998569488525,0.0,0.0,0.0,0.0,0.0,4.203895392974451e-45
138,0.5,17.30670166015625,-0.7932689189910889,-0.3147968351840973,-1.4358530044555664,-0.9923768639564514,-0.7978327870368958,1.0810428857803345,-0.22046531736850739,2.8831310272216797,0.9965452551841736,-33.09599304199219,-8.553631782531738,-6.560421466827393,-25.98505973815918,-22.602094650268555,-5.044931888580322,-195.42196655273438,-14.606231689453125,218.7036590576172,-0.06037799268960953,-0.8725695013999939,-0.458592027425766,-0.1570427566766739,141.47984313964844,141.68772888183594,141.69244384765625,1004.5244750976562,8.388191223144531,1.2444987297058105,0.38999998569488525,0.0,0.0,0.0,0.0,0.0,4.203895392974451e-45
138,0.5,17.413055419921875,-0.6509717106819153,-1.296216607093811,-0.6780110001564026,-1.4997279644012451,0.4389730989933014,0.34888210892677307,-0.2739197611808777,2.998798131942749,0.7650638222694397,-33.216148376464844,-8.624056816101074,-6.6772141456604,-30.62297821044922,-16.375629425048828,-4.040390491485596,-198.94985961914062,-15.519659996032715,217.99856567382812,-0.01472677756100893,-0.9203253984451294,-0.3597957491874695,-0.152720108628273,140.7335662841797,141.07240295410156,140.99508666992188,1004.5997314453125,8.387022018432617,1.2445971965789795,0.38999998569488525,0.0,0.0,0.0,0.0,0.0,4.203895392974451e-45
138,0.5,17.513702392578125,-1.1103311777114868,-1.6463327407836914,1.1117935180664062,-1.214348316192627,1.0289726257324219,-1.6265993118286133,-0.3379405438899994,-3.121116876602173,0.4131195545196533,-33.30262756347656,-8.762566566467285,-6.657308578491211,-34.301658630371094,-5.445724964141846,-4.88759183883667,-202.29783630371094,-16.395578384399414,217.3260040283203,0.044365789741277695,-0.9643958806991577,-0.20384681224822998,-0.16251477599143982,139.99420166015625,140.2495574951172,140.23291015625,1004.700439453125,8.396370887756348,1.244680643081665,0.38999998569488525,0.0,0.0,0.0,0.0,0.0,4.203895392974451e-45
138,0.5,17.62004852294922,-0.33183109760284424,-2.8001368045806885,-0.08131793886423111,-0.3166191577911377,2.72261118888855,-0.6667181849479675,-0.2908569276332855,-2.9049675464630127,-0.009162621572613716,-33.340145111083984,-9.007500648498535,-6.638206481933594,-33.76280212402344,8.308119773864746,-5.272178649902344,-205.84176635742188,-17.342021942138672,216.6200714111328,0.11612975597381592,-0.9825911521911621,-0.012604111805558205,-0.14443740248680115,138.995361328125,138.5930938720703,138.88558959960938,1004.9031372070312,8.39169692993164,1.2449524402618408,0.38999998569488525,0.0,0.0,0.0,0.0,0.0,4.203895392974451e-45
138,0.5,17.72069549560547,-0.568528950214386,-3.060335636138916,-0.6676865220069885,0.24668852984905243,3.1408796310424805,-0.4566689431667328,-0.17811469733715057,-2.76745343208313,-0.30310600996017456,-33.39728927612305,-9.308674812316895,-6.667233943939209,-29.817041397094727,18.062681198120117,-5.580891132354736,-209.20098876953125,-18.266780853271484,215.95082092285156,0.16992607712745667,-0.969935417175293,0.13139958679676056,-0.11435341089963913,137.67266845703125,138.00283813476562,137.94821166992188,1004.9754028320312,8.39169692993164,1.2450419664382935,0.38999998569488525,0.0,0.0,0.0,0.0,0.0,4.203895392974451e-45
138,0.5,17.827041625976562,-0.0576268769800663,-2.726632833480835,-0.9153071045875549,1.0506091117858887,2.6744022369384766,-0.13891203701496124,-0.10330711305141449,-2.6952598094940186,-0.45688265562057495,-33.41675567626953,-9.616443634033203,-6.767209053039551,-26.30733299255371,22.841651916503906,-6.412021636962891,-212.7538604736328,-19.27679443359375,215.23529052734375,0.20387813448905945,-0.9511834383010864,0.2094183713197708,-0.09909503161907196,137.43209838867188,137.8152313232422,137.7161865234375,1004.9983520507812,8.395201683044434,1.245054841041565,0.38999998569488525,0.0,0.0,0.0,0.0,0.0,4.203895392974451e-45
138,0.5,17.927688598632812,-0.09138272702693939,-2.369361639022827,-0.5489845871925354,0.7338199019432068,2.298095941543579,-0.32214003801345825,-0.14330407977104187,-2.7136805057525635,-0.39195847511291504,-33.44025421142578,-9.86649227142334,-6.780013084411621,-27.825151443481445,21.09479331970215,-6.505128860473633,-216.1187744140625,-20.260000228881836,214.55372619628906,0.1941048502922058,-0.958989143371582,0.1748882532119751,-0.10985912382602692,137.0893096923828,137.3419647216797,137.32781982421875,1005.0562744140625,8.394033432006836,1.2451317310333252,0.38999998569488525,0.0,0.0,0.0,0.0,0.0,4.203895392974451e-45
138,0.5,18.034027099609375,-0.5177228450775146,-1.111910343170166,-0.6665907502174377,-0.47997966408729553,1.3023793697357178,0.14873825013637543,-0.21717479825019836,-2.7997589111328125,-0.15110942721366882,-33.47433853149414,-10.055268287658691,-6.871129512786865,-32.317718505859375,14.081171035766602,-5.110672473907471,-219.67625427246094,-21.3228816986084,213.82696533203125,0.1605399250984192,-0.9782180786132812,0.055564213544130325,-0.11925367265939713,136.5255584716797,136.3522186279297,136.53305053710938,1005.177490234375,8.397539138793945,1.2452664375305176,0.38999998569488525,0.0,0.0,0.0,0.0,0.0,4.203895392974451e-45
138,0.5,18.134689331054688,0.30154088139533997,-0.5130248069763184,-0.9932108521461487,-0.13721853494644165,0.718411922454834,0.8975656628608704,-0.31776300072669983,-2.981844186782837,0.22015686333179474,-33.48497009277344,-10.132853507995605,-6.992240905761719,-35.327293395996094,1.8654683828353882,-4.614347457885742,-223.0477752685547,-22.340404510498047,213.1285400390625,0.0956326276063919,-0.976908802986145,-0.1206737607717514,-0.14810062944889069,135.54705810546875,135.71533203125,135.7470703125,1005.2554321289062,8.39987564086914,1.2453526258468628,0.38999998569488525,0.0,0.0,0.0,0.0,0.0,4.203895392974451e-45
138,0.5,18.24102783203125,-2.146195411682129,-0.5022172331809998,0.12958236038684845,-1.8320696353912354,-0.946655809879303,-0.788964033126831,-0.29094403982162476,3.0350944995880127,0.713616669178009,-33.643287658691406,-10.157674789428711,-7.01873779296875,-32.74802780151367,-13.997834205627441,-3.9901111125946045,-226.61749267578125,-23.419153213500977,212.38272094726562,0.0012159423204138875,-0.9284965991973877,-0.3378755748271942,-0.15403127670288086,134.34259033203125,134.41580200195312,134.4759063720703,1005.41455078125,8.398707389831543,1.2455549240112305,0.38999998569488525,0.0,0.0,0.0,0.0,0.0,4.203895392974451e-45
138,0.5,18.34168243408203,1.0049386024475098,0.6941617131233215,-1.0825681686401367,0.8178814053535461,0.16850943863391876,1.4022654294967651,-0.224838525056839,2.8552355766296387,1.0787110328674316,-33.68120193481445,-10.142024040222168,-7.089264392852783,-25.80667495727539,-24.26629638671875,-5.7169671058654785,-230.00917053222656,-24.44139862060547,211.67445373535156,-0.06463441997766495,-0.8521167635917664,-0.49138203263282776,-0.1680927723646164,134.07066345214844,134.4625701904297,134.38424682617188,1005.4088134765625,8.398707389831543,1.245547890663147,0.38999998569488525,0.0,0.0,0.0,0.0,0.0,4.203895392974451e-45
138,0.5,18.448020935058594,-2.946955919265747,0.6836002469062805,-0.2293253391981125,-0.4815307855606079,-2.904939889907837,-0.7305868268013,-0.1777023822069168,2.846273183822632,1.1942059993743896,-33.83218765258789,-10.100813865661621,-7.148009300231934,-22.754365921020508,-27.469646453857422,-5.037312030792236,-233.5967254638672,-25.518192291259766,210.9159393310547,-0.07183811813592911,-0.8220792412757874,-0.5431387424468994,-0.1549757719039917,134.12623596191406,134.4178009033203,134.3701171875,1005.414306640625,8.40338134765625,1.2455339431762695,0.38999998569488525,0.0,0.0,0.0,0.0,0.0,4.203895392974451e-45
138,0.5,18.548675537109375,0.4773668944835663,1.4323087930679321,-2.0315818786621094,1.238821029663086,-0.7400552034378052,2.0794830322265625,-0.1275044083595276,2.785097599029541,1.2704174518585205,-33.89631271362305,-9.962847709655762,-7.296011447906494,-20.314992904663086,-29.238252639770508,-5.8184814453125,-237.00900268554688,-26.527236938476562,210.18922424316406,-0.10522820055484772,-0.7972840666770935,-0.5736632347106934,-0.1554592102766037,133.62896728515625,134.11184692382812,133.99078369140625,1005.4517822265625,8.405718803405762,1.2455700635910034,0.38999998569488525,0.0,0.0,0.0,0.0,0.0,4.203895392974451e-45
138,0.5,18.65502166748047,-1.6062486171722412,-1.0153638124465942,0.07123943418264389,-1.573555588722229,-0.9195038676261902,-0.5426340103149414,-0.0750129222869873,2.787079334259033,1.1495815515518188,-34.048179626464844,-9.93480110168457,-7.36991548538208,-23.47517967224121,-27.283388137817383,-4.099543571472168,-240.6215362548828,-27.582260131835938,209.40713500976562,-0.12782344222068787,-0.8291654586791992,-0.5292127132415771,-0.12677456438541412,133.18411254882812,133.11993408203125,133.25323486328125,1005.5732421875,8.405718803405762,1.2457205057144165,0.38999998569488525,0.0,0.0,0.0,0.0,0.0,4.203895392974451e-45
138,0.5,18.75566864013672,1.2696739435195923,-1.1064136028289795,-1.484452247619629,-0.28819480538368225,1.3174084424972534,1.7947492599487305,-0.2702843248844147,2.9195210933685303,0.7873053550720215,-34.027976989746094,-10.022417068481445,-7.523515701293945,-31.994815826416016,-16.382469177246094,-4.783519268035889,-244.0494842529297,-28.589065551757812,208.6563262939453,-0.050039082765579224,-0.9151812791824341,-0.3639376163482666,-0.1657746285200119,132.4805908203125,133.00054931640625,132.86483764648438,1005.5878295898438,8.40338134765625,1.2457488775253296,0.38999998569488525,0.0,0.0,0.0,0.0,0.0,4.203895392974451e-45
138,0.5,18.862014770507812,-0.8542175889015198,0.10521797835826874,0.08478160947561264,-0.7587777376174927,-0.31074342131614685,-0.27501019835472107,-0.29590940475463867,-2.9855709075927734,0.18949449062347412,-34.09328079223633,-10.09267520904541,-7.533599376678467,-36.04280471801758,2.9640913009643555,-3.6167538166046143,-247.67218017578125,-29.661457061767578,207.85472106933594,0.09063831716775894,-0.980553388595581,-0.10472389310598373,-0.13901633024215698,131.57064819335938,130.68780517578125,131.23251342773438,1005.87109375,8.405718803405762,1.2460894584655762,0.38999998569488525,0.0,0.0,0.0,0.0,0.0,4.203895392974451e-45
138,0.5,18.962661743164062,0.1292116343975067,-1.4648979902267456,0.6669806838035583,0.37985217571258545,1.2378867864608765,-0.9647761583328247,-0.23087584972381592,-2.868990659713745,-0.07142407447099686,-34.153194427490234,-10.199718475341797,-7.461833477020264,-34.16087341308594,12.046952247619629,-3.746868848800659,-251.1072998046875,-30.68247413635254,207.10081481933594,0.13081403076648712,-0.9840589761734009,0.01949683390557766,-0.11886032670736313,129.950927734375,130.33522033691406,130.26681518554688,1005.914306640625,8.409224510192871,1.2461274862289429,0.38999998569488525,0.0,0.0,0.0,0.0,0.0,4.203895392974451e-45
138,0.5,19.069007873535156,-0.5328547954559326,-2.417983293533325,0.01771923154592514,0.07726626098155975,2.3258392810821533,-0.8457528948783875,-0.13624247908592224,-2.7957706451416016,-0.24742655456066132,-34.127864837646484,-10.473456382751465,-7.424073696136475,-31.248741149902344,18.504518508911133,-3.2557477951049805,-254.73526000976562,-31.783720016479492,206.31045532226562,0.16206470131874084,-0.976733386516571,0.10965367406606674,-0.08772269636392593,129.4795379638672,129.86280822753906,129.77291870117188,1005.97216796875,8.408055305480957,1.2462043762207031,0.38999998569488525,0.0,0.0,0.0,0.0,0.0,4.203895392974451e-45
138,0.5,19.169662475585938,0.9758925437927246,-1.294541597366333,-0.3432760536670685,1.29361093044281,1.0342724323272705,0.05338818579912186,-0.08794736117124557,-2.734355926513672,-0.3149608075618744,-34.096614837646484,-10.667128562927246,-7.43181848526001,-29.654909133911133,20.930679321289062,-3.7511019706726074,-258.1701965332031,-32.8507080078125,205.5634307861328,0.19276636838912964,-0.9676777720451355,0.1446620225906372,-0.07420133799314499,129.27357482910156,129.84043884277344,129.6798553466797,1005.9749145507812,8.411561012268066,1.246192216873169,0.38999998569488525,0.0,0.0,0.0,0.0,0.0,4.203895392974451e-45
138,0.5,19.27600860595703,-1.1960034370422363,-1.1095805168151855,0.05838199704885483,-1.0887423753738403,1.0448355674743652,-0.6228336095809937,-0.15731827914714813,-2.795793294906616,-0.07322271913290024,-34.09758758544922,-10.788704872131348,-7.471604824066162,-33.97708511352539,13.206877708435059,-2.446072816848755,-261.7929382324219,-33.99275588989258,204.76991271972656,0.16855865716934204,-0.9818772673606873,0.022436289116740227,-0.08363256603479385,129.1067657470703,129.03887939453125,129.17520141601562,1006.0731201171875,8.413898468017578,1.2463035583496094,0.38999998569488525,0.0,0.0,0.0,0.0,0.0,4.203895392974451e-45
138,0.5,19.37665557861328,0.06406830251216888,-0.03274906426668167,-1.863163948059082,-0.5241449475288391,0.3554789423942566,1.7536848783493042,-0.31151852011680603,-2.9708940982818604,0.3434995710849762,-34.102516174316406,-10.85191822052002,-7.4909234046936035,-36.33938217163086,-1.8997111320495605,-3.5608794689178467,-265.22686767578125,-35.083831787109375,204.0184326171875,0.1093907356262207,-0.9675523042678833,-0.18125207722187042,-0.13789944350719452,128.08116149902344,128.40045166015625,128.3639678955078,1006.1513061523438,8.411561012268066,1.2464107275009155,0.38999998569488525,0.0,0.0,0.0,0.0,0.0,4.203895392974451e-45
138,0.5,19.483001708984375,-1.454481601715088,-0.19282403588294983,0.4108371436595917,-0.9894450902938843,-0.8809363842010498,-0.7525963187217712,-0.3013823330402374,3.124913454055786,0.7864681482315063,-34.20985794067383,-10.920639038085938,-7.46481466293335,-32.6724853515625,-16.460670471191406,-2.6141672134399414,-268.85809326171875,-36.24203872680664,203.22317504882812,0.049905724823474884,-0.913651704788208,-0.3776642978191376,-0.14181841909885406,126.70585632324219,126.60823059082031,126.75971221923828,1006.3709106445312,8.415066719055176,1.2466672658920288,0.38999998569488525,0.0,0.0,0.0,0.0,0.0,4.203895392974451e-45
138,0.5,19.583648681640625,-1.7063283920288086,0.7718796730041504,-1.084427833557129,-0.11830684542655945,-2.029264450073242,0.7425338625907898,-0.21388432383537292,2.966857671737671,1.2071454524993896,-34.312740325927734,-10.86046028137207,-7.532347679138184,-23.44413185119629,-28.23090934753418,-2.3276379108428955,-272.30670166015625,-37.33829116821289,202.46951293945312,-0.011076025664806366,-0.8207704424858093,-0.5545222759246826,-0.1367867887020111,125.72716522216797,126.1842041015625,126.08047485351562,1006.4228515625,8.417404174804688,1.2467212677001953,0.38999998569488525,0.0,0.0,0.0,0.0,0.0,4.203895392974451e-45
138,0.5,19.689987182617188,-1.3688769340515137,0.9409215450286865,-0.4826336205005646,0.9534128308296204,-1.4374455213546753,0.12962421774864197,-0.05956088379025459,2.8477931022644043,1.602540373802185,-34.51054763793945,-10.795854568481445,-7.541342258453369,-10.12673282623291,-35.355751037597656,-3.435093402862549,-275.96881103515625,-38.48939895629883,201.66775512695312,-0.08064325153827667,-0.6911236047744751,-0.7071545124053955,-0.12557822465896606,125.7336196899414,126.37310028076172,126.156494140625,1006.3997192382812,8.417404174804688,1.2466926574707031,0.38999998569488525,0.0,0.0,0.0,0.0,0.0,4.203895392974451e-45
138,0.5,19.79064178466797,-1.8057786226272583,0.10143789649009705,-0.29842856526374817,0.44605931639671326,-1.7617757320404053,-0.23939311504364014,0.013300887309014797,2.841262102127075,1.7616418600082397,-34.62494659423828,-10.725076675415039,-7.591678619384766,-3.861023426055908,-36.67893981933594,-3.357595920562744,-279.4481201171875,-39.57133865356445,200.90574645996094,-0.10029313713312149,-0.6285712718963623,-0.7631955146789551,-0.11119347810745239,125.73590087890625,126.20706939697266,126.09727478027344,1006.4200439453125,8.416234970092773,1.246722936630249,0.38999998569488525,0.0,0.0,0.0,0.0,0.0,4.203895392974451e-45
138,0.5,19.896987915039062,-1.7095760107040405,1.6501706838607788,0.13103099167346954,1.9852017164230347,-1.1902997493743896,-0.5522288680076599,0.015071269124746323,2.830188751220703,1.793814778327942,-34.82508850097656,-10.616490364074707,-7.576719284057617,-2.5366427898406982,-36.89749526977539,-3.8758761882781982,-283.1438903808594,-40.70638656616211,200.09925842285156,-0.10258445888757706,-0.6155475974082947,-0.7726524472236633,-0.11652516573667526,125.10735321044922,125.24127960205078,125.2782974243164,1006.5384521484375,8.418572425842285,1.2468593120574951,0.38999998569488525,0.0,0.0,0.0,0.0,0.0,4.203895392974451e-45
138,0.5,19.997642517089844,-1.5574828386306763,1.4729644060134888,-0.7391224503517151,1.6684035062789917,-1.523660659790039,0.19101658463478088,0.05092408135533333,2.825608730316162,1.6792614459991455,-34.996971130371094,-10.457724571228027,-7.637352466583252,-6.210378646850586,-36.61933898925781,-3.593709707260132,-286.6595458984375,-41.76515197753906,199.3338623046875,-0.12374025583267212,-0.6562230587005615,-0.737558901309967,-0.10029316693544388,124.44381713867188,124.81781005859375,124.75715637207031,1006.59033203125,8.422078132629395,1.2469080686569214,0.38999998569488525,0.0,0.0,0.0,0.0,0.0,4.203895392974451e-45
138,0.5,20.103981018066406,-0.5436860918998718,1.8330894708633423,-1.2559328079223633,1.7597370147705078,-1.1842645406723022,0.8567055463790894,0.03310763090848923,2.8067140579223633,1.4060676097869873,-35.14485168457031,-10.302773475646973,-7.659356117248535,-15.664141654968262,-33.83650207519531,-3.111042022705078,-290.3922119140625,-42.86835479736328,198.5213623046875,-0.13767538964748383,-0.7503256797790527,-0.6395080089569092,-0.09528358280658722,123.76537322998047,123.9664535522461,123.97023010253906,1006.6946411132812,8.418572425842285,1.247052788734436,0.38999998569488525,0.0,0.0,0.0,0.0,0.0,4.203895392974451e-45
138,0.5,20.204627990722656,-2.1614973545074463,1.2542598247528076,-0.45878317952156067,-0.17005054652690887,-2.5082807540893555,-0.36773979663848877,-0.05699530616402626,2.817636489868164,0.9872933030128479,-35.29937744140625,-10.1519193649292,-7.747700214385986,-28.31616973876953,-24.579830169677734,-1.7718091011047363,-293.937255859375,-43.89557647705078,197.7443084716797,-0.12863369286060333,-0.8709049820899963,-0.4633995592594147,-0.10114883631467819,123.01556396484375,123.4496078491211,123.3607406616211,1006.7579956054688,8.423246383666992,1.2471106052398682,0.38999998569488525,0.0,0.0,0.0,0.0,0.0,4.203895392974451e-45
138,0.5,20.31097412109375,-1.0913405418395996,1.9096646308898926,-0.251128226518631,0.03287597745656967,-2.170666456222534,-0.43354636430740356,-0.20634149014949799,2.8251564502716064,0.5583673715591431,-35.41507339477539,-9.909910202026367,-7.800241947174072,-36.135887145996094,-9.969918251037598,-2.8381783962249756,-297.6994323730469,-44.95927810668945,196.9169464111328,-0.12262625247240067,-0.9486943483352661,-0.2550826072692871,-0.14095161855220795,122.47811126708984,122.71812438964844,122.70475006103516,1006.8477172851562,8.422078132629395,1.2472268342971802,0.38999998569488525,0.0,0.0,0.0,0.0,0.0,4.203895392974451e-45
138,0.5,20.41162109375,-0.6527213454246521,1.6699873208999634,-0.021848715841770172,-0.4253471791744232,-1.6542412042617798,-0.5457990169525146,-0.31093060970306396,2.888240337371826,0.12481050193309784,-35.47708511352539,-9.701960563659668,-7.757341384887695,-37.03607177734375,5.984601020812988,-2.3280723094940186,-301.26751708984375,-45.943546295166016,196.13490295410156,-0.11499127745628357,-0.9793318510055542,-0.04159458354115486,-0.16108471155166626,121.52943420410156,121.79936981201172,121.79249572753906,1006.9603271484375,8.425583839416504,1.247350811958313,0.38999998569488525,0.0,0.0,0.0,0.0,0.0,4.203895392974451e-45
138,0.5,20.517974853515625,-0.48853951692581177,0.7318746447563171,-1.058903694152832,-1.0741547346115112,-0.5403300523757935,0.670667827129364,-0.37745004892349243,3.058462142944336,-0.40146318078041077,-35.5609016418457,-9.594599723815918,-7.844849586486816,-29.834945678710938,22.930513381958008,-1.4907203912734985,-305.0460205078125,-46.967987060546875,195.30508422851562,-0.0773698091506958,-0.9601321816444397,0.20331527292728424,-0.1755436807870865,120.40930938720703,120.2646484375,120.44381713867188,1007.1484985351562,8.422078132629395,1.247599482536316,0.38999998569488525,0.0,0.0,0.0,0.0,0.0,4.203895392974451e-45
138,0.5,20.618621826171875,-0.6071919798851013,0.7447630167007446,0.2953347861766815,-0.7997203469276428,-0.10464964807033539,-0.6000469923019409,-0.35137054324150085,-3.036421775817871,-0.8440415859222412,-35.62125778198242,-9.53410816192627,-7.879399299621582,-18.24436378479004,32.95243835449219,-1.7650431394577026,-308.62939453125,-47.92990493774414,194.51193237304688,-0.024281905964016914,-0.9007381200790405,0.3943597376346588,-0.18042610585689545,119.50308227539062,120.05252075195312,119.90809631347656,1007.1744995117188,8.423246383666992,1.247626543045044,0.38999998569488525,0.0,0.0,0.0,0.0,0.0,4.203895392974451e-45
138,0.5,20.72496795654297,-0.40771499276161194,0.6744993329048157,-0.6082249283790588,-0.9209549427032471,0.07540766894817352,0.3704823851585388,-0.2681148946285248,-2.983142375946045,-1.0474051237106323,-35.6715202331543,-9.463937759399414,-7.906951904296875,-11.382786750793457,35.980220794677734,-0.6122874617576599,-312.42034912109375,-48.939292907714844,193.67298889160156,0.0012891535880044103,-0.8607980012893677,0.4848860204219818,-0.1546032428741455,119.37181854248047,119.67695617675781,119.63235473632812,1007.2205200195312,8.4279203414917,1.2476627826690674,0.38999998569488525,0.0,0.0,0.0,0.0,0.0,4.203895392974451e-45
138,0.5,20.82561492919922,-0.575410783290863,0.17732597887516022,-1.1145896911621094,-0.6666275262832642,0.5775795578956604,0.9093045592308044,-0.22770018875598907,-2.981752872467041,-1.0837171077728271,-35.70844268798828,-9.430413246154785,-8.01024341583252,-9.971378326416016,36.45167541503906,0.11161604523658752,-316.0129089355469,-49.88945770263672,192.87100219726562,0.009553181938827038,-0.8531619310379028,0.5029823184013367,-0.1379268318414688,118.86399841308594,119.3019027709961,119.21521759033203,1007.2665405273438,8.432594299316406,1.2476991415023804,0.38999998569488525,0.0,0.0,0.0,0.0,0.0,4.203895392974451e-45
138,0.5,20.931968688964844,0.11343033611774445,-0.35088738799095154,-0.1244526281952858,0.32415634393692017,0.12135279178619385,0.17796194553375244,-0.20815600454807281,-2.9745168685913086,-1.0113929510116577,-35.75710678100586,-9.449873924255371,-8.053098678588867,-12.39356517791748,35.762882232666016,-0.3391006588935852,-319.8146667480469,-50.89323806762695,192.0155487060547,0.02245085872709751,-0.871264636516571,0.47252964973449707,-0.130771666765213,118.52381896972656,118.73413848876953,118.73921203613281,1007.336181640625,8.4279203414917,1.2478060722351074,0.38999998569488525,0.0,0.0,0.0,0.0,0.0,4.203895392974451e-45
138,0.5,21.032615661621094,-0.4711635410785675,-0.1766941398382187,-0.3747740089893341,-0.26643887162208557,0.5088701844215393,0.2524409592151642,-0.1896616667509079,-2.9812099933624268,-0.8046571612358093,-35.790000915527344,-9.48912239074707,-8.060579299926758,-19.174612045288086,32.676605224609375,-0.7005770802497864,-323.41534423828125,-51.84696960449219,191.2048797607422,0.0364200621843338,-0.9160398840904236,0.3815689980983734,-0.11807355284690857,117.89547729492188,118.4520034790039,118.30699157714844,1007.3707885742188,8.430257797241211,1.2478386163711548,0.38999998569488525,0.0,0.0,0.0,0.0,0.0,4.203895392974451e-45
138,0.5,21.138961791992188,-0.6653571128845215,-0.7360851764678955,-0.8376856446266174,-0.42722228169441223,1.0572006702423096,0.621305525302887,-0.2214195281267166,-3.001887321472168,-0.48095399141311646,-35.84346389770508,-9.532997131347656,-8.129137992858887,-28.483905792236328,25.056934356689453,-1.5842196941375732,-327.2245178222656,-52.85837936401367,190.3438720703125,0.04112282022833824,-0.9647573232650757,0.22864021360874176,-0.12356442213058472,116.89021301269531,117.27288818359375,117.1926040649414,1007.515380859375,8.430257797241211,1.24801766872406,0.38999998569488525,0.0,0.0,0.0,0.0,0.0,4.203895392974451e-45
138,0.5,21.23961639404297,-0.08075178414583206,-0.7753268480300903,-0.7411900162696838,-0.16041463613510132,0.8701234459877014,0.611677348613739,-0.29793602228164673,-3.002918004989624,-0.18056033551692963,-35.90069580078125,-9.623384475708008,-8.212794303894043,-34.51968002319336,15.483407020568848,-4.189535140991211,-330.8364562988281,-53.82332992553711,189.52064514160156,0.05488624796271324,-0.9834538102149963,0.07870365679264069,-0.15363571047782898,116.0275650024414,116.33177947998047,116.31523132324219,1007.6307983398438,8.436100006103516,1.248134732246399,0.38999998569488525,0.0,0.0,0.0,0.0,0.0,4.203895392974451e-45
138,0.5,21.345962524414062,-0.864357590675354,-1.2419391870498657,0.5706509947776794,-0.8096685409545898,0.967528223991394,-1.0116605758666992,-0.35245344042778015,-3.037666082382202,0.17987270653247833,-35.92607116699219,-9.73812198638916,-8.18996524810791,-37.63565444946289,2.6058483123779297,-5.416155815124512,-334.65521240234375,-54.854068756103516,188.64743041992188,0.06665343791246414,-0.9783880710601807,-0.09737355262041092,-0.1697797179222107,115.15859985351562,115.22441864013672,115.30354309082031,1007.7666625976562,8.437268257141113,1.248297929763794,0.38999998569488525,0.0,0.0,0.0,0.0,0.0,4.203895392974451e-45
138,0.5,21.44660186767578,-0.6666731834411621,-1.1894854307174683,-0.7930966019630432,-1.4021968841552734,0.6539319753646851,0.30742305517196655,-0.3481937646865845,-3.0993812084198,0.571071207523346,-35.97195816040039,-9.859016418457031,-8.204241752624512,-36.25620651245117,-11.326472282409668,-3.9581186771392822,-338.2734680175781,-55.8411865234375,187.82363891601562,0.06872361153364182,-0.9437622427940369,-0.28085821866989136,-0.1603143960237503,114.32083129882812,114.8922348022461,114.74179077148438,1007.807373046875,8.432594299316406,1.2483689785003662,0.38999998569488525,0.0,0.0,0.0,0.0,0.0,4.203895392974451e-45
138,0.5,21.552947998046875,-0.9619699120521545,-0.6101232767105103,-1.4880428314208984,-1.4987907409667969,-0.5396650433540344,0.9870387315750122,-0.3704831600189209,3.088724136352539,1.0067247152328491,-36.07347106933594,-9.947084426879883,-8.347748756408691,-28.83553123474121,-25.013153076171875,-3.5718560218811035,-342.10552978515625,-56.895816802978516,186.94268798828125,0.06605813652276993,-0.863023579120636,-0.46968913078308105,-0.17381463944911957,113.82901000976562,114.1385269165039,114.09719848632812,1007.8998413085938,8.434931755065918,1.2484731674194336,0.38999998569488525,0.0,0.0,0.0,0.0,0.0,4.203895392974451e-45
138,0.5,21.653594970703125,-1.4895950555801392,0.38792669773101807,-0.20413212478160858,0.1663564294576645,-1.5405759811401367,-0.09982547163963318,-0.30290907621383667,2.903813123703003,1.4713308811187744,-36.202823638916016,-9.94253158569336,-8.444961547851562,-15.393305778503418,-35.00136947631836,-4.32936429977417,-345.7434997558594,-57.897254943847656,186.0953826904297,0.013607155531644821,-0.7397303581237793,-0.6454455256462097,-0.18975341320037842,113.32173156738281,114.0456771850586,113.822998046875,1007.9112548828125,8.437268257141113,1.2484769821166992,0.38999998569488525,0.0,0.0,0.0,0.0,0.0,4.203895392974451e-45
138,0.5,21.75994110107422,-0.7326375842094421,-0.44264325499534607,-0.38837531208992004,-0.3224935829639435,-0.8763315677642822,0.10748476535081863,-0.0880473256111145,2.841895341873169,1.7693085670471191,-36.33854675292969,-9.94763469696045,-8.43342399597168,-3.3174538612365723,-38.324012756347656,-3.287682056427002,-349.60296630859375,-58.953880310058594,185.1983184814453,-0.060822244733572006,-0.6309309601783752,-0.7601189017295837,-0.14296166598796844,113.44709014892578,114.09284973144531,113.88489532470703,1007.9054565429688,8.437268257141113,1.2484698295593262,0.38999998569488525,0.0,0.0,0.0,0.0,0.0,4.203895392974451e-45
138,0.5,21.86058807373047,-1.4727364778518677,-0.33633971214294434,-0.8438959717750549,-0.010993706062436104,-1.6627873182296753,0.47875508666038513,-0.026789313182234764,2.9124722480773926,1.8030120134353638,-36.431819915771484,-10.004996299743652,-8.546205520629883,-1.5806618928909302,-38.70152282714844,-0.29067522287368774,-353.2652587890625,-59.958648681640625,184.34243774414062,-0.06047871708869934,-0.6175057291984558,-0.778098464012146,-0.09789618104696274,112.83161926269531,113.19820404052734,113.15597534179688,1008.0152587890625,8.439605712890625,1.2485954761505127,0.38999998569488525,0.0,0.0,0.0,0.0,0.0,4.203895392974451e-45
138,0.5,21.966941833496094,-1.2088459730148315,0.8600512742996216,-0.7320042252540588,1.0870757102966309,-1.1284310817718506,0.5307494401931763,-0.030479421839118004,2.920304536819458,1.797656536102295,-36.62016296386719,-9.97808837890625,-8.644956588745117,-1.748594045639038,-38.88764953613281,0.06178887188434601,-357.1519470214844,-61.021820068359375,183.42604064941406,-0.0568770170211792,-0.6199634075164795,-0.7766717672348022,-0.09583166241645813,112.10175323486328,112.28031158447266,112.30889892578125,1008.1278686523438,8.444279670715332,1.2487142086029053,0.38999998569488525,0.0,0.0,0.0,0.0,0.0,4.203895392974451e-45
138,0.5,22.067588806152344,-1.3310757875442505,0.8841450214385986,0.09019847959280014,1.0685205459594727,-1.1352970600128174,-0.36185064911842346,-0.014772942289710045,2.8955414295196533,1.7158936262130737,-36.76702117919922,-9.914894104003906,-8.61758804321289,-4.6213884353637695,-38.7576904296875,-0.9179062843322754,-360.845703125,-62.0225944519043,182.5572509765625,-0.07470687478780746,-0.6497146487236023,-0.7501674890518188,-0.0976257398724556,111.50579833984375,111.9735336303711,111.88189697265625,1008.16552734375,8.443111419677734,1.2487660646438599,0.38999998569488525,0.0,0.0,0.0,0.0,0.0,4.203895392974451e-45
138,0.5,22.173934936523438,-1.10333251953125,1.0700833797454834,-0.8027659058570862,0.9278378486633301,-1.3858277797698975,0.47477251291275024,-0.025479136034846306,2.872046947479248,1.4658387899398804,-36.8896369934082,-9.828426361083984,-8.635821342468262,-13.854565620422363,-36.57557678222656,-1.5088438987731934,-364.7638854980469,-63.07192611694336,181.640869140625,-0.09140925109386444,-0.7375674843788147,-0.6616469025611877,-0.09927069395780563,110.93192291259766,111.26521301269531,111.21620178222656,1008.25244140625,8.439605712890625,1.2488892078399658,0.38999998569488525,0.0,0.0,0.0,0.0,0.0,4.203895392974451e-45
138,0.5,22.27458953857422,-1.057852864265442,0.8981322646141052,-0.691012442111969,0.2964753210544586,-1.4901052713394165,0.3079681396484375,-0.08935245871543884,2.8522424697875977,1.1289818286895752,-37.047874450683594,-9.738226890563965,-8.715462684631348,-25.32328987121582,-29.956607818603516,-2.1555604934692383,-368.487060546875,-64.05573272705078,180.7666473388672,-0.0980386883020401,-0.8386419415473938,-0.5234264731407166,-0.11439071595668793,110.25724029541016,110.79368591308594,110.66910552978516,1008.310302734375,8.439605712890625,1.2489609718322754,0.38999998569488525,0.0,0.0,0.0,0.0,0.0,4.203895392974451e-45
138,0.5,22.380935668945312,-0.494051456451416,1.3069968223571777,-0.5794783234596252,0.28059378266334534,-1.4538582563400269,0.3092804253101349,-0.19922353327274323,2.900233745574951,0.6541728973388672,-37.08474349975586,-9.591753959655762,-8.793325424194336,-36.307762145996094,-14.913065910339355,-1.9819570779800415,-372.42987060546875,-65.08222961425781,179.83425903320312,-0.08171993494033813,-0.9392780661582947,-0.3060290217399597,-0.13197669386863708,109.74530792236328,109.82936096191406,109.90708923339844,1008.4286499023438,8.444279670715332,1.2490867376327515,0.38999998569488525,0.0,0.0,0.0,0.0,0.0,4.203895392974451e-45
138,0.5,22.481582641601562,-0.07235074043273926,1.217573881149292,-0.6218910813331604,-0.06179484352469444,-1.295897364616394,0.4373461604118347,-0.26835283637046814,2.9900407791137695,0.14712701737880707,-37.190792083740234,-9.472229957580566,-8.833634376525879,-39.15305709838867,4.115240573883057,-0.9952645897865295,-376.1697998046875,-66.04042053222656,178.9468231201172,-0.06501594930887222,-0.9862358570098877,-0.06252745538949966,-0.1385440081357956,108.60001373291016,108.93409729003906,108.91253662109375,1008.53857421875,8.444279670715332,1.2492228746414185,0.38999998569488525,0.0,0.0,0.0,0.0,0.0,4.203895392974451e-45
138,0.5,22.587928771972656,-1.2205578088760376,0.22292201220989227,-0.5544319748878479,-1.3376260995864868,0.1697624772787094,0.16958960890769958,-0.30638036131858826,3.0774474143981934,-0.3264685571193695,-37.20541000366211,-9.395386695861816,-8.937305450439453,-33.42171096801758,20.86477279663086,0.13876836001873016,-380.12310791015625,-67.04188537597656,177.99990844726562,-0.056055258959531784,-0.9738513827323914,0.16535216569900513,-0.14533625543117523,107.67816162109375,107.5665512084961,107.74404907226562,1008.7064208984375,8.44194221496582,1.249441146850586,0.38999998569488525,0.0,0.0,0.0,0.0,0.0,4.203895392974451e-45
138,0.5,22.688575744628906,0.11986776441335678,-0.21916133165359497,0.7230748534202576,0.45465216040611267,0.002097981283441186,-0.6152355670928955,-0.31895768642425537,-3.032271146774292,-0.7895689606666565,-37.26331329345703,-9.398595809936523,-8.903141975402832,-21.370365142822266,33.132102966308594,-1.3039156198501587,-383.8726501464844,-67.98747253417969,177.10189819335938,-0.011195429600775242,-0.9133376479148865,0.3711512088775635,-0.1671159565448761,106.57427978515625,107.00341033935547,106.93583679199219,1008.7755737304688,8.446616172790527,1.2495061159133911,0.38999998569488525,0.0,0.0,0.0,0.0,0.0,4.203895392974451e-45
138,0.5,22.794921875,-0.17740042507648468,0.4456731677055359,-0.5954456925392151,-0.5911264419555664,-0.01139376126229763,0.4848514497280121,-0.2227972149848938,-2.97892427444458,-1.0037240982055664,-37.21009063720703,-9.358308792114258,-8.947958946228027,-13.772521018981934,36.91233444213867,0.07734410464763641,-387.83184814453125,-68.9849624633789,176.15345764160156,0.017482416704297066,-0.872715175151825,0.4685763716697693,-0.13597922027111053,106.44557189941406,106.88731384277344,106.788330078125,1008.7898559570312,8.451290130615234,1.2495030164718628,0.38999998569488525,0.0,0.0,0.0,0.0,0.0,4.203895392974451e-45
138,0.5,22.89556884765625,-0.2878284156322479,1.2245556116104126,0.08961864560842514,-1.1554447412490845,-0.4202791154384613,-0.280534029006958,-0.2067473828792572,-3.0082521438598633,-1.0336819887161255,-37.30014419555664,-9.260042190551758,-8.996254920959473,-12.738457679748535,37.32582092285156,1.5717315673828125,-391.5829772949219,-69.92159271240234,175.24969482421875,0.00673307478427887,-0.8662155866622925,0.48442763090133667,-0.12225651741027832,106.07728576660156,106.57921600341797,106.4769287109375,1008.82763671875,8.447785377502441,1.2495653629302979,0.38999998569488525,0.0,0.0,0.0,0.0,0.0,4.203895392974451e-45
138,0.5,23.001914978027344,-0.11686771363019943,0.5647343397140503,-0.16945461928844452,-0.5394622683525085,-0.2630973160266876,0.03243632987141609,-0.27790331840515137,-3.1031928062438965,-0.8909467458724976,-37.245208740234375,-9.220927238464355,-9.03441333770752,-18.09946632385254,34.897884368896484,2.8936214447021484,-395.5447692871094,-70.90499114990234,174.29029846191406,-0.04251093789935112,-0.8946864008903503,0.4242520034313202,-0.13315799832344055,105.50945281982422,105.70854949951172,105.73226928710938,1008.9345703125,8.448953628540039,1.249692678451538,0.38999998569488525,0.0,0.0,0.0,0.0,0.0,4.203895392974451e-45
138,0.5,23.102569580078125,-0.5307031869888306,0.8836369514465332,-0.7149391770362854,-1.1599160432815552,-0.26489880681037903,0.3974859416484833,-0.29122215509414673,3.1370744705200195,-0.771835446357727,-37.32026672363281,-9.173420906066895,-9.059117317199707,-22.091041564941406,32.589630126953125,2.9828097820281982,-399.2972412109375,-71.8304672241211,173.3802490234375,-0.05668681114912033,-0.9165193438529968,0.3727272152900696,-0.13358458876609802,104.3433837890625,104.64946746826172,104.6455307006836,1009.0646362304688,8.451290130615234,1.2498434782028198,0.38999998569488525,0.0,0.0,0.0,0.0,0.0,4.203895392974451e-45
138,0.5,23.208908081054688,-0.8411319851875305,1.0988023281097412,-0.5781307816505432,-1.4394925832748413,-0.3913046419620514,0.15430887043476105,-0.30345210433006287,3.139662742614746,-0.6309831142425537,-37.338382720947266,-9.089816093444824,-9.142597198486328,-26.385644912719727,29.364084243774414,1.3749034404754639,-403.26605224609375,-72.80108642578125,172.41099548339844,-0.04780466854572296,-0.9396730661392212,0.3068563938140869,-0.1433892399072647,103.39862823486328,103.80227661132812,103.72488403320312,1009.1686401367188,8.453627586364746,1.2499618530273438,0.38999998569488525,0.0,0.0,0.0,0.0,0.0,4.203895392974451e-45
138,0.5,23.309555053710938,0.22713050246238708,1.0051343441009521,-0.7619505524635315,-0.36499422788619995,-1.08582603931427,0.5746191143989563,-0.32450956106185913,3.040647029876709,-0.34752970933914185,-37.3099479675293,-8.989118576049805,-9.242657661437988,-33.29356002807617,21.19670295715332,0.6910476684570312,-407.0223693847656,-73.7104263305664,171.48440551757812,-0.07693293690681458,-0.969353199005127,0.17843031883239746,-0.15030106902122498,102.7817153930664,103.25968170166016,103.17274475097656,1009.2352905273438,8.451290130615234,1.2500548362731934,0.38999998569488525,0.0,0.0,0.0,0.0,0.0,4.203895392974451e-45
138,0.5,23.41590118408203,-0.16169577836990356,0.8627017140388489,-1.1036872863769531,-0.46846407651901245,-1.0565476417541504,0.8079253435134888,-0.27113109827041626,2.925931215286255,-0.02059696428477764,-37.37129211425781,-8.868257522583008,-9.299530982971191,-38.312774658203125,9.626344680786133,1.0870989561080933,-410.99395751953125,-74.65816497802734,170.49798583984375,-0.1080121174454689,-0.9848642945289612,0.0246889665722847,-0.13326098024845123,102.00785827636719,102.46170806884766,102.36077880859375,1009.3333129882812,8.457133293151855,1.2501503229141235,0.38999998569488525,0.0,0.0,0.0,0.0,0.0,4.203895392974451e-45
138,0.5,23.51654815673828,-0.4629597067832947,0.7667695879936218,-1.2508859634399414,-0.6479922533035278,-1.0389864444732666,0.9314286112785339,-0.24157507717609406,2.930284261703491,0.13058660924434662,-37.38618087768555,-8.776634216308594,-9.444034576416016,-39.36017990112305,3.742360830307007,0.8319132924079895,-414.75531005859375,-75.54524993896484,169.55258178710938,-0.09664782881736755,-0.9859000444412231,-0.05173010006546974,-0.12639793753623962,101.67393493652344,102.20283508300781,102.09353637695312,1009.3651123046875,8.458301544189453,1.250184416770935,0.38999998569488525,0.0,0.0,0.0,0.0,0.0,4.203895392974451e-45
138,0.5,23.622894287109375,-0.45797258615493774,1.497530221939087,-0.7175398468971252,-0.2690163850784302,-1.662573218345642,0.3614322543144226,-0.22590172290802002,2.948078155517578,0.22576706111431122,-37.42241668701172,-8.636560440063477,-9.553593635559082,-39.569820404052734,-0.0967518761754036,0.7029059529304504,-418.7336730957031,-76.4701919555664,168.5406494140625,-0.08274251222610474,-0.983908474445343,-0.10058288276195526,-0.12228283286094666,101.03263854980469,101.8735580444336,101.58299255371094,1009.4055786132812,8.458301544189453,1.250234603881836,0.38999998569488525,0.0,0.0,0.0,0.0,0.0,4.203895392974451e-45
138,0.5,23.723548889160156,-1.2040808200836182,0.7817241549491882,-0.8132134079933167,-1.0493052005767822,-1.2251838445663452,0.34649428725242615,-0.20391179621219635,2.914513111114502,0.31436681747436523,-37.49352264404297,-8.520991325378418,-9.630291938781738,-39.447391510009766,-3.777998208999634,0.8479445576667786,-422.50396728515625,-77.33189392089844,167.57479858398438,-0.09548798948526382,-0.9780178666114807,-0.14333167672157288,-0.11752062290906906,100.67394256591797,101.14213562011719,101.06640625,1009.4954223632812,8.454795837402344,1.250361442565918,0.38999998569488525,0.0,0.0,0.0,0.0,0.0,4.203895392974451e-45
138,0.5,23.82989501953125,-0.8463596701622009,0.04691045358777046,-1.1673469543457031,-1.1097898483276367,-0.4236888289451599,0.8185642957687378,-0.28970497846603394,2.9381823539733887,0.2435155063867569,-37.58551025390625,-8.505301475524902,-9.7542085647583,-39.70803451538086,-0.45641273260116577,-1.7874877452850342,-426.4975280761719,-78.23677062988281,166.54345703125,-0.08228099346160889,-0.9789021015167236,-0.10501658171415329,-0.1547403186559677,100.3065414428711,100.69735717773438,100.63424682617188,1009.550048828125,8.461807250976562,1.2503979206085205,0.38999998569488525,0.0,0.0,0.0,0.0,0.0,4.203895392974451e-45
138,0.5,23.9305419921875,0.12108618766069412,-0.19600296020507812,-0.4154234230518341,-0.04387078806757927,0.15541987121105194,0.44673505425453186,-0.3691607117652893,3.038931369781494,0.037325624376535416,-37.60504913330078,-8.486327171325684,-9.805296897888184,-38.88030242919922,7.503964900970459,-3.7802040576934814,-430.2823181152344,-79.09097290039062,165.5583953857422,-0.04700702801346779,-0.9817193746566772,-0.008905303664505482,-0.18420235812664032,99.55233764648438,99.96602630615234,99.92022705078125,1009.639892578125,8.458301544189453,1.2505247592926025,0.38999998569488525,0.0,0.0,0.0,0.0,0.0,4.203895392974451e-45
138,0.5,24.036888122558594,-1.4355601072311401,-0.5558875203132629,-0.7792778611183167,-1.526585578918457,0.710503101348877,0.3765564262866974,-0.30201780796051025,3.091635227203369,-0.12344919145107269,-37.64834213256836,-8.489527702331543,-9.883339881896973,-37.612205505371094,13.112618446350098,-0.7123985290527344,-434.2823486328125,-79.99333190917969,164.51116943359375,-0.033921558409929276,-0.9861936569213867,0.06471430510282516,-0.14857977628707886,98.57455444335938,98.74295043945312,98.7928695678711,1009.7901611328125,8.460638999938965,1.25070059299469,0.38999998569488525,0.0,0.0,0.0,0.0,0.0,4.203895392974451e-45
138,0.5,24.137535095214844,-0.8287897109985352,-1.3208976984024048,-1.0717525482177734,-0.5131621360778809,1.5975441932678223,0.8745161890983582,-0.28961706161499023,-3.083756685256958,-0.4213356077671051,-37.78608703613281,-8.603957176208496,-10.01521110534668,-32.533058166503906,23.309751510620117,-0.5928140878677368,-438.0807189941406,-80.8542709350586,163.50856018066406,-0.0021844953298568726,-0.9681204557418823,0.2027568370103836,-0.14703717827796936,97.64230346679688,98.20260620117188,98.08704376220703,1009.8565673828125,8.464143753051758,1.2507672309875488,0.38999998569488525,0.0,0.0,0.0,0.0,0.0,4.203895392974451e-45
138,0.5,24.243881225585938,-0.12517283856868744,-0.9626812934875488,0.7452582716941833,0.7238664627075195,0.6474704742431641,-0.7447206377983093,-0.2384721040725708,-2.92854905128479,-0.748948335647583,-37.82081604003906,-8.747406005859375,-10.036876678466797,-23.499679565429688,32.40644836425781,-2.287242889404297,-442.10198974609375,-81.77880859375,162.44015502929688,0.05498460680246353,-0.9234764575958252,0.34935519099235535,-0.1486971080303192,96.3735122680664,96.765625,96.70638275146484,1010.0331420898438,8.460638999938965,1.2510014772415161,0.38999998569488525,0.0,0.0,0.0,0.0,0.0,4.203895392974451e-45
138,0.5,24.344528198242188,-0.48693352937698364,-1.6108003854751587,0.17888446152210236,0.9010752439498901,1.388090968132019,-0.35355570912361145,-0.1467868834733963,-2.9254276752471924,-0.8469482064247131,-37.865421295166016,-8.89096736907959,-10.001790046691895,-19.68024444580078,35.00625228881836,-0.3149767816066742,-445.9108581542969,-82.66752624511719,161.43240356445312,0.06812148541212082,-0.907153844833374,0.40021947026252747,-0.11066889762878418,95.89385986328125,96.4845962524414,96.35380554199219,1010.0676879882812,8.464143753051758,1.2510286569595337,0.38999998569488525,0.0,0.0,0.0,0.0,0.0,4.203895392974451e-45
138,0.5,24.450881958007812,-1.1642730236053467,-1.4264447689056396,-0.13947872817516327,0.4877031147480011,1.7625259160995483,-0.2555863857269287,-0.04918987303972244,-2.9055631160736084,-0.9568219780921936,-37.95674514770508,-9.086496353149414,-10.052635192871094,-14.917383193969727,37.435665130615234,0.5926721692085266,-449.9436340332031,-83.62559509277344,160.3653106689453,0.09324698895215988,-0.8826157450675964,0.4544564187526703,-0.07586734741926193,95.41377258300781,95.7337417602539,95.7105712890625,1010.1599731445312,8.469986915588379,1.2511171102523804,0.38999998569488525,0.0,0.0,0.0,0.0,0.0,4.203895392974451e-45
138,0.5,24.551528930664062,-0.20245742797851562,-0.9643846154212952,-0.4896383583545685,0.7115092277526855,0.7758387327194214,0.3202829957008362,-0.033647969365119934,-2.8742446899414062,-1.038791537284851,-38.025856018066406,-9.188883781433105,-10.097062110900879,-11.703320503234863,38.666290283203125,-0.524528980255127,-453.7687683105469,-84.54676055908203,159.35108947753906,0.10740695893764496,-0.8613622784614563,0.4899095594882965,-0.08061707019805908,94.91983795166016,95.5434341430664,95.39757537841797,1010.1834106445312,8.464143753051758,1.2511720657348633,0.38999998569488525,0.0,0.0,0.0,0.0,0.0,4.203895392974451e-45
138,0.5,24.657867431640625,-0.5156563520431519,-0.8379237055778503,0.1484965831041336,0.3878363370895386,0.8651206493377686,-0.3019973635673523,-0.12495359778404236,-2.916126251220703,-0.9396600127220154,-38.030879974365234,-9.313888549804688,-10.1218843460083,-16.06598472595215,37.113250732421875,-0.11672230064868927,-457.8116760253906,-85.53285217285156,158.2745819091797,0.0720214694738388,-0.8874331712722778,0.4427187144756317,-0.1061483845114708,94.48886108398438,94.65042114257812,94.7073745727539,1010.2931518554688,8.467649459838867,1.25129234790802,0.38999998569488525,0.0,0.0,0.0,0.0,0.0,4.203895392974451e-45
138,0.5,24.758529663085938,-0.05706062912940979,-1.1124255657196045,0.011409721337258816,0.720600426197052,0.8491878509521484,0.021712524816393852,-0.22149398922920227,-2.988952875137329,-0.7731630802154541,-38.076255798339844,-9.40576171875,-10.102005958557129,-22.39620590209961,33.74417495727539,0.1828831136226654,-461.64306640625,-86.47566986083984,157.257080078125,0.02863825485110283,-0.9210228323936462,0.36581745743751526,-0.13063742220401764,93.38993835449219,93.80406951904297,93.76309204101562,1010.397216796875,8.468817710876465,1.2514160871505737,0.38999998569488525,0.0,0.0,0.0,0.0,0.0,4.203895392974451e-45
138,0.5,24.8648681640625,0.015630077570676804,-0.13988782465457916,-0.8912487626075745,-0.10151106864213943,0.202894389629364,0.8733005523681641,-0.21738223731517792,-3.031538724899292,-0.609498143196106,-38.04555892944336,-9.49590015411377,-10.164342880249023,-27.344675064086914,29.866252899169922,1.09587562084198,-465.6899108886719,-87.48320770263672,156.17984008789062,0.019655292853713036,-0.9486441612243652,0.2921392321586609,-0.11972790956497192,92.24274444580078,92.58074951171875,92.54966735839844,1010.547607421875,8.469986915588379,1.2515971660614014,0.38999998569488525,0.0,0.0,0.0,0.0,0.0,4.203895392974451e-45
138,0.5,24.96551513671875,-0.11976952105760574,0.9624918103218079,-0.8577805161476135,-0.636248767375946,-0.840035080909729,0.7523464560508728,-0.22602079808712006,-3.1197896003723145,-0.36519891023635864,-38.09417724609375,-9.435223579406738,-10.25893497467041,-33.69181442260742,22.47285270690918,2.289707660675049,-469.5223083496094,-88.4359359741211,155.15121459960938,-0.009824697859585285,-0.9772634506225586,0.17920777201652527,-0.1128559559583664,91.30745697021484,91.82820129394531,91.73638916015625,1010.64013671875,8.471155166625977,1.251706600189209,0.38999998569488525,0.0,0.0,0.0,0.0,0.0,4.203895392974451e-45
138,0.5,25.071861267089844,-0.5232765674591064,0.5575645565986633,0.5933293700218201,-0.41109636425971985,-0.43484145402908325,-0.7606807947158813,-0.21372514963150024,3.008714437484741,-0.04804002493619919,-38.11050033569336,-9.389030456542969,-10.256575584411621,-38.93496322631836,10.838526725769043,3.5117154121398926,-473.5737609863281,-89.43685150146484,154.0592041015625,-0.06854826956987381,-0.9916419386863708,0.03090703673660755,-0.1048082485795021,90.78629302978516,91.38333892822266,91.224609375,1010.69482421875,8.476997375488281,1.2517483234405518,0.38999998569488525,0.0,0.0,0.0,0.0,0.0,4.203895392974451e-45
138,0.5,25.172508239746094,-0.05816029757261276,0.8770837187767029,-0.42273810505867004,-0.022881729528307915,-0.9477247595787048,0.2294454425573349,-0.18076252937316895,2.9275076389312744,0.12768352031707764,-38.110992431640625,-9.308883666992188,-10.237335205078125,-40.19105911254883,3.629708766937256,3.922224760055542,-477.4097595214844,-90.37713623046875,153.0293731689453,-0.1004595011472702,-0.9888121485710144,-0.053550660610198975,-0.09634745866060257,90.7152099609375,91.5918960571289,91.32180786132812,1010.669189453125,8.467649459838867,1.251758098602295,0.38999998569488525,0.0,0.0,0.0,0.0,0.0,4.203895392974451e-45
138,0.5,25.278854370117188,-0.48778676986694336,1.177979588508606,-1.338841438293457,-0.5379195213317871,-1.483474850654602,0.9633072018623352,-0.17015008628368378,2.919813394546509,0.14231576025485992,-38.1300048828125,-9.212397575378418,-10.35427188873291,-40.240230560302734,2.82999587059021,4.3204450607299805,-481.462646484375,-91.36135864257812,151.93338012695312,-0.10397849231958389,-0.9884222745895386,-0.06102582812309265,-0.09207654744386673,90.55677032470703,90.95880126953125,90.89790344238281,1010.7470092773438,8.474660873413086,1.2518233060836792,0.38999998569488525,0.0,0.0,0.0,0.0,0.0,4.203895392974451e-45
138,0.5,25.379501342773438,-0.026505369693040848,1.1542606353759766,-0.19161419570446014,0.043428804725408554,-1.1676324605941772,-0.06680673360824585,-0.18133090436458588,2.910183906555176,0.09168386459350586,-38.10169219970703,-9.096894264221191,-10.430258750915527,-40.019474029541016,4.672553539276123,4.457063674926758,-485.2988586425781,-92.28146362304688,150.8854522705078,-0.11072950065135956,-0.9886696934700012,-0.03489060699939728,-0.0951104536652565,89.78298950195312,90.32476043701172,90.22525024414062,1010.8250122070312,8.475829124450684,1.2519147396087646,0.38999998569488525,0.0,0.0,0.0,0.0,0.0,4.203895392974451e-45
138,0.5,25.485855102539062,0.56034916639328,-0.03584250435233116,-1.2764501571655273,0.3357597291469574,-0.29282036423683167,1.321398377418518,-0.1711098551750183,2.934145212173462,-0.08949688822031021,-38.07052230834961,-9.047430992126465,-10.501616477966309,-38.35548400878906,11.317734718322754,6.499697685241699,-489.34893798828125,-93.24475860595703,149.7718505859375,-0.10685745626688004,-0.9895960688591003,0.053168732672929764,-0.08029192686080933,89.2933349609375,89.52581787109375,89.55155944824219,1010.9232788085938,8.478166580200195,1.252026081085205,0.38999998569488525,0.0,0.0,0.0,0.0,0.0,4.203895392974451e-45
138,0.5,25.586502075195312,-0.4657585322856903,-0.1670036017894745,-1.3315143585205078,-0.5884828567504883,0.21777521073818207,1.2743555307388306,-0.18657413125038147,3.034937620162964,-0.44778960943222046,-38.08517837524414,-9.04127311706543,-10.600136756896973,-31.853757858276367,23.9913330078125,7.3700270652771,-493.1812438964844,-94.15458679199219,148.7099609375,-0.07239876687526703,-0.9683142304420471,0.22558966279029846,-0.07891485095024109,88.36754608154297,88.93841552734375,88.82691955566406,1010.9954833984375,8.48050308227539,1.2521051168441772,0.38999998569488525,0.0,0.0,0.0,0.0,0.0,4.203895392974451e-45
138,0.5,25.692848205566406,0.07610467076301575,-1.5857479572296143,0.7957219481468201,1.4764111042022705,0.8323602676391602,-0.5300008654594421,-0.21977348625659943,-3.0890111923217773,-0.9510686993598938,-38.15132141113281,-9.078594207763672,-10.652913093566895,-16.735570907592773,36.6562614440918,5.257650375366211,-497.23602294921875,-95.1167984008789,147.57736206054688,-0.026959294453263283,-0.8846969604492188,0.45233026146888733,-0.10942704230546951,87.60469818115234,87.3145751953125,87.60499572753906,1011.1952514648438,8.476997375488281,1.2523680925369263,0.38999998569488525,0.0,0.0,0.0,0.0,0.0,4.203895392974451e-45
138,0.5,25.793502807617188,-0.08444906026124954,-1.8367881774902344,0.06459709256887436,1.734459400177002,0.5847627520561218,0.18638810515403748,-0.19508422911167145,-2.9821200370788574,-1.3142528533935547,-38.16067123413086,-9.24753475189209,-10.639500617980957,-2.786402463912964,40.39451217651367,3.9298529624938965,-501.07708740234375,-96.03948974609375,146.50698852539062,0.003464552341029048,-0.7902185916900635,0.599864661693573,-0.12528538703918457,85.81550598144531,86.23314666748047,86.19927978515625,1011.3283081054688,8.476997375488281,1.2525328397750854,0.38999998569488525,0.0,0.0,0.0,0.0,0.0,4.203895392974451e-45
138,0.5,25.89984893798828,-1.792858600616455,-1.4217400550842285,-0.2606649696826935,1.342624306678772,1.8691482543945312,0.08479415625333786,-0.13751967251300812,-2.944614887237549,-1.5540435314178467,-38.3465576171875,-9.345189094543457,-10.641260147094727,7.160500526428223,40.04929733276367,3.9724783897399902,-505.1465759277344,-97.02870178222656,145.3762969970703,0.022003276273608208,-0.7126068472862244,0.6912924647331238,-0.11753186583518982,85.00108337402344,85.4815673828125,85.38587188720703,1011.4207763671875,8.479334831237793,1.2526370286941528,0.38999998569488525,0.0,0.0,0.0,0.0,0.0,4.203895392974451e-45
138,0.5,26.00048828125,-1.0011348724365234,-3.047269344329834,0.7052010893821716,3.1745049953460693,0.4311666488647461,-0.7223981618881226,-0.038699742406606674,-2.87420654296875,-1.697920799255371,-38.46174240112305,-9.683661460876465,-10.648374557495117,14.058838844299316,38.57059097290039,1.0470308065414429,-509.01336669921875,-97.98847198486328,144.3038330078125,0.0736662819981575,-0.6566778421401978,0.7420492768287659,-0.11270222067832947,84.49507141113281,85.24590301513672,85.04570770263672,1011.4497680664062,8.476997375488281,1.2526832818984985,0.38999998569488525,0.0,0.0,0.0,0.0,0.0,4.203895392974451e-45
138,0.5,26.106842041015625,-1.0927180051803589,-0.8371596336364746,0.9438418745994568,0.833459734916687,0.7489031553268433,-1.2369922399520874,0.04555495083332062,-2.862492322921753,-1.6081271171569824,-38.60763931274414,-9.785210609436035,-10.565092086791992,11.688708305358887,39.50322723388672,-0.8734526634216309,-513.1141357421875,-99.02537536621094,143.17686462402344,0.11272168904542923,-0.6845788359642029,0.7151901721954346,-0.08450136333703995,84.44068145751953,84.636962890625,84.68267822265625,1011.524658203125,8.485177040100098,1.252739667892456,0.38999998569488525,0.0,0.0,0.0,0.0,0.0,4.203895392974451e-45
138,0.5,26.207489013671875,-1.5213088989257812,-1.487612009048462,0.33987709879875183,1.1033133268356323,1.6452780961990356,-0.847686231136322,0.048192135989665985,-2.880074977874756,-1.351478934288025,-38.650115966796875,-10.120451927185059,-10.629500389099121,1.9795206785202026,41.29500198364258,-0.13498806953430176,-517.0015258789062,-100.03327178955078,142.10897827148438,0.11664489656686783,-0.7713912725448608,0.6224035620689392,-0.06289085745811462,83.62307739257812,84.23746490478516,84.10519409179688,1011.5738525390625,8.4840087890625,1.2528058290481567,0.38999998569488525,0.0,0.0,0.0,0.0,0.0,4.203895392974451e-45
138,0.5,26.313827514648438,-1.6933799982070923,-2.5954835414886475,0.9722527861595154,1.4614187479019165,2.448889970779419,-1.554470419883728,-0.07810518145561218,-2.877321720123291,-1.0431287288665771,-38.88443374633789,-10.259028434753418,-10.501835823059082,-11.502103805541992,39.93156051635742,-0.8253410458564758,-521.126953125,-101.11700439453125,140.9868621826172,0.09486320614814758,-0.8613869547843933,0.4890553951263428,-0.09914969652891159,82.6144790649414,82.75691986083984,82.82872009277344,1011.7560424804688,8.485177040100098,1.2530262470245361,0.38999998569488525,0.0,0.0,0.0,0.0,0.0,4.203895392974451e-45
138,0.5,26.41448211669922,-0.5442751049995422,-2.707796812057495,0.8225097060203552,1.6030288934707642,2.083125591278076,-1.1813864707946777,-0.17070747911930084,-2.8609912395477295,-0.7659776210784912,-38.9541130065918,-10.634894371032715,-10.490033149719238,-22.182832717895508,35.20189666748047,-3.047114610671997,-525.045166015625,-102.17485809326172,139.9292449951172,0.0976923331618309,-0.9195454716682434,0.3576161563396454,-0.1303645670413971,81.46932983398438,81.98184204101562,81.89815521240234,1011.8514404296875,8.48751449584961,1.25313401222229,0.38999998569488525,0.0,0.0,0.0,0.0,0.0,4.203895392974451e-45
138,0.5,26.520828247070312,-0.6100528836250305,-2.2688636779785156,-0.3183269798755646,-0.025817224755883217,2.3678104877471924,-0.11818109452724457,-0.2380475401878357,-2.9557788372039795,-0.2842387557029724,-39.01346206665039,-10.860753059387207,-10.433956146240234,-35.89241409301758,21.372011184692383,-1.9546878337860107,-529.191650390625,-103.32013702392578,138.81797790527344,0.07444139569997787,-0.9802321195602417,0.1291271299123764,-0.1300867795944214,80.6634750366211,81.11031341552734,81.02828979492188,1011.9586791992188,8.481671333312988,1.2532927989959717,0.38999998569488525,0.0,0.0,0.0,0.0,0.0,4.203895392974451e-45
138,0.5,26.621475219726562,-0.4560506045818329,-0.8191995620727539,-0.16443638503551483,-0.606160044670105,0.7334198951721191,-0.02758641168475151,-0.22587674856185913,-3.0638937950134277,0.16467854380607605,-39.01613998413086,-10.990148544311523,-10.480395317077637,-41.61341857910156,4.524322986602783,0.8420727849006653,-533.1175537109375,-104.42206573486328,137.76467895507812,0.04772341251373291,-0.9891518354415894,-0.08602267503738403,-0.10905825346708298,80.47422790527344,81.44189453125,81.13037109375,1011.9179077148438,8.488682746887207,1.2532111406326294,0.38999998569488525,0.0,0.0,0.0,0.0,0.0,4.203895392974451e-45
138,0.5,26.727821350097656,-0.7696557641029358,-1.3689398765563965,0.5299472212791443,-1.2598110437393188,0.7661942839622498,-0.7569620609283447,-0.18994881212711334,3.1085364818573,0.5674145221710205,-39.087581634521484,-11.10716438293457,-10.413928985595703,-40.19758987426758,-11.729761123657227,2.489558458328247,-537.2708129882812,-105.59766387939453,136.65444946289062,0.010746417567133904,-0.9560022950172424,-0.27711135149002075,-0.09563404321670532,80.3520736694336,80.94799041748047,80.79183959960938,1011.9786987304688,8.488682746887207,1.253286361694336,0.38999998569488525,0.0,0.0,0.0,0.0,0.0,4.203895392974451e-45
138,0.5,26.828468322753906,-0.15168017148971558,-1.3683125972747803,0.6238335967063904,-0.9264564514160156,0.9459224343299866,-0.7289218306541443,-0.18514327704906464,3.0547807216644287,0.7677071690559387,-39.12010955810547,-11.243022918701172,-10.415093421936035,-37.25776290893555,-19.320711135864258,1.950286865234375,-541.2073364257812,-106.72370147705078,135.60543823242188,-0.005476399324834347,-0.9238870143890381,-0.3688208758831024,-0.10181276500225067,79.6054916381836,80.2210464477539,80.0848388671875,1012.0681762695312,8.492188453674316,1.253381609916687,0.38999998569488525,0.0,0.0,0.0,0.0,0.0,4.203895392974451e-45
138,0.5,26.934814453125,-0.19608283042907715,-1.0786398649215698,-0.3653917610645294,-0.8745715022087097,0.7207347750663757,0.2259838730096817,-0.18721164762973785,3.1142783164978027,0.6664159297943115,-39.10114288330078,-11.402608871459961,-10.39946460723877,-39.058982849121094,-15.289530754089355,2.768789052963257,-545.3662719726562,-107.92989349365234,134.5002899169922,0.01771978847682476,-0.9411869645118713,-0.3244064152240753,-0.09276752173900604,79.09580993652344,79.56293487548828,79.47065734863281,1012.149169921875,8.493356704711914,1.2534767389297485,0.38999998569488525,0.0,0.0,0.0,0.0,0.0,4.203895392974451e-45
138,0.5,27.03546142578125,-0.6572544574737549,-1.1042348146438599,-1.2221460342407227,-1.2534524202346802,0.7518638372421265,1.0042246580123901,-0.16842369735240936,-3.1112868785858154,0.43813273310661316,-39.15074920654297,-11.512382507324219,-10.556842803955078,-41.53544998168945,-6.071335315704346,3.8314924240112305,-549.3046875,-109.08416748046875,133.44383239746094,0.03301488980650902,-0.9722492098808289,-0.21776661276817322,-0.07881182432174683,78.52322387695312,79.11663055419922,78.99337768554688,1012.2041015625,8.493356704711914,1.253544807434082,0.38999998569488525,0.0,0.0,0.0,0.0,0.0,4.203895392974451e-45
138,0.5,27.141807556152344,0.25300341844558716,-1.4656661748886108,-0.15177063643932343,-0.0379592664539814,1.4897505044937134,0.11996131390333176,-0.19128306210041046,-3.1232683658599854,0.17717088758945465,-39.17530059814453,-11.646958351135254,-10.63507080078125,-41.89562225341797,4.609199047088623,2.6353728771209717,-553.470703125,-110.31635284423828,132.31605529785156,0.0175324697047472,-0.9914037585258484,-0.08893277496099472,-0.09431086480617523,77.9010009765625,78.31906127929688,78.25480651855469,1012.3023071289062,8.496862411499023,1.2536507844924927,0.38999998569488525,0.0,0.0,0.0,0.0,0.0,4.203895392974451e-45
138,0.5,27.242462158203125,-0.1959587186574936,-1.4584983587265015,0.24619288742542267,0.11308564245700836,1.4547288417816162,-0.3117212951183319,-0.18826539814472198,-3.0850915908813477,-0.17992763221263885,-39.225860595703125,-11.800325393676758,-10.597678184509277,-37.81938171386719,18.802078247070312,2.525014877319336,-557.4176635742188,-111.49822235107422,131.2482147216797,0.01956653967499733,-0.9913857579231262,0.08676443994045258,-0.09610315412282944,77.35779571533203,78.03507995605469,77.87075805664062,1012.3372802734375,8.491019248962402,1.2537200450897217,0.38999998569488525,0.0,0.0,0.0,0.0,0.0,4.203895392974451e-45
138,0.5,27.34880828857422,-0.1994503140449524,-1.545545220375061,-0.4970121681690216,0.6533805727958679,1.4377466440200806,0.4259699583053589,-0.15235291421413422,-3.0156760215759277,-0.6212145090103149,-39.25083923339844,-11.971641540527344,-10.672293663024902,-26.2804012298584,33.17094039916992,2.617067575454712,-561.5905151367188,-112.76394653320312,130.11715698242188,0.036518219858407974,-0.948965847492218,0.29958659410476685,-0.09149166941642761,76.56584930419922,76.81415557861328,76.83502197265625,1012.4876098632812,8.493356704711914,1.253895878791809,0.38999998569488525,0.0,0.0,0.0,0.0,0.0,4.203895392974451e-45
138,0.5,27.44945526123047,-0.3344270586967468,-1.4092642068862915,-1.259018898010254,0.8544512987136841,1.2580063343048096,1.1705851554870605,-0.11313588172197342,-2.973844289779663,-0.9979355931282043,-39.30227279663086,-12.096043586730957,-10.776895523071289,-12.28373908996582,40.60625457763672,2.7087368965148926,-565.5439453125,-113.97650909423828,129.03758239746094,0.046484287828207016,-0.8758535981178284,0.47191357612609863,-0.08949430286884308,75.12181854248047,75.42965698242188,75.45257568359375,1012.6581420898438,8.496862411499023,1.2540913820266724,0.38999998569488525,0.0,0.0,0.0,0.0,0.0,4.203895392974451e-45
138,0.5,27.555801391601562,-0.6523216962814331,-1.512123703956604,-0.7066879868507385,1.1658812761306763,1.199090838432312,0.6436605453491211,-0.11875741928815842,-2.958890199661255,-1.277052879333496,-39.35696029663086,-12.255722999572754,-10.867708206176758,-0.9544961452484131,42.5011100769043,3.1615052223205566,-569.7259521484375,-115.27313995361328,127.8847427368164,0.03789905086159706,-0.8014408349990845,0.5881322026252747,-0.10172788798809052,74.28743743896484,74.67788696289062,74.62993621826172,1012.750732421875,8.496862411499023,1.2542060613632202,0.38999998569488525,0.0,0.0,0.0,0.0,0.0,4.203895392974451e-45
138,0.5,27.656455993652344,-0.3265085816383362,-1.0828224420547485,-0.19730953872203827,0.993726909160614,0.5264963507652283,0.23093099892139435,-0.1290888786315918,-2.9478867053985596,-1.4329519271850586,-39.425811767578125,-12.376813888549805,-10.891700744628906,5.382897853851318,42.23870086669922,3.618619203567505,-573.6919555664062,-116.51457977294922,126.78877258300781,0.030612297356128693,-0.753120481967926,0.6475858092308044,-0.11178744584321976,73.67015838623047,74.30201721191406,74.16487121582031,1012.7969970703125,8.496862411499023,1.2542634010314941,0.38999998569488525,0.0,0.0,0.0,0.0,0.0,4.203895392974451e-45
138,0.5,27.762794494628906,0.3256794810295105,-0.5491471290588379,-0.5451365113258362,0.5015799403190613,-0.13082292675971985,0.6603744029998779,-0.17475657165050507,-3.032088041305542,-1.3577585220336914,-39.40469741821289,-12.446415901184082,-10.926082611083984,1.8755805492401123,42.147342681884766,6.8611159324646,-577.8831787109375,-117.83565521240234,125.6286392211914,-0.012286510318517685,-0.7771413326263428,0.6208686828613281,-0.10204824060201645,73.22608947753906,73.73973083496094,73.63107299804688,1012.8662719726562,8.500368118286133,1.2543336153030396,0.38999998569488525,0.0,0.0,0.0,0.0,0.0,4.203895392974451e-45
138,0.5,27.863449096679688,0.5574458241462708,0.021394675597548485,-0.9593363404273987,0.026736784726381302,-0.5659960508346558,0.9541712403297424,-0.19874732196331024,3.086329221725464,-1.1260968446731567,-39.337005615234375,-12.473865509033203,-10.983309745788574,-7.718656539916992,40.281455993652344,11.89228630065918,-581.8452758789062,-119.09038543701172,124.52604675292969,-0.0761830285191536,-0.8396720886230469,0.5332460403442383,-0.06918943673372269,72.33089447021484,72.77594757080078,72.7335205078125,1012.9849853515625,8.498030662536621,1.2544909715652466,0.38999998569488525,0.0,0.0,0.0,0.0,0.0,4.203895392974451e-45
138,0.5,27.96978759765625,0.8221918940544128,-0.1929563581943512,-1.844738483428955,0.26504531502723694,-0.8606247305870056,1.818048119544983,-0.1956082284450531,2.979506015777588,-0.9490747451782227,-39.29106903076172,-12.50079345703125,-11.123701095581055,-14.642203330993652,37.3435173034668,14.657140731811523,-586.0257568359375,-120.41862487792969,123.3499984741211,-0.11613690108060837,-0.8787318468093872,0.46028047800064087,-0.04976040497422218,71.60575103759766,72.25972747802734,72.082763671875,1013.048583984375,8.499198913574219,1.2545645236968994,0.38999998569488525,0.0,0.0,0.0,0.0,0.0,4.203895392974451e-45
138,0.5,28.07044219970703,0.9521110653877258,0.006693094968795776,-0.5514584183692932,0.44538596272468567,-0.852566123008728,0.5342369079589844,-0.22024616599082947,2.979508638381958,-0.9089336395263672,-39.235618591308594,-12.511051177978516,-11.22039794921875,-16.35149383544922,36.86859130859375,13.970077514648438,-589.9775390625,-121.67765045166016,122.22358703613281,-0.12038172781467438,-0.8862122297286987,0.44288408756256104,-0.06309974938631058,71.2573013305664,72.0258560180664,71.82551574707031,1013.077392578125,8.502704620361328,1.2545846700668335,0.38999998569488525,0.0,0.0,0.0,0.0,0.0,4.203895392974451e-45
138,0.5,28.176780700683594,1.8673748970031738,0.0008573380764573812,0.45699116587638855,1.351275086402893,-1.2958918809890747,-0.4365653097629547,-0.2133406698703766,2.9448657035827637,-0.8124366998672485,-39.0783576965332,-12.496387481689453,-11.211078643798828,-19.77338409423828,34.8455696105957,14.273604393005371,-594.1412963867188,-123.00707244873047,121.02986145019531,-0.13156650960445404,-0.9048498272895813,0.40059638023376465,-0.058747798204422,70.69087982177734,70.97126770019531,70.98318481445312,1013.2073364257812,8.508546829223633,1.2547194957733154,0.38999998569488525,0.0,0.0,0.0,0.0,0.0,4.203895392974451e-45
138,0.5,28.277435302734375,2.042940139770508,-0.3336235284805298,-0.8998861908912659,1.6842434406280518,-1.2862929105758667,0.7767840027809143,-0.11048204451799393,2.8711049556732178,-0.6837882995605469,-38.89595413208008,-12.506905555725098,-11.254618644714355,-23.355581283569336,30.687498092651367,17.571239471435547,-598.064208984375,-124.26519775390625,119.89974212646484,-0.14517612755298615,-0.9295944571495056,0.3387161195278168,-0.006406249478459358,70.176513671875,70.85261535644531,70.69871520996094,1013.221923828125,8.506210327148438,1.254747986793518,0.38999998569488525,0.0,0.0,0.0,0.0,0.0,4.203895392974451e-45
138,0.5,28.38378143310547,0.9539014101028442,-0.3501869738101959,-0.35602954030036926,0.9475006461143494,-0.4445957541465759,0.2527334988117218,-0.015402775257825851,2.847766399383545,-0.7059385776519775,-38.71834182739258,-12.54240608215332,-11.343951225280762,-21.499927520751953,29.987586975097656,20.580963134765625,-602.1879272460938,-125.59759521484375,118.69615173339844,-0.13998953998088837,-0.9278212189674377,0.34300804138183594,0.043452829122543335,70.13346862792969,70.64151763916016,70.54088592529297,1013.2479858398438,8.50504207611084,1.254785418510437,0.38999998569488525,0.0,0.0,0.0,0.0,0.0,4.203895392974451e-45
138,0.5,28.48442840576172,3.8646295070648193,-0.6344872117042542,-0.2752237617969513,2.8316361904144287,-2.7070319652557373,-0.25930342078208923,-0.06789880990982056,2.8729822635650635,-0.9159594774246216,-38.482337951660156,-12.579355239868164,-11.409024238586426,-14.202545166015625,34.035316467285156,20.227495193481445,-606.0740356445312,-126.86113739013672,117.5504150390625,-0.13490550220012665,-0.8863447308540344,0.44197767972946167,0.0289976317435503,69.51532745361328,70.26580047607422,70.07749938964844,1013.2942504882812,8.50504207611084,1.254842758178711,0.38999998569488525,0.0,0.0,0.0,0.0,0.0,4.203895392974451e-45
138,0.5,28.590774536132812,3.21083927154541,-2.141861915588379,0.11803432554006577,3.307180404663086,-1.935125470161438,-0.4781110882759094,-0.07212746143341064,2.83882737159729,-1.1298797130584717,-38.18257141113281,-12.725504875183105,-11.32802677154541,-5.590541362762451,34.8778076171875,22.370216369628906,-610.1474609375,-128.2066650390625,116.34309387207031,-0.14637215435504913,-0.8315038681030273,0.5334885716438293,0.050577517598867416,68.79859924316406,69.09424591064453,69.09953308105469,1013.4385986328125,8.51322078704834,1.2549850940704346,0.38999998569488525,0.0,0.0,0.0,0.0,0.0,4.203895392974451e-45
138,0.5,28.691421508789062,2.2012646198272705,-2.713359832763672,-1.5286674499511719,3.141953706741333,-2.0350887775421143,0.7287020087242126,0.025445081293582916,2.7506678104400635,-1.3661444187164307,-37.890350341796875,-12.986736297607422,-11.441474914550781,5.304840087890625,32.430931091308594,25.598934173583984,-613.9712524414062,-129.50326538085938,115.1968994140625,-0.14275449514389038,-0.7623623609542847,0.6171907186508179,0.13225720822811127,67.94390106201172,68.7640609741211,68.54060363769531,1013.4793090820312,8.507378578186035,1.2550615072250366,0.38999998569488525,0.0,0.0,0.0,0.0,0.0,4.203895392974451e-45
138,0.5,28.797767639160156,1.6567341089248657,-2.560553789138794,-2.639406681060791,1.9180936813354492,-3.2528445720672607,1.4168065786361694,-0.032117441296577454,2.6865015029907227,-1.8503994941711426,-37.74026870727539,-13.226451873779297,-11.617804527282715,22.742969512939453,23.873445510864258,25.436777114868164,-617.9912719726562,-130.89935302734375,113.97048950195312,-0.14820770919322968,-0.5831944346427917,0.7802280783653259,0.1707489788532257,67.31891632080078,67.5205307006836,67.57508850097656,1013.632568359375,8.509716033935547,1.2552409172058105,0.38999998569488525,0.0,0.0,0.0,0.0,0.0,4.203895392974451e-45
138,0.5,28.898414611816406,-1.2686878442764282,-1.5676714181900024,-0.7164059281349182,1.7323788404464722,-0.869598925113678,0.9071884155273438,-0.23432910442352295,2.7921745777130127,-2.505028486251831,-37.74179458618164,-13.408390045166016,-11.781147003173828,34.537174224853516,3.9794583320617676,23.11588478088379,-621.787353515625,-132.2421112060547,112.7893295288086,-0.16335757076740265,-0.2867589592933655,0.9352586269378662,0.12793442606925964,66.00749969482422,66.48765563964844,66.4398193359375,1013.7598876953125,8.508546829223633,1.255403757095337,0.38999998569488525,0.0,0.0,0.0,0.0,0.0,4.203895392974451e-45
138,0.5,29.00476837158203,-0.08219233900308609,-2.1295440196990967,0.055735550820827484,-0.1462073028087616,-2.108123779296875,-0.28141266107559204,-0.15264128148555756,3.045985698699951,3.029512882232666,-37.830078125,-13.566247940063477,-11.74571704864502,33.8697624206543,-19.263072967529297,15.32541275024414,-625.8082275390625,-133.67764282226562,111.53846740722656,-0.0733715072274208,0.05942123383283615,0.9941788911819458,0.05183692276477814,64.4813232421875,65.3377914428711,65.0685043334961,1013.901611328125,8.509716033935547,1.255574107170105,0.38999998569488525,0.0,0.0,0.0,0.0,0.0,4.203895392974451e-45
138,0.5,29.10541534423828,0.34187594056129456,-2.415174961090088,-1.0533447265625,-1.551958441734314,-2.016376256942749,0.7648654580116272,-0.05883913114666939,3.040870189666748,2.6237337589263916,-37.82363510131836,-13.87106704711914,-11.8383207321167,25.25641441345215,-31.961591720581055,10.184350967407227,-629.6156616210938,-135.06210327148438,110.35112762451172,-0.015515127219259739,0.25704091787338257,0.9646381735801697,0.05616269260644913,64.55680084228516,65.43265533447266,65.18867492675781,1013.8899536132812,8.512052536010742,1.2555491924285889,0.38999998569488525,0.0,0.0,0.0,0.0,0.0,4.203895392974451e-45
138,0.5,29.211761474609375,-1.9956969022750854,-1.7363818883895874,-1.3282299041748047,0.12802858650684357,-2.772038698196411,1.0301889181137085,-0.17404094338417053,3.015315055847168,2.424680233001709,-37.93330001831055,-14.104848861694336,-11.965543746948242,16.96368408203125,-37.17953109741211,10.532957077026367,-633.642333984375,-136.55206298828125,109.084716796875,-0.059172436594963074,0.35393890738487244,0.929109513759613,0.08929267525672913,64.16593170166016,64.56452941894531,64.52693176269531,1013.9969482421875,8.51322078704834,1.255676507949829,0.38999998569488525,0.0,0.0,0.0,0.0,0.0,4.203895392974451e-45
138,0.5,29.312408447265625,-2.692815065383911,-0.4652527868747711,0.2008494883775711,1.4148975610733032,-2.3385448455810547,-0.19287462532520294,-0.16491259634494781,3.045722484588623,2.2801594734191895,-38.14948272705078,-14.11729907989502,-11.921853065490723,11.987728118896484,-39.31464767456055,10.365052223205566,-637.4728393554688,-137.97299194335938,107.88275146484375,-0.05481652170419693,0.41920989751815796,0.9028876423835754,0.07774123549461365,63.46977615356445,64.28192138671875,64.07127380371094,1014.0317993164062,8.509716033935547,1.2557352781295776,0.38999998569488525,0.0,0.0,0.0,0.0,0.0,4.203895392974451e-45
138,0.5,29.41876220703125,-0.2024952918291092,-2.283112049102783,0.7029027342796326,-1.6005103588104248,-1.5942987203598022,-0.8025965094566345,0.019091961905360222,3.061497449874878,2.288102865219116,-38.325984954833984,-14.275032997131348,-11.900337219238281,14.660934448242188,-39.0723762512207,8.523625373840332,-641.544189453125,-139.48304748535156,106.61566162109375,0.025253664702177048,0.4132095277309418,0.9097009897232056,0.03249654918909073,62.768272399902344,63.20392990112305,63.14780807495117,1014.1647338867188,8.51322078704834,1.2558842897415161,0.38999998569488525,0.0,0.0,0.0,0.0,0.0,4.203895392974451e-45
138,0.5,29.5194091796875,-1.4216898679733276,-2.4199507236480713,0.6443290114402771,-0.3982798755168915,-2.6964917182922363,-0.9288137555122375,-0.018686411902308464,3.040478229522705,2.463677167892456,-38.403785705566406,-14.54409122467041,-11.82563304901123,20.565610885620117,-36.46539306640625,8.574846267700195,-645.406005859375,-140.93649291992188,105.42276000976562,0.008002295158803463,0.33250895142555237,0.9416947364807129,0.05076068267226219,61.86247253417969,62.52370071411133,62.387306213378906,1014.2485961914062,8.514389991760254,1.2559828758239746,0.38999998569488525,0.0,0.0,0.0,0.0,0.0,4.203895392974451e-45
138,0.5,29.625747680664062,-2.398853302001953,-0.06890685111284256,-0.15399269759655,2.176605463027954,-0.9931590557098389,0.24268385767936707,-0.12777043879032135,2.941882371902466,2.774496078491211,-38.61537170410156,-14.648599624633789,-11.886099815368652,29.019329071044922,-30.101516723632812,9.937668800354004,-649.5032348632812,-142.49156188964844,104.16138458251953,-0.04429889842867851,0.18749652802944183,0.9751434922218323,0.10940874367952347,61.27061462402344,61.56246566772461,61.57772445678711,1014.3671264648438,8.517894744873047,1.25611412525177,0.38999998569488525,0.0,0.0,0.0,0.0,0.0,4.203895392974451e-45
138,0.5,29.726402282714844,-1.3579047918319702,-1.2075819969177246,-0.1637163609266281,1.0075427293777466,-1.5193930864334106,0.07219753414392471,-0.10699327290058136,3.0087082386016846,2.9009177684783936,-38.75365447998047,-14.692008018493652,-11.866607666015625,32.672019958496094,-25.34459686279297,12.193374633789062,-653.3980712890625,-143.967041015625,102.96700286865234,-0.04500860348343849,0.12313500046730042,0.9887304306030273,0.07222357392311096,60.1727294921875,60.76331329345703,60.66255187988281,1014.4656982421875,8.512052536010742,1.256262183189392,0.38999998569488525,0.0,0.0,0.0,0.0,0.0,4.203895392974451e-45
138,0.5,29.832740783691406,-1.6752961874008179,-3.0859878063201904,-0.683138906955719,1.687069296836853,-3.0880861282348633,0.6433852910995483,-0.07704997062683105,3.085528612136841,-3.118914842605591,-38.944095611572266,-14.944684982299805,-11.949518203735352,38.236351013183594,-14.872543334960938,14.12578010559082,-657.5309448242188,-145.543701171875,101.69982147216797,-0.038815561681985855,-0.01024631317704916,0.9988096952438354,0.027569055557250977,59.356666564941406,59.82693862915039,59.75352478027344,1014.5811767578125,8.519063949584961,1.2563738822937012,0.38999998569488525,0.0,0.0,0.0,0.0,0.0,4.203895392974451e-45
138,0.5,29.933387756347656,-0.8777644634246826,-2.4693984985351562,-1.4563102722167969,1.9852313995361328,-1.8643568754196167,1.2538468837738037,0.0033419502433389425,3.0323281288146973,-2.6264681816101074,-39.07042694091797,-15.199238777160645,-12.076313972473145,41.527923583984375,4.683222770690918,12.522875785827637,-661.45849609375,-147.06324768066406,100.49019622802734,-0.01229571271687746,-0.2544308602809906,0.9655427932739258,0.05322863906621933,58.404972076416016,58.983482360839844,58.891929626464844,1014.6852416992188,8.520232200622559,1.2564976215362549,0.38999998569488525,0.0,0.0,0.0,0.0,0.0,4.203895392974451e-45
138,0.5,30.03974151611328,-1.6191442012786865,-1.5681720972061157,-1.2325315475463867,2.322200298309326,0.4396538734436035,1.006929874420166,0.12386662513017654,3.0322000980377197,-2.127082347869873,-39.19921875,-15.383383750915527,-12.222908020019531,35.01369094848633,24.14643669128418,10.657679557800293,-665.6209106445312,-148.69178771972656,99.19579315185547,0.027513377368450165,-0.4870789647102356,0.8694534301757812,0.07771524786949158,57.72018814086914,58.51437759399414,58.282325744628906,1014.7431030273438,8.520232200622559,1.256569266319275,0.38999998569488525,0.0,0.0,0.0,0.0,0.0,4.203895392974451e-45
138,0.5,30.14038848876953,-1.781607985496521,-2.8006415367126465,-1.0322113037109375,3.2981905937194824,0.9415026903152466,0.5643422603607178,0.15197037160396576,3.1150028705596924,-1.8451597690582275,-39.33076477050781,-15.595345497131348,-12.379382133483887,27.24610710144043,33.40019226074219,9.24206829071045,-669.5741577148438,-150.25205993652344,97.95484161376953,0.05250559374690056,-0.602772057056427,0.7941786646842957,0.056396469473838806,57.551300048828125,58.42302703857422,58.18980407714844,1014.75439453125,8.528411865234375,1.2565467357635498,0.38999998569488525,0.0,0.0,0.0,0.0,0.0,4.203895392974451e-45
138,0.5,30.246734619140625,-1.3449550867080688,-3.5881075859069824,-1.429459571838379,3.850593328475952,1.2251837253570557,0.6311465501785278,0.19661051034927368,-3.0924694538116455,-1.6129029989242554,-39.472068786621094,-15.948626518249512,-12.502435684204102,19.699188232421875,39.151939392089844,6.90997838973999,-673.765869140625,-151.9322509765625,96.63040924072266,0.08773933351039886,-0.6867722272872925,0.7197992205619812,0.050261832773685455,57.03517532348633,57.507110595703125,57.43976593017578,1014.8673706054688,8.524906158447266,1.2567023038864136,0.38999998569488525,0.0,0.0,0.0,0.0,0.0,4.203895392974451e-45
138,0.5,30.347389221191406,-0.8120145201683044,-2.5451831817626953,-2.103883743286133,2.8922171592712402,1.3908295631408691,1.1243351697921753,0.30835458636283875,-3.0183448791503906,-1.3960840702056885,-39.5695915222168,-16.253795623779297,-12.656059265136719,12.538566589355469,42.617069244384766,4.080474376678467,-677.7450561523438,-153.556884765625,95.36380004882812,0.1451340615749359,-0.7494959831237793,0.6411321759223938,0.07831329107284546,55.90470886230469,56.522159576416016,56.41999053955078,1014.9888916015625,8.523737907409668,1.256857991218567,0.38999998569488525,0.0,0.0,0.0,0.0,0.0,4.203895392974451e-45
138,0.5,30.4537353515625,-1.3649861812591553,-2.43735408782959,-1.708420753479004,2.375619411468506,2.176401376724243,0.5849078893661499,0.3596102297306061,-2.977776050567627,-1.2563585042953491,-39.687896728515625,-16.4954891204834,-12.88803482055664,7.729114055633545,44.0413932800293,3.7302799224853516,-681.9599609375,-155.30072021484375,94.00251007080078,0.16987650096416473,-0.7847838401794434,0.5880961418151855,0.09690693765878677,55.386165618896484,55.70168685913086,55.71723175048828,1015.0901489257812,8.524906158447266,1.256978154182434,0.38999998569488525,0.0,0.0,0.0,0.0,0.0,4.203895392974451e-45
138,0.5,30.55438232421875,-1.4075311422348022,-3.3481764793395996,-2.0143232345581055,3.3716132640838623,2.334947347640991,0.6548845171928406,0.3205244541168213,-2.9885828495025635,-1.3153471946716309,-39.82413101196289,-16.787763595581055,-13.066214561462402,9.982122421264648,43.86691665649414,3.812098264694214,-685.962890625,-156.9779815673828,92.69503021240234,0.1569737195968628,-0.7715305089950562,0.6113288402557373,0.07980190962553024,54.46604919433594,55.16313171386719,55.02763366699219,1015.1566162109375,8.526074409484863,1.2570551633834839,0.38999998569488525,0.0,0.0,0.0,0.0,0.0,4.203895392974451e-45
138,0.5,30.660728454589844,-0.40652501583099365,-4.491193771362305,-1.6199798583984375,4.681362152099609,1.0181641578674316,0.09062439203262329,0.30854082107543945,-3.0252480506896973,-1.4372811317443848,-39.87177658081055,-17.190296173095703,-13.26578140258789,15.204012870788574,42.57600784301758,4.16312837600708,-690.2012329101562,-158.7879638671875,91.29281616210938,0.14423446357250214,-0.7366191744804382,0.656164288520813,0.07764232903718948,53.74388885498047,54.24800109863281,54.174461364746094,1015.26953125,8.523737907409668,1.2572054862976074,0.38999998569488525,0.0,0.0,0.0,0.0,0.0,4.203895392974451e-45
138,0.5,30.761375427246094,-1.2144999504089355,-3.2502083778381348,-1.0112581253051758,3.3036468029022217,1.4350690841674805,-0.29628264904022217,0.3929460346698761,-3.126577615737915,-1.500633716583252,-39.9514045715332,-17.544458389282227,-13.42005729675293,18.718658447265625,41.179710388183594,6.1505351066589355,-694.2182006835938,-160.54046630859375,89.94679260253906,0.13849161565303802,-0.7163773775100708,0.6698023080825806,0.13776785135269165,53.06664276123047,53.827484130859375,53.66614532470703,1015.3214111328125,8.529580116271973,1.2572436332702637,0.38999998569488525,0.0,0.0,0.0,0.0,0.0,4.203895392974451e-45
138,0.5,30.867721557617188,-1.0016080141067505,-2.3092494010925293,0.07960601896047592,2.2611701488494873,0.7230730056762695,-0.8404549956321716,0.3651435971260071,2.9733848571777344,-1.750728964805603,-40.053245544433594,-17.799949645996094,-13.407896041870117,27.841041564941406,35.08834457397461,9.72234058380127,-698.473388671875,-162.42300415039062,88.51942443847656,0.08597636222839355,-0.6395487189292908,0.7425726056098938,0.179342120885849,52.40446853637695,53.171077728271484,52.96837615966797,1015.4024658203125,8.529580116271973,1.2573440074920654,0.38999998569488525,0.0,0.0,0.0,0.0,0.0,4.203895392974451e-45
138,0.5,30.968368530273438,-1.778807282447815,-2.8258907794952393,-0.4027567207813263,3.3354244232177734,-0.3734166622161865,-0.21760979294776917,0.15210872888565063,2.8565914630889893,-2.258578300476074,-40.213626861572266,-18.04201316833496,-13.479390144348145,41.0552864074707,16.761672973632812,12.562658309936523,-702.513916015625,-164.22837829589844,87.16483306884766,0.007489778101444244,-0.43150314688682556,0.8877430558204651,0.1601666808128357,52.0230827331543,53.053619384765625,52.75846862792969,1015.4169311523438,8.529580116271973,1.257361888885498,0.38999998569488525,0.0,0.0,0.0,0.0,0.0,4.203895392974451e-45
138,0.5,31.074722290039062,-3.610314130783081,-3.7542073726654053,0.6697253584861755,4.505092620849609,-2.1447601318359375,-1.6372874975204468,0.04884795472025871,2.826010227203369,-2.8476171493530273,-40.52977752685547,-18.390958786010742,-13.555274963378906,44.72891616821289,-9.102217674255371,9.004305839538574,-706.8095703125,-166.16880798339844,85.72477722167969,0.0008509377366863191,-0.14839209616184235,0.9760704636573792,0.15892820060253143,51.2330322265625,51.50803756713867,51.553993225097656,1015.6077270507812,8.533085823059082,1.2575825452804565,0.38999998569488525,0.0,0.0,0.0,0.0,0.0,4.203895392974451e-45
138,0.5,31.175369262695312,-3.2771387100219727,0.14135687053203583,0.227324441075325,3.113394021987915,-0.9659913182258606,-0.4298737943172455,-0.04935309663414955,2.792771339416504,2.7711174488067627,-40.82301330566406,-18.52773666381836,-13.465984344482422,30.642574310302734,-35.24605178833008,3.1380786895751953,-710.9064331054688,-168.03050231933594,84.36646270751953,0.008066453039646149,0.18553848564624786,0.9668945074081421,0.1749822497367859,50.093265533447266,50.827110290527344,50.68011474609375,1015.6917724609375,8.529580116271973,1.2577022314071655,0.38999998569488525,0.0,0.0,0.0,0.0,0.0,4.203895392974451e-45
138,0.5,31.281707763671875,-2.6803362369537354,-0.3209056854248047,0.36158081889152527,0.514075517654419,-2.547050714492798,-0.8161441087722778,-0.18240170180797577,2.933696746826172,1.8597115278244019,-41.07445526123047,-18.57240104675293,-13.429801940917969,-8.434840202331543,-46.19913101196289,2.6213107109069824,-715.2639770507812,-170.00296020507812,82.93638610839844,-0.010819757357239723,0.5998230576515198,0.7882410287857056,0.13698606193065643,48.383262634277344,48.39094543457031,48.56862258911133,1015.9926147460938,8.531917572021484,1.2580642700195312,0.38999998569488525,0.0,0.0,0.0,0.0,0.0,4.203895392974451e-45
138,0.5,31.382362365722656,-3.281235933303833,0.7076549530029297,0.5295810103416443,-0.5864489078521729,-3.197991132736206,-0.988174557685852,-0.20579949021339417,3.041424036026001,1.1453607082366943,-41.426475524902344,-18.510976791381836,-13.433414459228516,-35.986576080322266,-30.563844680786133,3.1699230670928955,-719.4188842773438,-171.86888122558594,81.58403778076172,-0.01373897772282362,0.8377408981323242,0.5340203642845154,0.1132068783044815,47.821327209472656,48.76585388183594,48.51362609863281,1015.9462890625,8.531917572021484,1.2580069303512573,0.38999998569488525,0.0,0.0,0.0,0.0,0.0,4.203895392974451e-45
138,0.5,31.48870086669922,-2.6618056297302246,0.6934894919395447,-0.8474836945533752,-1.8186272382736206,-2.220525026321411,0.21472178399562836,-0.262836217880249,3.063047170639038,0.6702001094818115,-41.73442840576172,-18.49166488647461,-13.456233024597168,-46.171260833740234,-11.514455795288086,0.6101267337799072,-723.8449096679688,-173.83740234375,80.15492248535156,-0.0063023800030350685,0.9372006058692932,0.32091638445854187,0.13645708560943604,47.54135513305664,48.226680755615234,48.0652961730957,1016.0128784179688,8.53074836730957,1.2580946683883667,0.38999998569488525,0.0,0.0,0.0,0.0,0.0,4.203895392974451e-45
138,0.5,31.58934783935547,-1.8287560939788818,-0.34467434883117676,-0.18048767745494843,-1.8127986192703247,-0.24127289652824402,-0.3888695240020752,-0.30729949474334717,3.1295831203460693,0.31882840394973755,-41.92641067504883,-18.462926864624023,-13.532073974609375,-47.55741500854492,4.40084981918335,-0.8427447080612183,-728.0572509765625,-175.69573974609375,78.79499053955078,-0.018435385078191757,0.9758132100105286,0.15595895051956177,0.15204519033432007,46.743446350097656,47.547454833984375,47.366676330566406,1016.0967407226562,8.531917572021484,1.2581932544708252,0.38999998569488525,0.0,0.0,0.0,0.0,0.0,4.203895392974451e-45
138,0.5,31.695693969726562,-2.822031021118164,0.27245259284973145,0.2930278480052948,-2.6630194187164307,-0.3499905467033386,-0.9537626504898071,-0.2496701031923294,-3.0512378215789795,-0.003524349769577384,-42.19227600097656,-18.444944381713867,-13.437737464904785,-44.14073181152344,18.753231048583984,0.9236852526664734,-732.53125,-177.65866088867188,77.36122131347656,-0.04459114745259285,0.9912102222442627,0.0038765156641602516,0.12446329742670059,45.93619155883789,46.28431701660156,46.29142761230469,1016.2527465820312,8.538928031921387,1.2583551406860352,0.38999998569488525,0.0,0.0,0.0,0.0,0.0,4.203895392974451e-45
138,0.5,31.796348571777344,-2.315706968307495,-0.25648021697998047,-0.5983458161354065,-2.295689344406128,0.7177874445915222,-0.028174636885523796,-0.23142078518867493,-2.999495506286621,-0.20140720903873444,-42.462738037109375,-18.492992401123047,-13.444867134094238,-39.977821350097656,26.967374801635742,0.5791704058647156,-736.7948608398438,-179.5181121826172,76.00922393798828,-0.05857899785041809,0.986607015132904,-0.09145451337099075,0.12166713178157806,44.9662971496582,45.605220794677734,45.50552749633789,1016.336669921875,8.537759780883789,1.2584642171859741,0.38999998569488525,0.0,0.0,0.0,0.0,0.0,4.203895392974451e-45
138,0.5,31.902694702148438,-2.4541919231414795,-0.4591321647167206,-1.5078115463256836,-2.3968639373779297,1.530043363571167,0.6490229368209839,-0.2299855351448059,-2.906627893447876,-0.3801064193248749,-42.71625900268555,-18.529680252075195,-13.566620826721191,-35.021507263183594,33.48202133178711,-2.119335651397705,-741.326904296875,-181.48782348632812,74.57266235351562,-0.0928148627281189,0.9713211059570312,-0.17316238582134247,0.133893683552742,44.3079833984375,44.856143951416016,44.76469421386719,1016.42919921875,8.540096282958984,1.2585684061050415,0.38999998569488525,0.0,0.0,0.0,0.0,0.0,4.203895392974451e-45
138,0.5,32.00334167480469,-2.8531041145324707,-0.8561450839042664,0.27928730845451355,-2.078582286834717,1.6988314390182495,-1.320798397064209,-0.22145484387874603,-2.838862180709839,-0.45157015323638916,-42.949790954589844,-18.603740692138672,-13.664839744567871,-32.78207778930664,35.84294891357422,-4.253260135650635,-745.6396484375,-183.3571319580078,73.19984436035156,-0.12160471081733704,0.961300790309906,-0.2037162035703659,0.14001594483852386,43.57795715332031,44.45820236206055,44.24162292480469,1016.4783325195312,8.542433738708496,1.2586188316345215,0.38999998569488525,0.0,0.0,0.0,0.0,0.0,4.203895392974451e-45
138,0.5,32.10968780517578,-4.029508113861084,-0.07679001241922379,0.6131657958030701,-3.4290196895599365,0.9253858923912048,-2.0010054111480713,-0.2905362844467163,-2.860149383544922,-0.34758260846138,-43.344173431396484,-18.637569427490234,-13.56978702545166,-36.84885025024414,31.890233993530273,-5.945730686187744,-750.2313232421875,-185.338134765625,71.75276947021484,-0.11190541833639145,0.9684353470802307,-0.14940683543682098,0.16516587138175964,43.006282806396484,43.357662200927734,43.36509704589844,1016.6143188476562,8.542433738708496,1.2587871551513672,0.38999998569488525,0.0,0.0,0.0,0.0,0.0,4.203895392974451e-45
138,0.5,32.21033477783203,-3.395432472229004,-0.8600884675979614,-0.37413981556892395,-3.159914970397949,1.0243390798568726,-1.1722439527511597,-0.4096546471118927,-2.956928014755249,-0.10833675414323807,-43.68620681762695,-18.74678611755371,-13.560050964355469,-43.377830505371094,22.218957901000977,-8.273030281066895,-754.61474609375,-187.220458984375,70.38858795166016,-0.07917547225952148,0.9745065569877625,-0.03405795991420746,0.20712313055992126,42.090518951416016,42.86511993408203,42.6990852355957,1016.6751708984375,8.540096282958984,1.2588729858398438,0.38999998569488525,0.0,0.0,0.0,0.0,0.0,4.203895392974451e-45
138,0.5,32.316680908203125,-3.5948455333709717,0.22418057918548584,-0.7895107865333557,-3.418112277984619,-1.0576893091201782,-0.8911202549934387,-0.5052866339683533,-3.04536771774292,0.20958243310451508,-44.07078552246094,-18.74797248840332,-13.673249244689941,-47.75102615356445,8.089619636535645,-11.620627403259277,-759.2853393554688,-189.21461486816406,68.93920135498047,-0.07242751121520996,0.9605677127838135,0.11311725527048111,0.2434355616569519,41.42084503173828,42.32675552368164,42.057716369628906,1016.74169921875,8.540096282958984,1.2589553594589233,0.38999998569488525,0.0,0.0,0.0,0.0,0.0,4.203895392974451e-45
138,0.5,32.417327880859375,-3.8792474269866943,0.8892543315887451,0.5459050536155701,-1.7507786750793457,-3.026663303375244,-1.977670431137085,-0.5142983198165894,3.0262627601623535,0.7233114242553711,-44.46127700805664,-18.70644187927246,-13.632929801940918,-46.503021240234375,-14.080753326416016,-12.318901062011719,-763.7442016601562,-191.0997772216797,67.56431579589844,-0.03770461678504944,0.9082368612289429,0.32790955901145935,0.25719979405403137,40.966861724853516,41.90475845336914,41.658164978027344,1016.7938232421875,8.537759780883789,1.2590303421020508,0.38999998569488525,0.0,0.0,0.0,0.0,0.0,4.203895392974451e-45
138,0.5,32.523681640625,-4.7623796463012695,0.6455516815185547,-0.282718688249588,0.016656579449772835,-4.585395336151123,-1.4664596319198608,-0.2729732096195221,2.770068883895874,1.4561351537704468,-44.9598388671875,-18.612707138061523,-13.607243537902832,-26.42755699157715,-42.076744079589844,-9.169323921203613,-768.50390625,-193.08303833007812,66.11703491210938,0.04760241508483887,0.7435169219970703,0.6291373372077942,0.22157710790634155,39.9509162902832,40.126747131347656,40.22191619873047,1017.0135498046875,8.543601989746094,1.259276270866394,0.38999998569488525,0.0,0.0,0.0,0.0,0.0,4.203895392974451e-45
138,0.5,32.62432861328125,-3.4408910274505615,-0.11163048446178436,-1.3583736419677734,1.90639328956604,-3.1716504096984863,0.05892562121152878,0.05838019400835037,2.7553911209106445,2.163759469985962,-45.34002685546875,-18.602811813354492,-13.7230224609375,10.693595886230469,-49.40268325805664,-5.92358922958374,-773.052978515625,-194.9552764892578,64.74063873291016,0.11538006365299225,0.45579764246940613,0.8686919808387756,0.1558942198753357,38.16543197631836,38.676273345947266,38.64451599121094,1017.1928100585938,8.5482759475708,1.2594773769378662,0.38999998569488525,0.0,0.0,0.0,0.0,0.0,4.203895392974451e-45
138,0.5,32.73066711425781,-3.104402542114258,-0.42761027812957764,-0.9986153244972229,3.0279767513275146,-1.275834560394287,0.14442916214466095,0.19616377353668213,2.92402982711792,2.880460262298584,-45.68710708618164,-18.60346794128418,-13.852326393127441,41.28057098388672,-30.343891143798828,-0.6451511383056641,-777.896728515625,-196.93304443359375,63.272216796875,0.11058457940816879,0.11826249957084656,0.9822716116905212,0.09445112198591232,37.95953369140625,39.12080764770508,38.7266845703125,1017.1378784179688,8.547107696533203,1.259414553642273,0.38999998569488525,0.0,0.0,0.0,0.0,0.0,4.203895392974451e-45
138,0.5,32.831329345703125,-3.2549984455108643,0.10946545749902725,-0.3998251259326935,3.1126625537872314,1.0328603982925415,-0.10593792051076889,0.1967601627111435,3.037393093109131,-2.8578758239746094,-46.01654815673828,-18.60418128967285,-13.914886474609375,51.15167236328125,-5.367354393005371,3.452390670776367,-782.5154418945312,-198.80581665039062,61.87319564819336,0.08977619558572769,-0.14557166397571564,0.9831042885780334,0.0651717483997345,37.622459411621094,38.582637786865234,38.32989501953125,1017.2044067382812,8.547107696533203,1.2594969272613525,0.38999998569488525,0.0,0.0,0.0,0.0,0.0,4.203895392974451e-45
138,0.5,32.93766784667969,-1.7544429302215576,-0.08687876909971237,-0.7445803284645081,1.65859055519104,0.8177460432052612,0.4693896472454071,0.17321458458900452,3.1370656490325928,-2.6065144538879395,-46.26514434814453,-18.577171325683594,-13.942975997924805,50.93661117553711,7.586489200592041,5.276723861694336,-787.4263305664062,-200.78170776367188,60.39200973510742,0.08282580971717834,-0.2635550796985626,0.9607514142990112,0.02504163421690464,36.95106887817383,37.29597854614258,37.31151580810547,1017.3634033203125,8.55178165435791,1.2596728801727295,0.38999998569488525,0.0,0.0,0.0,0.0,0.0,4.203895392974451e-45
138,0.5,33.03832244873047,-1.4285941123962402,0.17436620593070984,-0.3610277473926544,1.1041420698165894,0.9680328369140625,0.21300463378429413,0.10269781202077866,-3.104097843170166,-2.533400774002075,-46.419368743896484,-18.573627471923828,-13.971087455749512,49.88347244262695,11.606011390686035,8.474808692932129,-792.0922241210938,-202.6516876220703,58.98676681518555,0.05456879734992981,-0.2980642318725586,0.9529770016670227,-0.0024965042248368263,35.991268157958984,36.80422592163086,36.626163482666016,1017.4241943359375,8.550613403320312,1.2597533464431763,0.38999998569488525,0.0,0.0,0.0,0.0,0.0,4.203895392974451e-45
138,0.5,33.14466094970703,-1.563348650932312,-0.7261059284210205,0.911892831325531,1.6003105640411377,0.41882625222206116,-1.0326488018035889,0.07334194332361221,-3.1398680210113525,-2.4602842330932617,-46.603919982910156,-18.699405670166016,-13.968338966369629,48.87079620361328,14.844674110412598,10.389535903930664,-797.0404052734375,-204.6345672607422,57.498985290527344,0.03484402224421501,-0.3338478207588196,0.9419088363647461,0.01143698487430811,35.1681022644043,35.75230407714844,35.64936065673828,1017.5542602539062,8.55528736114502,1.259893536567688,0.38999998569488525,0.0,0.0,0.0,0.0,0.0,4.203895392974451e-45
138,0.5,33.24531555175781,-0.11208485811948776,0.11601991951465607,0.7698878645896912,-0.046024564653635025,0.2183162122964859,-0.7542944550514221,0.07676297426223755,3.0660781860351562,-2.454458475112915,-46.675167083740234,-18.688583374023438,-13.902539253234863,48.86222839355469,14.34792709350586,11.299905776977539,-801.7367553710938,-206.51617431640625,56.096839904785156,0.023397957906126976,-0.3377222418785095,0.939703106880188,0.04843232035636902,34.67876052856445,35.539466857910156,35.3366813659668,1017.58056640625,8.5482759475708,1.2599574327468872,0.38999998569488525,0.0,0.0,0.0,0.0,0.0,4.203895392974451e-45
138,0.5,33.351654052734375,-0.47959786653518677,-0.07306157797574997,0.17739005386829376,0.44154536724090576,0.21501334011554718,-0.16006827354431152,0.029708148911595345,2.990604877471924,-2.5913708209991455,-46.78327941894531,-18.799667358398438,-13.82229232788086,50.09659194946289,6.484766483306885,13.468183517456055,-806.7066650390625,-208.510986328125,54.62428283691406,-0.006232068408280611,-0.2719270884990692,0.959239661693573,0.07660118490457535,34.02904510498047,34.67487335205078,34.538612365722656,1017.6875,8.55178165435791,1.2600741386413574,0.38999998569488525,0.0,0.0,0.0,0.0,0.0,4.203895392974451e-45
138,0.5,33.452308654785156,-1.2617548704147339,-0.9515547752380371,0.20734496414661407,1.4322768449783325,-0.6577702760696411,-0.23739197850227356,-0.059039633721113205,2.9721131324768066,-2.946141004562378,-46.83636474609375,-18.810741424560547,-13.807417869567871,48.696311950683594,-12.04081916809082,14.892234802246094,-811.4179077148438,-210.40272521972656,53.23365783691406,-0.03752397745847702,-0.09469123929738998,0.9914652705192566,0.08132801204919815,33.17976760864258,33.90345001220703,33.767364501953125,1017.7828979492188,8.554118156433105,1.2601817846298218,0.38999998569488525,0.0,0.0,0.0,0.0,0.0,4.203895392974451e-45
138,0.5,33.55865478515625,-0.46988534927368164,0.6944797039031982,-0.7558756470680237,0.5298109650611877,0.404766321182251,0.9109823107719421,-0.14954517781734467,2.99902606010437,2.850027084350586,-46.90760040283203,-18.839454650878906,-13.819400787353516,37.01221466064453,-33.985958099365234,14.873992919921875,-816.4033813476562,-212.40667724609375,51.76559066772461,-0.06340569257736206,0.1497567892074585,0.9833459258079529,0.08109463006258011,32.53306198120117,33.31728744506836,33.11132049560547,1017.8553466796875,8.55178165435791,1.260282039642334,0.38999998569488525,0.0,0.0,0.0,0.0,0.0,4.203895392974451e-45
138,0.5,33.6593017578125,-0.3603495657444,0.7892833352088928,1.0206899642944336,1.0251593589782715,0.20095326006412506,-0.8386102914810181,-0.19419631361961365,3.1415884494781494,2.23281192779541,-46.94074630737305,-18.758825302124023,-13.799222946166992,11.131415367126465,-48.55564498901367,16.252553939819336,-821.126220703125,-214.29812622070312,50.374267578125,-0.08710786700248718,0.4368457496166229,0.8942928910255432,0.04255293309688568,31.609533309936523,32.28788757324219,32.17462158203125,1017.982666015625,8.550613403320312,1.2604448795318604,0.38999998569488525,0.0,0.0,0.0,0.0,0.0,4.203895392974451e-45
138,0.5,33.765647888183594,-0.2298033982515335,1.937647819519043,-1.7649459838867188,1.7472317218780518,0.1576712429523468,1.960749626159668,-0.10917332023382187,-3.069267749786377,1.696824550628662,-46.988685607910156,-18.604663848876953,-13.87794303894043,-13.988143920898438,-47.928123474121094,15.932743072509766,-826.1216430664062,-216.28424072265625,48.90388107299805,-0.06477450579404831,0.6582762598991394,0.7499257326126099,0.008966178633272648,29.78706169128418,30.76811408996582,30.464115142822266,1018.170654296875,8.552949905395508,1.2606672048568726,0.38999998569488525,0.0,0.0,0.0,0.0,0.0,4.203895392974451e-45
138,0.5,33.866302490234375,-0.7385447025299072,-1.003190517425537,0.1626557856798172,-1.1137607097625732,-0.5272523760795593,-0.2445681095123291,-0.08748027682304382,-3.1102685928344727,1.3662153482437134,-47.06767272949219,-18.63459014892578,-13.886953353881836,-28.91483497619629,-41.92213821411133,12.72337532043457,-830.8560791015625,-218.1570281982422,47.50518798828125,-0.03973248973488808,0.7743426561355591,0.6310540437698364,0.024034610018134117,29.738798141479492,30.76811408996582,30.48053550720215,1018.170654296875,8.552949905395508,1.2606672048568726,0.38999998569488525,0.0,0.0,0.0,0.0,0.0,4.203895392974451e-45
138,0.5,33.97264862060547,-0.6382071375846863,0.0316472128033638,0.27687832713127136,-0.234799325466156,-0.5957784652709961,-0.27364417910575867,-0.11958878487348557,-3.0846939086914062,1.0854151248931885,-47.04283905029297,-18.403217315673828,-13.944125175476074,-39.615501403808594,-32.441654205322266,11.146939277648926,-835.860107421875,-220.12413024902344,46.0239143371582,-0.055165138095617294,0.8535559773445129,0.5167784094810486,0.036487143486738205,29.44411849975586,29.950210571289062,29.885765075683594,1018.2718505859375,8.556455612182617,1.2607767581939697,0.38999998569488525,0.0,0.0,0.0,0.0,0.0,4.203895392974451e-45
138,0.5,34.07329559326172,-1.9768922328948975,0.8171621561050415,-0.5301972031593323,-0.5124776363372803,-2.0490283966064453,0.6290770173072815,-0.09943776577711105,-3.0703835487365723,0.9610751867294312,-47.17632293701172,-18.33837890625,-13.928199768066406,-43.22359848022461,-27.413549423217773,11.664928436279297,-840.6026000976562,-221.97390747070312,44.622379302978516,-0.05448535457253456,0.8842681050300598,0.46295905113220215,0.027607575058937073,28.88701820373535,29.78673553466797,29.564453125,1018.2920532226562,8.557623863220215,1.2607965469360352,0.38999998569488525,0.0,0.0,0.0,0.0,0.0,4.203895392974451e-45
138,0.5,34.17964172363281,-2.0076544284820557,-0.09072358906269073,-2.4471397399902344,-1.169110655784607,-1.9386614561080933,2.214050531387329,-0.1219203919172287,3.083888292312622,1.163817048072815,-47.37139892578125,-18.205181121826172,-14.181588172912598,-36.93073272705078,-36.798187255859375,7.652956008911133,-845.6312866210938,-223.9132537841797,43.12592697143555,-0.009415024891495705,0.8344791531562805,0.5468997955322266,0.0667005404829979,28.05177116394043,28.780834197998047,28.606956481933594,1018.41650390625,8.556455612182617,1.2609559297561646,0.38999998569488525,0.0,0.0,0.0,0.0,0.0,4.203895392974451e-45
138,0.5,34.280296325683594,-1.8821732997894287,2.506350040435791,0.3557433784008026,2.3824877738952637,-2.050163507461548,-0.2671022415161133,-0.22261138260364532,2.927502393722534,1.4977279901504517,-47.55110549926758,-18.29993438720703,-14.213767051696777,-24.32437515258789,-46.962100982666016,-0.9316926002502441,-850.41064453125,-225.7538604736328,41.69411087036133,0.0025835733395069838,0.7318401336669922,0.6640262603759766,0.1531812995672226,27.050107955932617,27.776018142700195,27.645301818847656,1018.5408325195312,8.561129570007324,1.2610888481140137,0.38999998569488525,0.0,0.0,0.0,0.0,0.0,4.203895392974451e-45
138,0.5,34.38664245605469,-1.5915157794952393,0.2408973127603531,0.3307447135448456,0.6792140603065491,-1.3047207593917847,-0.7325819134712219,-0.1289517879486084,2.7947449684143066,1.8308430910110474,-47.856544494628906,-18.089818954467773,-14.22981071472168,-6.963308334350586,-52.43813705444336,-4.656988143920898,-855.4890747070312,-227.6819610595703,40.17891311645508,0.05462999641895294,0.6078792810440063,0.772525429725647,0.1751999408006668,26.05758285522461,26.20917320251465,26.32513427734375,1018.7347412109375,8.559961318969727,1.2613341808319092,0.38999998569488525,0.0,0.0,0.0,0.0,0.0,4.203895392974451e-45
138,0.5,34.48728942871094,-4.824617385864258,-0.22256188094615936,-0.6374760270118713,2.0413308143615723,-4.340851783752441,-0.8499596118927002,-0.04813830554485321,2.780937671661377,2.0608444213867188,-48.22312545776367,-18.18243408203125,-14.240957260131836,5.961516857147217,-52.95001220703125,-4.425539016723633,-860.3256225585938,-229.50814819335938,38.74560546875,0.07193852961063385,0.509667694568634,0.8411432504653931,0.1659325659275055,24.92307472229004,25.742563247680664,25.564844131469727,1018.79248046875,8.56346607208252,1.261389970779419,0.38999998569488525,0.0,0.0,0.0,0.0,0.0,4.203895392974451e-45
138,0.5,34.59363555908203,-4.20949125289917,0.022696955129504204,-0.15249638259410858,3.1112513542175293,-2.3962414264678955,-1.5236351490020752,0.13859990239143372,2.6740105152130127,2.4002633094787598,-48.76193618774414,-18.16661262512207,-14.273488998413086,25.442604064941406,-46.24966049194336,-11.184103965759277,-865.4903564453125,-231.4402313232422,37.228519439697266,0.14650246500968933,0.33658111095428467,0.9103605151176453,0.19101418554782867,24.75526237487793,25.905973434448242,25.522611618041992,1018.7722778320312,8.56346607208252,1.2613649368286133,0.38999998569488525,0.0,0.0,0.0,0.0,0.0,4.203895392974451e-45
138,0.5,34.69429016113281,-2.5854508876800537,0.14279699325561523,-0.6447487473487854,2.213433027267456,-1.3984888792037964,-0.5152447819709778,0.2062874436378479,2.6570324897766113,2.4791765213012695,-49.07837677001953,-18.15976333618164,-14.254029273986816,29.865732192993164,-43.252197265625,-13.374600410461426,-870.4183959960938,-233.2681121826172,35.79415512084961,0.17212428152561188,0.29064953327178955,0.9211810827255249,0.19316700100898743,24.871496200561523,25.812456130981445,25.573923110961914,1018.7838134765625,8.564635276794434,1.2613739967346191,0.38999998569488525,0.0,0.0,0.0,0.0,0.0,4.203895392974451e-45
138,0.5,34.800628662109375,-1.9342474937438965,-0.7114230394363403,-0.8686438202857971,0.7617529630661011,-2.0997869968414307,-0.1119396761059761,0.1095573678612709,2.7031426429748535,2.2547683715820312,-49.39385223388672,-18.08952522277832,-14.41428279876709,18.663026809692383,-50.29597091674805,-9.834505081176758,-875.6607055664062,-235.1923370361328,34.266971588134766,0.1414339244365692,0.40737083554267883,0.8854564428329468,0.17321909964084625,24.143205642700195,24.4570369720459,24.49376678466797,1018.9515991210938,8.564635276794434,1.2615817785263062,0.38999998569488525,0.0,0.0,0.0,0.0,0.0,4.203895392974451e-45
138,0.5,34.901275634765625,-4.45256233215332,1.7573223114013672,0.293422669172287,2.9051246643066406,-3.6156466007232666,-1.21924889087677,-0.10452460497617722,2.813800573348999,1.8431565761566162,-49.69212341308594,-18.051128387451172,-14.370545387268066,-5.495663166046143,-54.3753776550293,-3.8379430770874023,-880.6471557617188,-237.01535034179688,32.819793701171875,0.05745404586195946,0.6024345755577087,0.779653012752533,0.16094927489757538,23.32138442993164,24.270029067993164,24.030635833740234,1018.9747314453125,8.566971778869629,1.2615998983383179,0.38999998569488525,0.0,0.0,0.0,0.0,0.0,4.203895392974451e-45
138,0.5,35.00762176513672,-1.4178855419158936,0.5606248378753662,-0.154877707362175,0.39178958535194397,-1.4783121347427368,-0.09871842712163925,-0.2160906046628952,2.909083843231201,1.4836705923080444,-49.9531135559082,-18.037418365478516,-14.310896873474121,-24.864973068237305,-49.01520538330078,-2.158964157104492,-885.9501342773438,-238.93626403808594,31.297760009765625,0.012647797353565693,0.7364318370819092,0.65794438123703,0.15687526762485504,22.307470321655273,22.37651824951172,22.534992218017578,1019.2091674804688,8.564635276794434,1.2619006633758545,0.38999998569488525,0.0,0.0,0.0,0.0,0.0,4.203895392974451e-45
138,0.5,35.10826873779297,-0.6988484263420105,1.4045922756195068,0.20700640976428986,1.0040334463119507,-1.221431016921997,-0.06406381726264954,-0.2725542485713959,3.0354490280151367,1.1401965618133545,-50.02409744262695,-17.947460174560547,-14.29773998260498,-39.665714263916016,-38.15034866333008,-0.2848406136035919,-890.9827880859375,-240.7468719482422,29.858322143554688,-0.02897713892161846,0.8367547392845154,0.527888834476471,0.14257395267486572,20.59124755859375,21.30198097229004,21.180238723754883,1019.3421630859375,8.56930923461914,1.2620444297790527,0.38999998569488525,0.0,0.0,0.0,0.0,0.0,4.203895392974451e-45
138,0.5,35.21461486816406,-0.7453055381774902,1.0587047338485718,-0.10145095735788345,0.3086231052875519,-1.2482705116271973,0.18214063346385956,-0.22178874909877777,-3.1347477436065674,0.8785107135772705,-50.0909309387207,-17.85692024230957,-14.275538444519043,-47.73905944824219,-27.134092330932617,4.054542541503906,-896.3067626953125,-242.6497802734375,28.340951919555664,-0.05014137923717499,0.8993393778800964,0.42299214005470276,0.09871472418308258,20.054410934448242,20.928577423095703,20.684223175048828,1019.388427734375,8.570477485656738,1.2620964050292969,0.38999998569488525,0.0,0.0,0.0,0.0,0.0,4.203895392974451e-45
138,0.5,35.315269470214844,-0.6842577457427979,1.1014900207519531,0.24528689682483673,0.42384374141693115,-1.2376435995101929,-0.17384502291679382,-0.16272909939289093,-3.137441396713257,0.860751211643219,-50.161705017089844,-17.73468589782715,-14.325679779052734,-47.85850143432617,-26.45049476623535,6.769711017608643,-901.3531494140625,-244.43951416015625,26.90013313293457,-0.03578901290893555,0.9057266116142273,0.4159826934337616,0.07300029695034027,19.836687088012695,20.858226776123047,20.581907272338867,1019.3971557617188,8.568140029907227,1.2621177434921265,0.38999998569488525,0.0,0.0,0.0,0.0,0.0,4.203895392974451e-45
138,0.5,35.42161560058594,-0.011871258728206158,1.088374137878418,0.11255642026662827,0.8680664300918579,-0.6661168336868286,-0.009956198744475842,-0.11616465449333191,-3.138488531112671,0.923159122467041,-50.204952239990234,-17.654691696166992,-14.280474662780762,-45.724456787109375,-29.359453201293945,9.132816314697266,-906.6910400390625,-246.32107543945312,25.380043029785156,-0.027240518480539322,0.8937957286834717,0.4446903169155121,0.05128486454486847,19.384822845458984,19.970775604248047,19.870601654052734,1019.5070190429688,8.571645736694336,1.2622380256652832,0.38999998569488525,0.0,0.0,0.0,0.0,0.0,4.203895392974451e-45
138,0.5,35.52226257324219,-0.682408332824707,0.3608247637748718,-0.5192328095436096,-0.13155485689640045,-0.7394273281097412,0.5490036010742188,-0.11044888198375702,-3.0869789123535156,0.9873877167701721,-50.246910095214844,-17.592504501342773,-14.289237976074219,-43.67869186401367,-31.6756534576416,11.278589248657227,-911.7457885742188,-248.093505859375,23.942516326904297,-0.05015324428677559,0.8782004714012146,0.4743082523345947,0.03566854074597359,18.58159637451172,19.45673942565918,19.252601623535156,1019.5706787109375,8.572813987731934,1.262311577796936,0.38999998569488525,0.0,0.0,0.0,0.0,0.0,4.203895392974451e-45
138,0.5,35.62861633300781,-1.4360101222991943,0.9876194000244141,0.4849567115306854,0.49087753891944885,-1.710740566253662,-0.32412371039390564,-0.19451722502708435,-3.0984725952148438,1.2027275562286377,-50.3330192565918,-17.447256088256836,-14.296570777893066,-36.50386047363281,-40.327903747558594,9.126535415649414,-917.0946655273438,-249.9557647705078,22.421600341796875,-0.07261872291564941,0.8192896842956543,0.5646868944168091,0.06791199743747711,18.179412841796875,18.662368774414062,18.61409568786621,1019.6690673828125,8.572813987731934,1.262433409690857,0.38999998569488525,0.0,0.0,0.0,0.0,0.0,4.203895392974451e-45
138,0.5,35.72926330566406,-0.3759912848472595,0.6267114281654358,0.504487931728363,0.720065712928772,-0.3606651723384857,-0.37424346804618835,-0.2366083413362503,3.0643985271453857,1.5507874488830566,-50.43120193481445,-17.409120559692383,-14.255208969116211,-21.24294662475586,-50.659088134765625,5.6515302658081055,-922.1679077148438,-251.71034240722656,20.985137939453125,-0.05519401282072067,0.7118107676506042,0.6913313865661621,0.11104925721883774,17.00624656677246,17.657567977905273,17.565031051635742,1019.7935180664062,8.570477485656738,1.2625980377197266,0.38999998569488525,0.0,0.0,0.0,0.0,0.0,4.203895392974451e-45
138,0.5,35.835609436035156,-0.024829570204019547,0.8675252795219421,-0.11106017976999283,0.8122078776359558,0.1407230943441391,0.2933504283428192,-0.20217283070087433,3.05361008644104,1.7918150424957275,-50.37613296508789,-17.23676872253418,-14.217865943908691,-8.511116027832031,-53.84626770019531,8.068575859069824,-927.5269775390625,-253.54998779296875,19.471946716308594,-0.05137862637639046,0.6244820952415466,0.7732632160186768,0.09715248644351959,15.891276359558105,16.490589141845703,16.38254737854004,1019.9380493164062,8.57748794555664,1.2627454996109009,0.38999998569488525,0.0,0.0,0.0,0.0,0.0,4.203895392974451e-45
138,0.5,35.936256408691406,-0.6060200929641724,2.184441566467285,-1.6366662979125977,1.9427343606948853,0.3374440670013428,1.9822993278503418,-0.1541205793619156,3.080714464187622,2.0445921421051025,-50.44070816040039,-17.081865310668945,-14.34363842010498,5.519676208496094,-53.51548767089844,12.139662742614746,-932.6012573242188,-255.2764434814453,18.03455924987793,-0.04983934760093689,0.5216169953346252,0.8491559028625488,0.0660143494606018,15.104424476623535,15.88330078125,15.727911949157715,1020.0133056640625,8.57748794555664,1.2628387212753296,0.38999998569488525,0.0,0.0,0.0,0.0,0.0,4.203895392974451e-45
138,0.5,36.04259490966797,-0.9760268926620483,1.3893438577651978,-0.7738876938819885,1.6247179508209229,0.27442610263824463,0.875635027885437,-0.056242626160383224,3.1101768016815186,2.3618998527526855,-50.5444450378418,-16.897260665893555,-14.4092378616333,23.215627670288086,-48.022518157958984,14.237655639648438,-937.9718017578125,-257.0804748535156,16.504701614379883,-0.02003766968846321,0.3802562654018402,0.9243163466453552,0.02520759403705597,14.665185928344727,15.579424858093262,15.316444396972656,1020.0509033203125,8.578656196594238,1.2628799676895142,0.38999998569488525,0.0,0.0,0.0,0.0,0.0,4.203895392974451e-45
138,0.5,36.14325714111328,-1.5737296342849731,0.9294798970222473,-0.6760073304176331,1.8271416425704956,0.12402950972318649,0.6660747528076172,0.005524777807295322,3.1403300762176514,2.676470994949341,-50.66188430786133,-16.78325080871582,-14.49001407623291,37.831295013427734,-37.74147415161133,14.233475685119629,-943.0660400390625,-258.7742919921875,15.049335479736328,0.0028335098177194595,0.23046660423278809,0.9730721712112427,-2.2412732505472377e-05,14.470646858215332,15.603026390075684,15.273479461669922,1020.0480346679688,8.576319694519043,1.262886881828308,0.38999998569488525,0.0,0.0,0.0,0.0,0.0,4.203895392974451e-45
138,0.5,36.24958801269531,-2.5869340896606445,0.9586238265037537,-0.34945014119148254,2.726273775100708,0.5175098776817322,0.18111832439899445,0.061476778239011765,-3.1393203735351562,2.975266456604004,-50.88919448852539,-16.663860321044922,-14.5114107131958,48.22964096069336,-24.83258819580078,11.626458168029785,-948.466552734375,-260.551025390625,13.507058143615723,0.030533095821738243,0.08306244760751724,0.9960659742355347,-0.003684606635943055,14.327435493469238,15.042500495910645,14.880669593811035,1020.117431640625,8.579825401306152,1.2629570960998535,0.38999998569488525,0.0,0.0,0.0,0.0,0.0,4.203895392974451e-45
138,0.5,36.350250244140625,-2.743300676345825,0.6250599026679993,-0.3271980583667755,2.7089364528656006,0.8097739815711975,-0.17104826867580414,0.18239374458789825,-3.136516809463501,-3.07336163520813,-51.127811431884766,-16.59171485900879,-14.530969619750977,53.91041564941406,-13.04251480102539,4.898706436157227,-953.6015625,-262.22406005859375,12.044658660888672,0.09110380709171295,-0.033735863864421844,0.9952656030654907,0.0005803694948554039,13.805057525634766,14.71554183959961,14.49760627746582,1020.157958984375,8.579825401306152,1.2630072832107544,0.38999998569488525,0.0,0.0,0.0,0.0,0.0,4.203895392974451e-45
138,0.5,36.45658874511719,-2.915786027908325,0.7667907476425171,-0.2129106968641281,2.6769022941589355,1.251232624053955,-0.6352735161781311,0.3029762804508209,-3.124455451965332,-2.966883420944214,-51.434059143066406,-16.52044105529785,-14.563633918762207,55.4296760559082,-7.362909317016602,-1.9430856704711914,-959.0582275390625,-263.9841003417969,10.496861457824707,0.1510680764913559,-0.08495275676250458,0.9848508238792419,0.004727385938167572,13.010136604309082,13.73521900177002,13.568982124328613,1020.2794189453125,8.582161903381348,1.263147234916687,0.38999998569488525,0.0,0.0,0.0,0.0,0.0,4.203895392974451e-45
138,0.5,36.55723571777344,-3.546656608581543,0.4590676426887512,-1.165135383605957,3.6818771362304688,0.7576694488525391,-0.12864436209201813,0.3564567267894745,-3.140380620956421,-3.0567879676818848,-51.774391174316406,-16.455856323242188,-14.654339790344238,54.76495361328125,-12.016923904418945,-4.7408528327941895,-964.25537109375,-265.64251708984375,9.026204109191895,0.17715293169021606,-0.041610658168792725,0.9832749366760254,0.006919214501976967,12.216310501098633,13.105483055114746,12.899797439575195,1020.3574829101562,8.58449935913086,1.2632333040237427,0.38999998569488525,0.0,0.0,0.0,0.0,0.0,4.203895392974451e-45
138,0.5,36.66358947753906,-3.2310614585876465,0.4389288127422333,-1.5484123229980469,3.603370428085327,-0.04763529449701309,0.2079746127128601,0.3848269581794739,3.0611016750335693,2.9971392154693604,-52.10163497924805,-16.402252197265625,-14.86014175415039,51.177764892578125,-23.276973724365234,-6.58850622177124,-969.782470703125,-267.3890380859375,7.454239845275879,0.19342604279518127,0.06310059875249863,0.9787449836730957,0.025600295513868332,11.688257217407227,12.497906684875488,12.292659759521484,1020.4327392578125,8.58449935913086,1.2633265256881714,0.38999998569488525,0.0,0.0,0.0,0.0,0.0,4.203895392974451e-45
138,0.5,36.76423645019531,-3.248866558074951,0.6239114999771118,-1.2756538391113281,3.439342975616455,-0.8611698746681213,-0.028381776064634323,0.33480140566825867,2.9288506507873535,2.692715883255005,-52.422611236572266,-16.353761672973633,-15.010411262512207,42.83607482910156,-36.84640121459961,-6.946372032165527,-975.0455322265625,-269.0369873046875,5.949019432067871,0.18482232093811035,0.20096002519130707,0.9597910046577454,0.06518708914518356,11.100181579589844,12.007349014282227,11.798284530639648,1020.4935302734375,8.583330154418945,1.2634069919586182,0.38999998569488525,0.0,0.0,0.0,0.0,0.0,4.203895392974451e-45
138,0.5,36.870582580566406,-3.2516307830810547,0.6835511326789856,-0.9358301758766174,2.7829949855804443,-2.0274791717529297,-0.24539093673229218,0.17443400621414185,2.7940547466278076,2.292306423187256,-52.76164627075195,-16.30016326904297,-15.100115776062012,24.88910675048828,-51.096336364746094,-6.866540908813477,-980.6421508789062,-270.77301025390625,4.347223281860352,0.14913642406463623,0.390524297952652,0.9002537727355957,0.12159358710050583,10.481817245483398,11.563508033752441,11.225542068481445,1020.5485229492188,8.583330154418945,1.2634750604629517,0.38999998569488525,0.0,0.0,0.0,0.0,0.0,4.203895392974451e-45
138,0.5,36.971229553222656,-3.477403163909912,1.5519672632217407,0.18303389847278595,2.446164608001709,-2.6778693199157715,-1.1745222806930542,-0.04417734593153,2.753933906555176,1.8466686010360718,-53.083438873291016,-16.21238136291504,-15.13131332397461,-1.807273507118225,-57.0694694519043,-7.02901554107666,-985.9713745117188,-272.40924072265625,2.824384927749634,0.09886441379785538,0.5951156616210938,0.7799208164215088,0.16666996479034424,10.008230209350586,11.00369644165039,10.752774238586426,1020.617919921875,8.585667610168457,1.2635505199432373,0.38999998569488525,0.0,0.0,0.0,0.0,0.0,4.203895392974451e-45
138,0.5,37.07758331298828,-2.34472918510437,0.30827000737190247,-0.1895018070936203,-0.37991756200790405,-2.2625210285186768,-0.6043808460235596,-0.20896808803081512,2.832226276397705,1.2923065423965454,-53.38364028930664,-16.099132537841797,-15.113920211791992,-32.6334114074707,-47.2711181640625,-6.154613971710205,-991.6366577148438,-274.1255798339844,1.2166082859039307,0.06028883159160614,0.7942432761192322,0.5788548588752747,0.17453564703464508,9.262927055358887,9.788829803466797,9.72920036315918,1020.7684936523438,8.582161903381348,1.2637526988983154,0.38999998569488525,0.0,0.0,0.0,0.0,0.0,4.203895392974451e-45
138,0.5,37.17823028564453,-0.7125073075294495,1.071515679359436,-1.0585107803344727,-0.17189565300941467,-1.4074749946594238,0.8750325441360474,-0.3214941620826721,3.005094289779663,0.7203798294067383,-53.538394927978516,-16.043455123901367,-15.166665077209473,-53.0086555480957,-22.816503524780273,-4.818576335906982,-997.0208129882812,-275.7438659667969,-0.3065810203552246,0.006716187112033367,0.9254580140113831,0.3368820250034332,0.17316271364688873,7.727436542510986,8.34218692779541,8.281879425048828,1020.9478149414062,8.586835861206055,1.263953685760498,0.38999998569488525,0.0,0.0,0.0,0.0,0.0,4.203895392974451e-45
138,0.5,37.284576416015625,-2.421034336090088,-0.003299498464912176,0.009883842431008816,-2.270829916000366,-0.4746434688568115,-0.6924427151679993,-0.3048444986343384,-3.0693671703338623,0.17716754972934723,-53.7288932800293,-16.035327911376953,-15.154484748840332,-57.693321228027344,6.13495397567749,-2.716404438018799,-1002.725341796875,-277.4488525390625,-1.9185906648635864,-0.048969876021146774,0.9834001064300537,0.0928453803062439,0.14798228442668915,7.0086517333984375,8.295509338378906,7.8562750816345215,1020.95361328125,8.585667610168457,1.2639660835266113,0.38999998569488525,0.0,0.0,0.0,0.0,0.0,4.203895392974451e-45
138,0.5,37.385223388671875,-1.1796607971191406,1.4920564889907837,0.048301659524440765,-1.2944620847702026,-1.3701348304748535,-0.259240984916687,-0.35287144780158997,-2.940095901489258,-0.15608234703540802,-53.95108413696289,-15.955437660217285,-15.103914260864258,-52.90336990356445,22.981292724609375,-8.152518272399902,-1008.1480712890625,-279.0594177246094,-3.4404075145721436,-0.08510011434555054,0.9778743982315063,-0.05876217409968376,0.18182042241096497,6.937690258026123,7.946656703948975,7.688415050506592,1020.9968872070312,8.591509819030762,1.263993501663208,0.38999998569488525,0.0,0.0,0.0,0.0,0.0,4.203895392974451e-45
138,0.5,37.49156951904297,-1.4806913137435913,1.3753371238708496,-0.5835838913917542,-1.7449601888656616,-1.172560214996338,-0.06867711246013641,-0.4442026615142822,-3.0426430702209473,-0.13710910081863403,-54.077491760253906,-15.765989303588867,-15.1796875,-52.94828414916992,22.06791114807129,-10.620600700378418,-1013.8928833007812,-280.7429504394531,-5.052417755126953,-0.03305536508560181,0.9726967215538025,-0.05586790293455124,0.2227988988161087,6.581960201263428,7.479410171508789,7.234624862670898,1021.0548095703125,8.589173316955566,1.264075756072998,0.38999998569488525,0.0,0.0,0.0,0.0,0.0,4.203895392974451e-45
138,0.5,37.59221649169922,-2.1727187633514404,1.4970890283584595,-0.1777534931898117,-2.1365928649902344,-1.313774824142456,-0.8381114602088928,-0.46096354722976685,-3.122777223587036,-0.08911429345607758,-54.33368682861328,-15.69637680053711,-15.181619644165039,-53.97083282470703,20.280406951904297,-10.237455368041992,-1019.3510131835938,-282.32574462890625,-6.580743789672852,0.0010254867374897003,0.9726384282112122,-0.04121541976928711,0.22861875593662262,5.661035537719727,6.405954360961914,6.280772686004639,1021.1879272460938,8.589173316955566,1.2642405033111572,0.38999998569488525,0.0,0.0,0.0,0.0,0.0,4.203895392974451e-45
138,0.5,37.698570251464844,-2.3678674697875977,1.2360308170318604,-1.209787368774414,-2.550333023071289,-1.4451360702514648,0.07353344559669495,-0.41532188653945923,3.0554847717285156,0.0853877067565918,-54.45480728149414,-15.490150451660156,-15.27491283416748,-57.01536560058594,11.476113319396973,-7.4892191886901855,-1025.1365966796875,-283.9810485839844,-8.199899673461914,0.03328592702746391,0.9770929217338562,0.032859332859516144,0.20759129524230957,5.040448188781738,5.589024543762207,5.519706726074219,1021.2891845703125,8.591509819030762,1.2643554210662842,0.38999998569488525,0.0,0.0,0.0,0.0,0.0,4.203895392974451e-45
138,0.5,37.799217224121094,-1.7852776050567627,2.363804578781128,0.20664401352405548,-0.8419915437698364,-2.6606521606445312,-1.0145595073699951,-0.36851924657821655,2.9704699516296387,0.3088137209415436,-54.69523239135742,-15.316529273986816,-15.259428977966309,-58.44851303100586,-0.9437509775161743,-6.468366622924805,-1030.6324462890625,-285.5311584472656,-9.73698902130127,0.05493561178445816,0.9702269434928894,0.13516581058502197,0.19329772889614105,3.9015591144561768,4.60958194732666,4.504286766052246,1021.41064453125,8.596183776855469,1.2644847631454468,0.38999998569488525,0.0,0.0,0.0,0.0,0.0,4.203895392974451e-45
138,0.5,37.905555725097656,-0.5639886260032654,1.667168378829956,-2.1999030113220215,-0.02743821032345295,-2.2567975521087646,1.6861494779586792,-0.2427474856376648,2.852508306503296,0.6240601539611816,-54.78593826293945,-15.066237449645996,-15.319583892822266,-55.38356018066406,-19.555063247680664,-3.6590731143951416,-1036.454833984375,-287.14239501953125,-11.360647201538086,0.09929322451353073,0.9402095675468445,0.28495627641677856,0.1579216718673706,3.072371006011963,3.465707778930664,3.473999500274658,1021.5525512695312,8.591509819030762,1.2646814584732056,0.38999998569488525,0.0,0.0,0.0,0.0,0.0,4.203895392974451e-45
138,0.5,38.00621032714844,-0.5313926339149475,2.272507667541504,-0.6247254014015198,1.1791572570800781,-2.0942163467407227,0.24638701975345612,-0.1447571963071823,2.867920398712158,0.8116134405136108,-54.91610336303711,-14.905179977416992,-15.365377426147461,-50.3202018737793,-30.689556121826172,-0.10629842430353165,-1041.9775390625,-288.6500244140625,-12.904777526855469,0.09672170132398605,0.9117034077644348,0.3809812664985657,0.11952926218509674,2.3769311904907227,3.512855052947998,3.1953623294830322,1021.5466918945312,8.593847274780273,1.2646636962890625,0.38999998569488525,0.0,0.0,0.0,0.0,0.0,4.203895392974451e-45
138,0.5,38.112548828125,-1.6655226945877075,1.3785641193389893,-0.6056213974952698,0.14243701100349426,-2.2375340461730957,0.11940056085586548,-0.07276975363492966,2.9156603813171387,0.9659726023674011,-55.01974868774414,-14.704902648925781,-15.499739646911621,-44.393226623535156,-38.71630096435547,3.72619366645813,-1047.8228759765625,-290.2206726074219,-14.54747486114502,0.08297830075025558,0.8812857866287231,0.45752695202827454,0.08432858437299728,2.0307705402374268,3.1396117210388184,2.7940566539764404,1021.593017578125,8.59267807006836,1.2647262811660767,0.38999998569488525,0.0,0.0,0.0,0.0,0.0,4.203895392974451e-45
138,0.5,38.21319580078125,-0.1821519136428833,2.6197597980499268,-1.274374008178711,2.24904203414917,-1.5274207592010498,1.0625500679016113,-0.049653876572847366,2.90763521194458,1.1486668586730957,-55.10517120361328,-14.502608299255371,-15.574422836303711,-36.53495407104492,-46.3123664855957,3.1265366077423096,-1053.3675537109375,-291.6890563964844,-16.110912322998047,0.0845613032579422,0.8351307511329651,0.536961555480957,0.08408612012863159,1.644217610359192,2.6740591526031494,2.4130163192749023,1021.6507568359375,8.59852123260498,1.264771580696106,0.38999998569488525,0.0,0.0,0.0,0.0,0.0,4.203895392974451e-45
138,0.5,38.319541931152344,-1.2714874744415283,1.344498872756958,-0.4124632179737091,0.9003061056137085,-1.668321967124939,0.024053700268268585,-0.009957819245755672,2.900653123855591,1.268172025680542,-55.24174499511719,-14.332676887512207,-15.651570320129395,-30.29897689819336,-50.72261428833008,3.343905448913574,-1059.236083984375,-293.2200622558594,-17.772428512573242,0.09388761967420578,0.8001161217689514,0.5876560211181641,0.07517965137958527,1.4814636707305908,2.0906753540039062,1.9968886375427246,1021.7230834960938,8.599689483642578,1.2648558616638184,0.38999998569488525,0.0,0.0,0.0,0.0,0.0,4.203895392974451e-45
138,0.5,38.420196533203125,-0.22885264456272125,1.483549952507019,0.3415546119213104,1.3592489957809448,-0.5701332688331604,-0.44419124722480774,-0.03347550332546234,2.9020276069641113,1.269162893295288,-55.31861114501953,-14.183684349060059,-15.621337890625,-30.483198165893555,-50.68533706665039,2.6584441661834717,-1064.80224609375,-294.6534423828125,-19.346237182617188,0.08636754751205444,0.8006200194358826,0.5868971347808838,0.08421409875154495,0.6669538617134094,1.5544630289077759,1.365670919418335,1021.7896118164062,8.600857734680176,1.2649328708648682,0.38999998569488525,0.0,0.0,0.0,0.0,0.0,4.203895392974451e-45
138,0.5,38.52654266357422,-2.821108818054199,1.085495948791504,0.5282782912254333,-0.16939005255699158,-2.8532400131225586,-1.1163394451141357,-0.08338997513055801,2.9472408294677734,1.1325805187225342,-55.50086975097656,-14.04440975189209,-15.653491973876953,-37.445247650146484,-45.89210891723633,3.786228895187378,-1070.6949462890625,-296.152587890625,-21.009994506835938,0.05954824388027191,0.841352105140686,0.5300948619842529,0.08701814711093903,0.15468153357505798,0.6210693120956421,0.5992472171783447,1021.9053955078125,8.599689483642578,1.265081524848938,0.38999998569488525,0.0,0.0,0.0,0.0,0.0,4.203895392974451e-45
138,0.5,38.62718963623047,-18.641462326049805,-4.8863749504089355,2.332551956176758,-5.780226707458496,-10.866116523742676,-15.011096000671387,-0.6796870827674866,2.624114751815796,1.3225458860397339,-56.624637603759766,-12.30742073059082,-12.943026542663574,-28.235219955444336,-42.01793670654297,-31.025192260742188,-1076.361572265625,-297.4776916503906,-22.403959274291992,-0.007518754806369543,0.7716808319091797,0.49241188168525696,0.4024624228477478,-0.578778088092804,0.2710074186325073,0.06865496188402176,1021.9488525390625,8.599689483642578,1.2651352882385254,0.38999998569488525,0.0,0.0,0.0,0.0,0.0,4.203895392974451e-45
138,0.5,38.73353576660156,3.107846975326538,4.402177810668945,-7.372192859649658,-7.99617862701416,-3.2352051734924316,2.996764898300171,-1.1610534191131592,0.7686841487884521,3.1394264698028564,-56.31216812133789,-11.928742408752441,-13.972495079040527,9.606118202209473,-31.097747802734375,-49.489322662353516,-1082.3638916015625,-298.7649230957031,-23.84981346130371,-0.20480838418006897,0.5087947845458984,0.3129694163799286,0.7753870487213135,-4.062474250793457,-0.10309875011444092,-1.9004831314086914,1021.9952392578125,8.596183776855469,1.2652084827423096,0.38999998569488525,0.0,0.0,0.0,0.0,0.0,4.203895392974451e-45
138,0.5,38.834190368652344,-3.044868230819702,-5.235624313354492,-9.603055953979492,-5.302403450012207,-1.3186924457550049,-9.952138900756836,-0.9441134929656982,0.5790871977806091,-2.8970727920532227,-55.320281982421875,-10.584890365600586,-13.265790939331055,22.23514175415039,-31.799068450927734,-42.92687225341797,-1087.951171875,-299.8487548828125,-25.173526763916016,-0.23295673727989197,0.4015294313430786,0.3055371046066284,0.8313506841659546,-1.9289768934249878,-1.4089257717132568,-1.4594578742980957,1022.1573486328125,8.593847274780273,1.265419602394104,0.38999998569488525,0.0,0.0,0.0,0.0,0.0,4.203895392974451e-45
138,0.5,38.94053649902344,1.1150294542312622,2.8796451091766357,2.4800662994384766,1.5212894678115845,0.10294349491596222,3.65529727935791,-1.0384166240692139,0.9174207448959351,-3.1074349880218506,-55.375850677490234,-10.615500450134277,-13.46516227722168,16.673063278198242,-38.2382926940918,-40.25259017944336,-1093.8406982421875,-300.9813537597656,-26.603857040405273,-0.23297448456287384,0.43827202916145325,0.39197638630867004,0.7745881080627441,-1.5481181144714355,-0.5694848299026489,-0.8787945508956909,1022.0531005859375,8.595015525817871,1.2652853727340698,0.38999998569488525,0.0,0.0,0.0,0.0,0.0,4.203895392974451e-45
138,0.5,39.04118347167969,-2.62180757522583,-3.4454667568206787,-2.735947608947754,-1.4078983068466187,-1.6223249435424805,-4.649299621582031,-0.9966351389884949,1.2866034507751465,2.8789820671081543,-55.49924850463867,-10.807190895080566,-13.301435470581055,16.416828155517578,-40.9044303894043,-37.83056640625,-1099.4183349609375,-302.0540771484375,-27.940404891967773,-0.19220925867557526,0.4481114447116852,0.4722837805747986,0.7342967987060547,-1.5087957382202148,-0.6156313419342041,-0.849276065826416,1022.0588989257812,8.595015525817871,1.2652925252914429,0.38999998569488525,0.0,0.0,0.0,0.0,0.0,4.203895392974451e-45
138,0.5,39.14753723144531,-1.3443149328231812,-0.270261287689209,-0.10299114137887955,0.5755954384803772,-0.8556116819381714,-0.9096265435218811,-1.004355788230896,1.2529516220092773,2.889791250228882,-55.52313995361328,-10.817795753479004,-13.313943862915039,16.174283981323242,-40.130069732666016,-38.79462432861328,-1105.32080078125,-303.2046203613281,-29.356494903564453,-0.1908092498779297,0.45137596130371094,0.46087315678596497,0.739891767501831,-1.5724157094955444,-0.7550514340400696,-0.9876396656036377,1022.076171875,8.599689483642578,1.2652928829193115,0.38999998569488525,0.0,0.0,0.0,0.0,0.0,4.203895392974451e-45
138,0.5,39.24818420410156,-0.7822438478469849,-0.23241287469863892,-0.2336750477552414,0.1768578588962555,-0.5462127923965454,-0.6252093315124512,-1.0023729801177979,1.2605911493301392,2.877368211746216,-55.6021614074707,-10.845417976379395,-13.336641311645508,16.127225875854492,-40.008609771728516,-39.06736755371094,-1110.9140625,-304.295166015625,-30.697702407836914,-0.18738490343093872,0.4528563320636749,0.46125882863998413,0.7396218180656433,-1.5750845670700073,-0.5449386835098267,-0.8457848429679871,1022.0501098632812,8.602025985717773,1.2652502059936523,0.38999998569488525,0.0,0.0,0.0,0.0,0.0,4.203895392974451e-45
138,0.5,39.354530334472656,-0.8023587465286255,-0.18774069845676422,-0.242890402674675,0.18313564360141754,-0.585534393787384,-0.6013497114181519,-1.0025447607040405,1.268113613128662,2.8653252124786377,-55.680416107177734,-10.871803283691406,-13.361146926879883,15.970711708068848,-39.930397033691406,-39.337928771972656,-1116.8319091796875,-305.45037841796875,-32.11750030517578,-0.184689000248909,0.454990953207016,0.46127399802207947,0.7389802932739258,-1.509426474571228,-0.6843597888946533,-0.9203258752822876,1022.0674438476562,8.603195190429688,1.2652664184570312,0.38999998569488525,0.0,0.0,0.0,0.0,0.0,4.203895392974451e-45
138,0.5,39.45518493652344,-0.5908164978027344,-0.21030999720096588,-0.24451546370983124,0.06706015765666962,-0.4265255630016327,-0.516385555267334,-1.0014148950576782,1.2755472660064697,2.8526573181152344,-55.748382568359375,-10.891975402832031,-13.386067390441895,15.86069393157959,-39.802886962890625,-39.62095260620117,-1122.440673828125,-306.54595947265625,-33.46382522583008,-0.18138203024864197,0.4568606913089752,0.4613477289676666,0.7385995984077454,-1.4601123332977295,-0.49977371096611023,-0.7648862600326538,1022.04443359375,8.596183776855469,1.26526939868927,0.38999998569488525,0.0,0.0,0.0,0.0,0.0,4.203895392974451e-45
138,0.5,39.5615234375,-0.6763595938682556,-0.1282157599925995,-0.21782498061656952,0.14462333917617798,-0.5108004808425903,-0.4893958866596222,-1.0003212690353394,1.2828130722045898,2.8386306762695312,-55.82378387451172,-10.907171249389648,-13.410293579101562,15.728915214538574,-39.62777328491211,-39.966060638427734,-1128.3740234375,-307.7052917480469,-34.8889045715332,-0.17755238711833954,0.4590854346752167,0.4610304534435272,0.7383488416671753,-1.5476887226104736,-0.5449386835098267,-0.8690884709358215,1022.0501098632812,8.600857734680176,1.2652554512023926,0.38999998569488525,0.0,0.0,0.0,0.0,0.0,4.203895392974451e-45
138,0.5,39.66218566894531,-0.6964077949523926,-0.12241967767477036,-0.23965363204479218,0.13588562607765198,-0.5361810922622681,-0.5014382004737854,-0.9992579221725464,1.2894073724746704,2.825514793395996,-55.894744873046875,-10.919075012207031,-13.434110641479492,15.601451873779297,-39.457122802734375,-40.293907165527344,-1133.997314453125,-308.8038635253906,-36.240196228027344,-0.1739203929901123,0.4611828923225403,0.4606553614139557,0.7381399869918823,-1.5177966356277466,-0.6146494746208191,-0.8504656553268433,1022.0587768554688,8.600857734680176,1.2652661800384521,0.38999998569488525,0.0,0.0,0.0,0.0,0.0,4.203895392974451e-45
138,0.5,39.768516540527344,-0.738590657711029,0.030909495428204536,-0.2734813988208771,0.15390411019325256,-0.659205973148346,-0.403751403093338,-0.9985681772232056,1.2962064743041992,2.8118910789489746,-55.97229766845703,-10.926854133605957,-13.459888458251953,15.444817543029785,-39.28908157348633,-40.635398864746094,-1139.9459228515625,-309.96563720703125,-37.670345306396484,-0.17026366293430328,0.46351146697998047,0.4601520001888275,0.737848162651062,-1.4631669521331787,-0.497810035943985,-0.8026424646377563,1022.0443115234375,8.600857734680176,1.26524817943573,0.38999998569488525,0.0,0.0,0.0,0.0,0.0,4.203895392974451e-45
138,0.5,39.869171142578125,-0.665457010269165,-0.02842126414179802,-0.28876498341560364,0.09198873490095139,-0.5848442316055298,-0.4201344847679138,-0.9980601072311401,1.3016502857208252,2.8003294467926025,-56.04149627685547,-10.932121276855469,-13.484280586242676,15.303389549255371,-39.138126373291016,-40.93830490112305,-1145.5841064453125,-311.06597900390625,-39.026588439941406,-0.16711418330669403,0.4655478894710541,0.4595767557621002,0.7376444339752197,-1.522384762763977,-0.4742456078529358,-0.7817211151123047,1022.0413818359375,8.602025985717773,1.2652393579483032,0.38999998569488525,0.0,0.0,0.0,0.0,0.0,4.203895392974451e-45
138,0.5,39.97551727294922,-0.6932336688041687,0.016967471688985825,-0.2277880162000656,0.16433162987232208,-0.5934574007987976,-0.39184609055519104,-0.9979551434516907,1.3072211742401123,2.78865385055542,-56.11559295654297,-10.928009033203125,-13.510210037231445,15.139467239379883,-39.00253677368164,-41.23653793334961,-1151.5484619140625,-312.2283020019531,-40.4621696472168,-0.16407757997512817,0.4677342474460602,0.4589282274246216,0.7373468279838562,-1.5586857795715332,-0.6146494746208191,-0.9081265926361084,1022.0587768554688,8.602025985717773,1.265260934829712,0.38999998569488525,0.0,0.0,0.0,0.0,0.0,4.203895392974451e-45
